time=2026-08-22T17:53:42.180+02:00 level=INFO msg="kage starting" version=0.5.0-1427deb18ebdd58c7ed5ad8ac7f99c9752515325 log_file=/home/jim/.config/kage/debug.log
time=2026-08-22T17:53:42.245+02:00 level=INFO msg="kage starting" version=0.5.0-1427deb18ebdd58c7ed5ad8ac7f99c9752515325 log_file=/home/jim/.config/kage/debug.log
time=2026-08-22T17:53:42.245+02:00 level=INFO msg="kage background service: starting version=0.5.0-1427deb18ebdd58c7ed5ad8ac7f99c9752515325 for 2 account(s)"
time=2026-08-22T17:53:42.472+02:00 level=DEBUG msg="connectAccountLocal starting" jid=jimww@conversations.im
time=2026-08-22T17:53:42.472+02:00 level=DEBUG msg="connectAccountLocal starting" jid=rbdduiktozne@movim.eu
time=2026-08-22T17:53:42.472+02:00 level=DEBUG msg="local roster loaded" jid=jimww@conversations.im contacts=1
time=2026-08-22T17:53:42.472+02:00 level=DEBUG msg="local roster loaded" jid=rbdduiktozne@movim.eu contacts=3
time=2026-08-22T17:53:42.485+02:00 level=DEBUG msg="loadHistoryWindow done" jid=jimww@conversations.im peer=rbdduiktozne@movim.eu elapsed=11.037878ms messages=60 more=true
time=2026-08-22T17:53:42.485+02:00 level=DEBUG msg="connectAccountLocal done" jid=jimww@conversations.im elapsed=13.150616ms chats=1
time=2026-08-22T17:53:42.485+02:00 level=DEBUG msg="connectAccountLive starting" jid=jimww@conversations.im
time=2026-08-22T17:53:42.485+02:00 level=DEBUG msg="resolving password" jid=jimww@conversations.im
time=2026-08-22T17:53:42.486+02:00 level=DEBUG msg="loadHistoryWindow done" jid=rbdduiktozne@movim.eu peer=jimww@conversations.im elapsed=11.763887ms messages=60 more=true
time=2026-08-22T17:53:42.491+02:00 level=DEBUG msg="loadHistoryWindow done" jid=rbdduiktozne@movim.eu peer=juliya@conversations.im elapsed=5.065167ms messages=60 more=true
time=2026-08-22T17:53:42.495+02:00 level=DEBUG msg="loadHistoryWindow done" jid=rbdduiktozne@movim.eu peer=qr30bqqwv50lbb3x3tau@movim.eu elapsed=4.255152ms messages=60 more=true
time=2026-08-22T17:53:42.495+02:00 level=DEBUG msg="connectAccountLocal done" jid=rbdduiktozne@movim.eu elapsed=23.43301ms chats=3
time=2026-08-22T17:53:42.496+02:00 level=DEBUG msg="connectAccountLive starting" jid=rbdduiktozne@movim.eu
time=2026-08-22T17:53:42.496+02:00 level=DEBUG msg="resolving password" jid=rbdduiktozne@movim.eu
time=2026-08-22T17:53:42.497+02:00 level=DEBUG msg="password resolved" jid=jimww@conversations.im elapsed=11.236134ms
time=2026-08-22T17:53:42.497+02:00 level=DEBUG msg=dialing jid=jimww@conversations.im
time=2026-08-22T17:53:42.511+02:00 level=DEBUG msg="password resolved" jid=rbdduiktozne@movim.eu elapsed=14.776136ms
time=2026-08-22T17:53:42.511+02:00 level=DEBUG msg=dialing jid=rbdduiktozne@movim.eu
time=2026-08-22T17:53:42.569+02:00 level=DEBUG msg="local roster loaded" jid=rbdduiktozne@movim.eu contacts=3
time=2026-08-22T17:53:42.574+02:00 level=DEBUG msg="loadHistoryWindow done" jid=rbdduiktozne@movim.eu peer=jimww@conversations.im elapsed=4.621448ms messages=60 more=true
time=2026-08-22T17:53:42.579+02:00 level=DEBUG msg="loadHistoryWindow done" jid=rbdduiktozne@movim.eu peer=juliya@conversations.im elapsed=4.700464ms messages=60 more=true
time=2026-08-22T17:53:42.584+02:00 level=DEBUG msg="loadHistoryWindow done" jid=rbdduiktozne@movim.eu peer=qr30bqqwv50lbb3x3tau@movim.eu elapsed=4.533576ms messages=60 more=true
time=2026-08-22T17:53:42.584+02:00 level=DEBUG msg="local roster loaded" jid=jimww@conversations.im contacts=1
time=2026-08-22T17:53:42.587+02:00 level=DEBUG msg="loadHistoryWindow done" jid=jimww@conversations.im peer=rbdduiktozne@movim.eu elapsed=3.226855ms messages=60 more=true
time=2026-08-22T17:53:42.619+02:00 level=DEBUG msg="focus state updated" accountJID=rbdduiktozne@movim.eu chatAddress=jimww@conversations.im focused=true key="rbdduiktozne@movim.eu\x00jimww@conversations.im"
time=2026-08-22T17:53:42.649+02:00 level=DEBUG msg="focus state updated" accountJID=rbdduiktozne@movim.eu chatAddress=qr30bqqwv50lbb3x3tau@movim.eu focused=true key="rbdduiktozne@movim.eu\x00qr30bqqwv50lbb3x3tau@movim.eu"
time=2026-08-22T17:53:42.836+02:00 level=DEBUG msg="focus state updated" accountJID=rbdduiktozne@movim.eu chatAddress=qr30bqqwv50lbb3x3tau@movim.eu focused=false key="rbdduiktozne@movim.eu\x00qr30bqqwv50lbb3x3tau@movim.eu"
time=2026-08-22T17:53:43.084+02:00 level=DEBUG msg="focus state updated" accountJID=rbdduiktozne@movim.eu chatAddress=qr30bqqwv50lbb3x3tau@movim.eu focused=true key="rbdduiktozne@movim.eu\x00qr30bqqwv50lbb3x3tau@movim.eu"
time=2026-08-22T17:53:44.705+02:00 level=DEBUG msg=dialed jid=rbdduiktozne@movim.eu elapsed=2.194273481s
time=2026-08-22T17:53:44.705+02:00 level=DEBUG msg="publishOwnGPGKey starting" jid=rbdduiktozne@movim.eu
time=2026-08-22T17:53:44.705+02:00 level=DEBUG msg="gpg: running" args="[--batch --export 84E78B81883125DEF4FFBD7735AE71B304C67013]" stdin_bytes=0 timeout=10s
time=2026-08-22T17:53:44.707+02:00 level=DEBUG msg=dialed jid=jimww@conversations.im elapsed=2.210726221s
time=2026-08-22T17:53:44.707+02:00 level=DEBUG msg="publishOwnGPGKey starting" jid=jimww@conversations.im
time=2026-08-22T17:53:44.708+02:00 level=DEBUG msg="gpg: running" args="[--batch --export 84E78B81883125DEF4FFBD7735AE71B304C67013]" stdin_bytes=0 timeout=10s
time=2026-08-22T17:53:44.714+02:00 level=DEBUG msg="gpg: finished" args="[--batch --export 84E78B81883125DEF4FFBD7735AE71B304C67013]" elapsed=8.420062ms err=<nil>
time=2026-08-22T17:53:44.714+02:00 level=WARN msg="exporting own gpg key" err="gpg export: no key found for 84E78B81883125DEF4FFBD7735AE71B304C67013"
time=2026-08-22T17:53:44.714+02:00 level=DEBUG msg="publishOwnGPGKey done" jid=rbdduiktozne@movim.eu elapsed=8.623567ms
time=2026-08-22T17:53:44.714+02:00 level=DEBUG msg="setupOmemo starting" jid=rbdduiktozne@movim.eu
time=2026-08-22T17:53:44.714+02:00 level=DEBUG msg="gpg: finished" args="[--batch --export 84E78B81883125DEF4FFBD7735AE71B304C67013]" elapsed=6.719853ms err=<nil>
time=2026-08-22T17:53:44.714+02:00 level=WARN msg="exporting own gpg key" err="gpg export: no key found for 84E78B81883125DEF4FFBD7735AE71B304C67013"
time=2026-08-22T17:53:44.714+02:00 level=DEBUG msg="publishOwnGPGKey done" jid=jimww@conversations.im elapsed=6.909362ms
time=2026-08-22T17:53:44.714+02:00 level=DEBUG msg="setupOmemo starting" jid=jimww@conversations.im
time=2026-08-22T17:53:45.318+02:00 level=DEBUG msg="makeNodeOpen: reconfigured to open access" node=urn:xmpp:omemo:2:bundles:3970042472
time=2026-08-22T17:53:45.321+02:00 level=DEBUG msg="makeNodeOpen: reconfigured to open access" node=urn:xmpp:omemo:2:bundles:454749576
time=2026-08-22T17:53:45.677+02:00 level=DEBUG msg="FetchOmemoDeviceList: fetched" peer=rbdduiktozne@movim.eu count=2 devices="[3970042472 738931598]"
time=2026-08-22T17:53:45.677+02:00 level=DEBUG msg="FetchOmemoDeviceList: fetched" peer=jimww@conversations.im count=2 devices="[454749576 1087746059]"
time=2026-08-22T17:53:45.677+02:00 level=DEBUG msg="omemo setup: local device ID and current device list" protocol=v2 jid=rbdduiktozne@movim.eu local_device=3970042472 devices="[3970042472 738931598]"
time=2026-08-22T17:53:45.677+02:00 level=DEBUG msg="omemo setup: publishing device list" protocol=v2 jid=rbdduiktozne@movim.eu devices="[3970042472 738931598]"
time=2026-08-22T17:53:45.677+02:00 level=DEBUG msg="omemo setup: local device ID and current device list" protocol=v2 jid=jimww@conversations.im local_device=454749576 devices="[454749576 1087746059]"
time=2026-08-22T17:53:45.677+02:00 level=DEBUG msg="omemo setup: publishing device list" protocol=v2 jid=jimww@conversations.im devices="[454749576 1087746059]"
time=2026-08-22T17:53:45.789+02:00 level=DEBUG msg="makeNodeOpen: reconfigured to open access" node=urn:xmpp:omemo:2:devices
time=2026-08-22T17:53:45.795+02:00 level=DEBUG msg="makeNodeOpen: reconfigured to open access" node=urn:xmpp:omemo:2:devices
time=2026-08-22T17:53:46.036+02:00 level=DEBUG msg="FetchOmemoDeviceList: fetched" peer=rbdduiktozne@movim.eu count=2 devices="[3970042472 738931598]"
time=2026-08-22T17:53:46.038+02:00 level=DEBUG msg="FetchOmemoDeviceList: fetched" peer=jimww@conversations.im count=2 devices="[454749576 1087746059]"
time=2026-08-22T17:53:46.156+02:00 level=DEBUG msg="makeNodeOpen: reconfigured to open access" node=eu.siacs.conversations.axolotl.bundles:1215632555
time=2026-08-22T17:53:46.343+02:00 level=DEBUG msg="makeNodeOpen: reconfigured to open access" node=eu.siacs.conversations.axolotl.bundles:396492910
time=2026-08-22T17:53:46.343+02:00 level=DEBUG msg="FetchOmemoDeviceListV1: fetched" peer=rbdduiktozne@movim.eu count=4 devices="[652529220 1532489010 1215632555 281798428]"
time=2026-08-22T17:53:46.343+02:00 level=DEBUG msg="omemo setup: local device ID and current device list" protocol=v1 jid=rbdduiktozne@movim.eu local_device=1215632555 devices="[652529220 1532489010 1215632555 281798428]"
time=2026-08-22T17:53:46.343+02:00 level=DEBUG msg="omemo setup: publishing device list" protocol=v1 jid=rbdduiktozne@movim.eu devices="[652529220 1532489010 1215632555 281798428]"
time=2026-08-22T17:53:46.701+02:00 level=DEBUG msg="FetchOmemoDeviceListV1: fetched" peer=jimww@conversations.im count=2 devices="[396492910 3519373093]"
time=2026-08-22T17:53:46.701+02:00 level=DEBUG msg="omemo setup: local device ID and current device list" protocol=v1 jid=jimww@conversations.im local_device=396492910 devices="[396492910 3519373093]"
time=2026-08-22T17:53:46.701+02:00 level=DEBUG msg="omemo setup: publishing device list" protocol=v1 jid=jimww@conversations.im devices="[396492910 3519373093]"
time=2026-08-22T17:53:46.957+02:00 level=DEBUG msg="makeNodeOpen: reconfigured to open access" node=eu.siacs.conversations.axolotl.devicelist
time=2026-08-22T17:53:47.315+02:00 level=DEBUG msg="makeNodeOpen: reconfigured to open access" node=eu.siacs.conversations.axolotl.devicelist
time=2026-08-22T17:53:47.315+02:00 level=DEBUG msg="FetchOmemoDeviceListV1: fetched" peer=rbdduiktozne@movim.eu count=4 devices="[652529220 1532489010 1215632555 281798428]"
time=2026-08-22T17:53:47.358+02:00 level=DEBUG msg="setupOmemo done" jid=rbdduiktozne@movim.eu elapsed=2.644696625s
time=2026-08-22T17:53:47.359+02:00 level=DEBUG msg="fetching live roster" jid=rbdduiktozne@movim.eu
time=2026-08-22T17:53:47.364+02:00 level=DEBUG msg="FetchOmemoDeviceListV1: fetched" peer=jimww@conversations.im count=2 devices="[396492910 3519373093]"
time=2026-08-22T17:53:47.384+02:00 level=DEBUG msg="setupOmemo done" jid=jimww@conversations.im elapsed=2.669416902s
time=2026-08-22T17:53:47.384+02:00 level=DEBUG msg="fetching live roster" jid=jimww@conversations.im
time=2026-08-22T17:53:47.388+02:00 level=DEBUG msg="live roster fetched" jid=rbdduiktozne@movim.eu elapsed=29.470549ms contacts=3
time=2026-08-22T17:53:47.571+02:00 level=DEBUG msg="live roster fetched" jid=jimww@conversations.im elapsed=187.217857ms contacts=1
time=2026-08-22T17:53:47.571+02:00 level=DEBUG msg="FetchOmemoDeviceList: fetched" peer=jimww@conversations.im count=2 devices="[454749576 1087746059]"
time=2026-08-22T17:53:47.740+02:00 level=DEBUG msg="FetchOmemoDeviceList: fetched" peer=rbdduiktozne@movim.eu count=2 devices="[3970042472 738931598]"
time=2026-08-22T17:53:47.741+02:00 level=DEBUG msg="FetchOmemoDeviceListV1: fetched" peer=jimww@conversations.im count=2 devices="[396492910 3519373093]"
time=2026-08-22T17:53:47.790+02:00 level=DEBUG msg="resynced omemo-v1 device list on connect" peer=jimww@conversations.im jid=rbdduiktozne@movim.eu
time=2026-08-22T17:53:47.999+02:00 level=DEBUG msg="FetchOmemoDeviceListV1: fetched" peer=rbdduiktozne@movim.eu count=4 devices="[652529220 1532489010 1215632555 281798428]"
time=2026-08-22T17:53:48.042+02:00 level=DEBUG msg="resynced omemo-v1 device list on connect" peer=rbdduiktozne@movim.eu jid=jimww@conversations.im
time=2026-08-22T17:53:48.042+02:00 level=DEBUG msg="connectAccountLive done" jid=jimww@conversations.im elapsed=5.556782572s new_chats=0
time=2026-08-22T17:53:48.043+02:00 level=DEBUG msg="syncArchive starting" jid=jimww@conversations.im
time=2026-08-22T17:53:48.043+02:00 level=DEBUG msg="syncArchive: contacts to check" jid=jimww@conversations.im contacts=2
time=2026-08-22T17:53:48.043+02:00 level=DEBUG msg="received omemo device-list PEP push" protocol=v1 from="" jid=jimww@conversations.im
time=2026-08-22T17:53:48.043+02:00 level=DEBUG msg="received omemo device-list PEP push" protocol=v2 from="" jid=jimww@conversations.im
time=2026-08-22T17:53:48.043+02:00 level=DEBUG msg="received omemo device-list PEP push" protocol=v1 from=rbdduiktozne@movim.eu jid=jimww@conversations.im
time=2026-08-22T17:53:48.043+02:00 level=DEBUG msg="received omemo device-list PEP push" protocol=v2 from=rbdduiktozne@movim.eu jid=jimww@conversations.im
time=2026-08-22T17:53:48.043+02:00 level=DEBUG msg="received omemo device-list PEP push" protocol=v1 from=rbdduiktozne@movim.eu jid=jimww@conversations.im
time=2026-08-22T17:53:48.043+02:00 level=DEBUG msg="received omemo device-list PEP push" protocol=v2 from=rbdduiktozne@movim.eu jid=jimww@conversations.im
time=2026-08-22T17:53:48.043+02:00 level=DEBUG msg="received omemo device-list PEP push" protocol=v2 from="" jid=jimww@conversations.im
time=2026-08-22T17:53:48.043+02:00 level=DEBUG msg="received omemo device-list PEP push" protocol=v2 from=rbdduiktozne@movim.eu jid=jimww@conversations.im
time=2026-08-22T17:53:48.043+02:00 level=DEBUG msg="received omemo device-list PEP push" protocol=v1 from=rbdduiktozne@movim.eu jid=jimww@conversations.im
time=2026-08-22T17:53:48.044+02:00 level=DEBUG msg="received omemo device-list PEP push" protocol=v1 from="" jid=jimww@conversations.im
time=2026-08-22T17:53:48.049+02:00 level=DEBUG msg="FetchOmemoDeviceListV1: fetched" peer=juliya@conversations.im count=1 devices=[80731641]
time=2026-08-22T17:53:48.062+02:00 level=DEBUG msg="resynced omemo-v1 device list on connect" peer=juliya@conversations.im jid=rbdduiktozne@movim.eu
time=2026-08-22T17:53:48.110+02:00 level=DEBUG msg="FetchOmemoDeviceList: fetched" peer=qr30bqqwv50lbb3x3tau@movim.eu count=9 devices="[3546796710 543807001 1136287838 804539282 766575397 1069781368 3439252694 3095662882 1110435295]"
time=2026-08-22T17:53:48.130+02:00 level=DEBUG msg="mam page fetched" jid=jimww@conversations.im peer=rbdduiktozne@movim.eu page=0 elapsed=86.710818ms after=1786145008487877 items=0 complete=false err=<nil>
time=2026-08-22T17:53:48.130+02:00 level=DEBUG msg="syncArchiveForContact done" jid=jimww@conversations.im peer=rbdduiktozne@movim.eu elapsed=86.772081ms
time=2026-08-22T17:53:48.131+02:00 level=DEBUG msg="FetchOmemoDeviceListV1: fetched" peer=rbdduiktozne@movim.eu count=4 devices="[652529220 1532489010 1215632555 281798428]"
time=2026-08-22T17:53:48.131+02:00 level=DEBUG msg="FetchOmemoDeviceList: fetched" peer=rbdduiktozne@movim.eu count=2 devices="[3970042472 738931598]"
time=2026-08-22T17:53:48.131+02:00 level=DEBUG msg="FetchOmemoDeviceListV1: fetched" peer=rbdduiktozne@movim.eu count=4 devices="[652529220 1532489010 1215632555 281798428]"
time=2026-08-22T17:53:48.131+02:00 level=DEBUG msg="FetchOmemoDeviceList: fetched" peer=rbdduiktozne@movim.eu count=2 devices="[3970042472 738931598]"
time=2026-08-22T17:53:48.132+02:00 level=DEBUG msg="FetchOmemoDeviceList: fetched" peer=rbdduiktozne@movim.eu count=2 devices="[3970042472 738931598]"
time=2026-08-22T17:53:48.142+02:00 level=DEBUG msg="FetchOmemoDeviceListV1: fetched" peer=rbdduiktozne@movim.eu count=4 devices="[652529220 1532489010 1215632555 281798428]"
time=2026-08-22T17:53:48.171+02:00 level=DEBUG msg="mam page fetched" jid=jimww@conversations.im peer=jimww@conversations.im page=0 elapsed=41.246013ms after="" items=0 complete=false err=<nil>
time=2026-08-22T17:53:48.171+02:00 level=DEBUG msg="syncArchiveForContact done" jid=jimww@conversations.im peer=jimww@conversations.im elapsed=41.320982ms
time=2026-08-22T17:53:48.171+02:00 level=DEBUG msg="syncArchive done" jid=jimww@conversations.im elapsed=128.448499ms
time=2026-08-22T17:53:48.195+02:00 level=DEBUG msg="resynced omemo device list after PEP push" protocol=v2 from=rbdduiktozne@movim.eu jid=jimww@conversations.im
time=2026-08-22T17:53:48.248+02:00 level=DEBUG msg="resynced omemo device list after PEP push" protocol=v1 from=rbdduiktozne@movim.eu jid=jimww@conversations.im
time=2026-08-22T17:53:48.260+02:00 level=DEBUG msg="resynced omemo device list after PEP push" protocol=v2 from=rbdduiktozne@movim.eu jid=jimww@conversations.im
time=2026-08-22T17:53:48.274+02:00 level=DEBUG msg="resynced omemo device list after PEP push" protocol=v1 from=rbdduiktozne@movim.eu jid=jimww@conversations.im
time=2026-08-22T17:53:48.274+02:00 level=DEBUG msg="resynced omemo device list after PEP push" protocol=v1 from=rbdduiktozne@movim.eu jid=jimww@conversations.im
time=2026-08-22T17:53:48.281+02:00 level=DEBUG msg="resynced omemo device list after PEP push" protocol=v2 from=rbdduiktozne@movim.eu jid=jimww@conversations.im
time=2026-08-22T17:53:48.595+02:00 level=DEBUG msg="FetchOmemoDeviceListV1: fetched" peer=qr30bqqwv50lbb3x3tau@movim.eu count=7 devices="[1041050623 99377310 406890504 465880925 1294895317 1689625064 1425664679]"
time=2026-08-22T17:53:48.659+02:00 level=DEBUG msg="resynced omemo-v1 device list on connect" peer=qr30bqqwv50lbb3x3tau@movim.eu jid=rbdduiktozne@movim.eu
time=2026-08-22T17:53:48.659+02:00 level=DEBUG msg="connectAccountLive done" jid=rbdduiktozne@movim.eu elapsed=6.163049914s new_chats=0
time=2026-08-22T17:53:48.659+02:00 level=DEBUG msg="syncArchive starting" jid=rbdduiktozne@movim.eu
time=2026-08-22T17:53:48.660+02:00 level=DEBUG msg="received omemo device-list PEP push" protocol=v1 from="" jid=rbdduiktozne@movim.eu
time=2026-08-22T17:53:48.660+02:00 level=DEBUG msg="received omemo device-list PEP push" protocol=v2 from="" jid=rbdduiktozne@movim.eu
time=2026-08-22T17:53:48.660+02:00 level=DEBUG msg="received omemo device-list PEP push" protocol=v1 from=qr30bqqwv50lbb3x3tau@movim.eu jid=rbdduiktozne@movim.eu
time=2026-08-22T17:53:48.660+02:00 level=DEBUG msg="received omemo device-list PEP push" protocol=v2 from=qr30bqqwv50lbb3x3tau@movim.eu jid=rbdduiktozne@movim.eu
time=2026-08-22T17:53:48.660+02:00 level=DEBUG msg="received omemo device-list PEP push" protocol=v1 from=qr30bqqwv50lbb3x3tau@movim.eu jid=rbdduiktozne@movim.eu
time=2026-08-22T17:53:48.660+02:00 level=DEBUG msg="syncArchive: contacts to check" jid=rbdduiktozne@movim.eu contacts=4
time=2026-08-22T17:53:48.660+02:00 level=DEBUG msg="received omemo device-list PEP push" protocol=v2 from=qr30bqqwv50lbb3x3tau@movim.eu jid=rbdduiktozne@movim.eu
time=2026-08-22T17:53:48.660+02:00 level=DEBUG msg="received omemo device-list PEP push" protocol=v1 from=juliya@conversations.im jid=rbdduiktozne@movim.eu
time=2026-08-22T17:53:48.660+02:00 level=DEBUG msg="received omemo device-list PEP push" protocol=v1 from=jimww@conversations.im jid=rbdduiktozne@movim.eu
time=2026-08-22T17:53:48.660+02:00 level=DEBUG msg="received omemo device-list PEP push" protocol=v2 from=jimww@conversations.im jid=rbdduiktozne@movim.eu
time=2026-08-22T17:53:48.660+02:00 level=DEBUG msg="received omemo device-list PEP push" protocol=v2 from="" jid=rbdduiktozne@movim.eu
time=2026-08-22T17:53:48.660+02:00 level=DEBUG msg="received omemo device-list PEP push" protocol=v2 from=jimww@conversations.im jid=rbdduiktozne@movim.eu
time=2026-08-22T17:53:48.660+02:00 level=DEBUG msg="received omemo device-list PEP push" protocol=v1 from="" jid=rbdduiktozne@movim.eu
time=2026-08-22T17:53:48.660+02:00 level=DEBUG msg="received omemo device-list PEP push" protocol=v1 from=jimww@conversations.im jid=rbdduiktozne@movim.eu
time=2026-08-22T17:53:48.906+02:00 level=DEBUG msg="FetchOmemoDeviceListV1: fetched" peer=qr30bqqwv50lbb3x3tau@movim.eu count=7 devices="[1041050623 99377310 406890504 465880925 1294895317 1689625064 1425664679]"
time=2026-08-22T17:53:48.907+02:00 level=DEBUG msg="FetchOmemoDeviceList: fetched" peer=qr30bqqwv50lbb3x3tau@movim.eu count=9 devices="[3546796710 543807001 1136287838 804539282 766575397 1069781368 3439252694 3095662882 1110435295]"
time=2026-08-22T17:53:48.907+02:00 level=DEBUG msg="FetchOmemoDeviceListV1: fetched" peer=qr30bqqwv50lbb3x3tau@movim.eu count=7 devices="[1041050623 99377310 406890504 465880925 1294895317 1689625064 1425664679]"
time=2026-08-22T17:53:48.908+02:00 level=DEBUG msg="received omemo device-list PEP push" protocol=v1 from=qr30bqqwv50lbb3x3tau@movim.eu jid=rbdduiktozne@movim.eu
time=2026-08-22T17:53:48.908+02:00 level=DEBUG msg="received omemo device-list PEP push" protocol=v2 from=qr30bqqwv50lbb3x3tau@movim.eu jid=rbdduiktozne@movim.eu
time=2026-08-22T17:53:48.908+02:00 level=DEBUG msg="received omemo device-list PEP push" protocol=v1 from=qr30bqqwv50lbb3x3tau@movim.eu jid=rbdduiktozne@movim.eu
time=2026-08-22T17:53:48.908+02:00 level=DEBUG msg="received omemo device-list PEP push" protocol=v2 from=qr30bqqwv50lbb3x3tau@movim.eu jid=rbdduiktozne@movim.eu
time=2026-08-22T17:53:49.024+02:00 level=DEBUG msg="resynced omemo device list after PEP push" protocol=v1 from=qr30bqqwv50lbb3x3tau@movim.eu jid=rbdduiktozne@movim.eu
time=2026-08-22T17:53:49.024+02:00 level=DEBUG msg="resynced omemo device list after PEP push" protocol=v1 from=qr30bqqwv50lbb3x3tau@movim.eu jid=rbdduiktozne@movim.eu
time=2026-08-22T17:53:49.052+02:00 level=DEBUG msg="resynced omemo device list after PEP push" protocol=v2 from=qr30bqqwv50lbb3x3tau@movim.eu jid=rbdduiktozne@movim.eu
time=2026-08-22T17:53:49.520+02:00 level=DEBUG msg="mam page fetched" jid=rbdduiktozne@movim.eu peer=qr30bqqwv50lbb3x3tau@movim.eu page=0 elapsed=859.789503ms after=1780827424944565 items=0 complete=false err=<nil>
time=2026-08-22T17:53:49.520+02:00 level=DEBUG msg="syncArchiveForContact done" jid=rbdduiktozne@movim.eu peer=qr30bqqwv50lbb3x3tau@movim.eu elapsed=859.903945ms
time=2026-08-22T17:53:49.520+02:00 level=DEBUG msg="FetchOmemoDeviceList: fetched" peer=qr30bqqwv50lbb3x3tau@movim.eu count=9 devices="[3546796710 543807001 1136287838 804539282 766575397 1069781368 3439252694 3095662882 1110435295]"
time=2026-08-22T17:53:49.521+02:00 level=DEBUG msg="FetchOmemoDeviceListV1: fetched" peer=qr30bqqwv50lbb3x3tau@movim.eu count=7 devices="[1041050623 99377310 406890504 465880925 1294895317 1689625064 1425664679]"
time=2026-08-22T17:53:49.521+02:00 level=DEBUG msg="FetchOmemoDeviceListV1: fetched" peer=qr30bqqwv50lbb3x3tau@movim.eu count=7 devices="[1041050623 99377310 406890504 465880925 1294895317 1689625064 1425664679]"
time=2026-08-22T17:53:49.521+02:00 level=DEBUG msg="FetchOmemoDeviceList: fetched" peer=qr30bqqwv50lbb3x3tau@movim.eu count=9 devices="[3546796710 543807001 1136287838 804539282 766575397 1069781368 3439252694 3095662882 1110435295]"
time=2026-08-22T17:53:49.522+02:00 level=DEBUG msg="FetchOmemoDeviceList: fetched" peer=qr30bqqwv50lbb3x3tau@movim.eu count=9 devices="[3546796710 543807001 1136287838 804539282 766575397 1069781368 3439252694 3095662882 1110435295]"
time=2026-08-22T17:53:49.522+02:00 level=DEBUG msg="FetchOmemoDeviceListV1: fetched" peer=juliya@conversations.im count=1 devices=[80731641]
time=2026-08-22T17:53:49.522+02:00 level=DEBUG msg="FetchOmemoDeviceListV1: fetched" peer=jimww@conversations.im count=2 devices="[396492910 3519373093]"
time=2026-08-22T17:53:49.522+02:00 level=DEBUG msg="FetchOmemoDeviceList: fetched" peer=jimww@conversations.im count=2 devices="[454749576 1087746059]"
time=2026-08-22T17:53:49.523+02:00 level=DEBUG msg="FetchOmemoDeviceList: fetched" peer=jimww@conversations.im count=2 devices="[454749576 1087746059]"
time=2026-08-22T17:53:49.523+02:00 level=DEBUG msg="FetchOmemoDeviceListV1: fetched" peer=jimww@conversations.im count=2 devices="[396492910 3519373093]"
time=2026-08-22T17:53:49.561+02:00 level=DEBUG msg="resynced omemo device list after PEP push" protocol=v1 from=juliya@conversations.im jid=rbdduiktozne@movim.eu
time=2026-08-22T17:53:49.672+02:00 level=DEBUG msg="resynced omemo device list after PEP push" protocol=v2 from=jimww@conversations.im jid=rbdduiktozne@movim.eu
time=2026-08-22T17:53:49.679+02:00 level=DEBUG msg="resynced omemo device list after PEP push" protocol=v2 from=jimww@conversations.im jid=rbdduiktozne@movim.eu
time=2026-08-22T17:53:49.692+02:00 level=DEBUG msg="resynced omemo device list after PEP push" protocol=v1 from=jimww@conversations.im jid=rbdduiktozne@movim.eu
time=2026-08-22T17:53:49.707+02:00 level=DEBUG msg="resynced omemo device list after PEP push" protocol=v1 from=jimww@conversations.im jid=rbdduiktozne@movim.eu
time=2026-08-22T17:53:49.727+02:00 level=DEBUG msg="resynced omemo device list after PEP push" protocol=v1 from=qr30bqqwv50lbb3x3tau@movim.eu jid=rbdduiktozne@movim.eu
time=2026-08-22T17:53:49.741+02:00 level=DEBUG msg="resynced omemo device list after PEP push" protocol=v2 from=qr30bqqwv50lbb3x3tau@movim.eu jid=rbdduiktozne@movim.eu
time=2026-08-22T17:53:49.741+02:00 level=DEBUG msg="resynced omemo device list after PEP push" protocol=v2 from=qr30bqqwv50lbb3x3tau@movim.eu jid=rbdduiktozne@movim.eu
time=2026-08-22T17:53:49.741+02:00 level=DEBUG msg="resynced omemo device list after PEP push" protocol=v1 from=qr30bqqwv50lbb3x3tau@movim.eu jid=rbdduiktozne@movim.eu
time=2026-08-22T17:53:49.742+02:00 level=DEBUG msg="resynced omemo device list after PEP push" protocol=v2 from=qr30bqqwv50lbb3x3tau@movim.eu jid=rbdduiktozne@movim.eu
time=2026-08-22T17:53:49.792+02:00 level=DEBUG msg="mam page fetched" jid=rbdduiktozne@movim.eu peer=rbdduiktozne@movim.eu page=0 elapsed=272.06524ms after="" items=0 complete=false err=<nil>
time=2026-08-22T17:53:49.792+02:00 level=DEBUG msg="syncArchiveForContact done" jid=rbdduiktozne@movim.eu peer=rbdduiktozne@movim.eu elapsed=272.139938ms
time=2026-08-22T17:53:49.838+02:00 level=DEBUG msg="mam page fetched" jid=rbdduiktozne@movim.eu peer=jimww@conversations.im page=0 elapsed=46.291533ms after=1786145008477310 items=0 complete=false err=<nil>
time=2026-08-22T17:53:49.838+02:00 level=DEBUG msg="syncArchiveForContact done" jid=rbdduiktozne@movim.eu peer=jimww@conversations.im elapsed=46.367794ms
time=2026-08-22T17:53:49.894+02:00 level=DEBUG msg="mam page fetched" jid=rbdduiktozne@movim.eu peer=juliya@conversations.im page=0 elapsed=55.659246ms after=1781027641892659 items=0 complete=false err=<nil>
time=2026-08-22T17:53:49.894+02:00 level=DEBUG msg="syncArchiveForContact done" jid=rbdduiktozne@movim.eu peer=juliya@conversations.im elapsed=55.745465ms
time=2026-08-22T17:53:49.894+02:00 level=DEBUG msg="syncArchive done" jid=rbdduiktozne@movim.eu elapsed=1.234735398s
time=2026-08-22T17:54:15.074+02:00 level=DEBUG msg="received omemo message" from=rbdduiktozne@movim.eu/Conversations.CeNDRNIbSS jid=jimww@conversations.im
time=2026-08-22T17:54:15.075+02:00 level=DEBUG msg="received omemo message" from=rbdduiktozne@movim.eu/Conversations.CeNDRNIbSS jid=rbdduiktozne@movim.eu
time=2026-08-22T17:54:15.083+02:00 level=DEBUG msg="omemo message decrypted successfully" from=rbdduiktozne@movim.eu/Conversations.CeNDRNIbSS
time=2026-08-22T17:54:15.090+02:00 level=DEBUG msg="omemo message decrypted successfully" from=rbdduiktozne@movim.eu/Conversations.CeNDRNIbSS
time=2026-08-22T17:54:15.099+02:00 level=DEBUG msg="notify decision" incomingKey="jimww@conversations.im\x00rbdduiktozne@movim.eu" tuiFocused=true tuiActiveChat="rbdduiktozne@movim.eu\x00qr30bqqwv50lbb3x3tau@movim.eu" chatIsFocused=false notifyEnabled=true decryptFailed=false outgoing=false
time=2026-08-22T17:54:15.107+02:00 level=DEBUG msg="notify decision" incomingKey="rbdduiktozne@movim.eu\x00jimww@conversations.im" tuiFocused=true tuiActiveChat="rbdduiktozne@movim.eu\x00qr30bqqwv50lbb3x3tau@movim.eu" chatIsFocused=false notifyEnabled=true decryptFailed=false outgoing=true
time=2026-08-22T17:54:18.384+02:00 level=DEBUG msg="focus state updated" accountJID="" chatAddress="" focused=true key=""
time=2026-08-22T17:54:18.950+02:00 level=DEBUG msg="focus state updated" accountJID=rbdduiktozne@movim.eu chatAddress=jimww@conversations.im focused=true key="rbdduiktozne@movim.eu\x00jimww@conversations.im"
time=2026-08-22T17:54:19.509+02:00 level=DEBUG msg="focus state updated" accountJID="" chatAddress="" focused=true key=""
time=2026-08-22T17:54:19.568+02:00 level=DEBUG msg="focus state updated" accountJID=rbdduiktozne@movim.eu chatAddress=jimww@conversations.im focused=true key="rbdduiktozne@movim.eu\x00jimww@conversations.im"
time=2026-08-22T17:54:21.438+02:00 level=DEBUG msg="send: using omemo encryption" protocol=v1 jid=rbdduiktozne@movim.eu to=jimww@conversations.im
time=2026-08-22T17:54:21.486+02:00 level=DEBUG msg="send: omemo encrypt succeeded" protocol=v1 jid=rbdduiktozne@movim.eu to=jimww@conversations.im keys=5
time=2026-08-22T17:54:21.673+02:00 level=DEBUG msg="received omemo message" from=rbdduiktozne@movim.eu/1760240492710192740820393507 jid=jimww@conversations.im
time=2026-08-22T17:54:21.689+02:00 level=DEBUG msg="omemo message decrypted successfully" from=rbdduiktozne@movim.eu/1760240492710192740820393507
time=2026-08-22T17:54:21.697+02:00 level=DEBUG msg="notify decision" incomingKey="jimww@conversations.im\x00rbdduiktozne@movim.eu" tuiFocused=true tuiActiveChat="rbdduiktozne@movim.eu\x00jimww@conversations.im" chatIsFocused=false notifyEnabled=true decryptFailed=false outgoing=false
time=2026-08-22T17:54:29.398+02:00 level=DEBUG msg="focus state updated" accountJID="" chatAddress="" focused=true key=""
time=2026-08-22T17:54:31.159+02:00 level=DEBUG msg="focus state updated" accountJID="" chatAddress="" focused=false key=""
time=2026-08-22T17:54:58.583+02:00 level=DEBUG msg="focus state updated" accountJID=rbdduiktozne@movim.eu chatAddress=jimww@conversations.im focused=false key="rbdduiktozne@movim.eu\x00jimww@conversations.im"
time=2026-08-22T17:54:58.666+02:00 level=DEBUG msg="focus state updated" accountJID="" chatAddress="" focused=false key=""
time=2026-08-22T17:54:59.306+02:00 level=DEBUG msg="focus state updated" accountJID="" chatAddress="" focused=true key=""
time=2026-08-22T17:55:03.638+02:00 level=DEBUG msg="focus state updated" accountJID=rbdduiktozne@movim.eu chatAddress=jimww@conversations.im focused=true key="rbdduiktozne@movim.eu\x00jimww@conversations.im"
time=2026-08-22T17:55:03.932+02:00 level=DEBUG msg="focus state updated" accountJID="" chatAddress="" focused=true key=""
time=2026-08-22T17:55:06.021+02:00 level=DEBUG msg="focus state updated" accountJID=jimww@conversations.im chatAddress=rbdduiktozne@movim.eu focused=true key="jimww@conversations.im\x00rbdduiktozne@movim.eu"
time=2026-08-22T17:55:07.131+02:00 level=DEBUG msg="focus state updated" accountJID="" chatAddress="" focused=true key=""
time=2026-08-22T17:55:07.473+02:00 level=DEBUG msg="focus state updated" accountJID=jimww@conversations.im chatAddress=rbdduiktozne@movim.eu focused=true key="jimww@conversations.im\x00rbdduiktozne@movim.eu"
time=2026-08-22T17:55:10.187+02:00 level=DEBUG msg="send: using omemo encryption" protocol=v1 jid=jimww@conversations.im to=rbdduiktozne@movim.eu
time=2026-08-22T17:55:10.232+02:00 level=DEBUG msg="send: omemo encrypt succeeded" protocol=v1 jid=jimww@conversations.im to=rbdduiktozne@movim.eu keys=5
time=2026-08-22T17:55:10.278+02:00 level=DEBUG msg="received omemo message" from=jimww@conversations.im/394833792302551310593050725 jid=rbdduiktozne@movim.eu
time=2026-08-22T17:55:10.286+02:00 level=DEBUG msg="omemo message decrypted successfully" from=jimww@conversations.im/394833792302551310593050725
time=2026-08-22T17:55:10.295+02:00 level=DEBUG msg="notify decision" incomingKey="rbdduiktozne@movim.eu\x00jimww@conversations.im" tuiFocused=true tuiActiveChat="jimww@conversations.im\x00rbdduiktozne@movim.eu" chatIsFocused=false notifyEnabled=true decryptFailed=false outgoing=false
time=2026-08-22T17:55:10.838+02:00 level=DEBUG msg="received omemo message" from=qr30bqqwv50lbb3x3tau@movim.eu/1762758527179809852120392387 jid=rbdduiktozne@movim.eu
time=2026-08-22T17:55:10.847+02:00 level=DEBUG msg="omemo message decrypted successfully" from=qr30bqqwv50lbb3x3tau@movim.eu/1762758527179809852120392387
time=2026-08-22T17:55:10.856+02:00 level=DEBUG msg="notify decision" incomingKey="rbdduiktozne@movim.eu\x00qr30bqqwv50lbb3x3tau@movim.eu" tuiFocused=true tuiActiveChat="jimww@conversations.im\x00rbdduiktozne@movim.eu" chatIsFocused=false notifyEnabled=true decryptFailed=false outgoing=false
time=2026-08-22T17:55:13.024+02:00 level=DEBUG msg="received omemo message" from=qr30bqqwv50lbb3x3tau@movim.eu/1762758527179809852120392387 jid=rbdduiktozne@movim.eu
time=2026-08-22T17:55:13.032+02:00 level=DEBUG msg="omemo message decrypted successfully" from=qr30bqqwv50lbb3x3tau@movim.eu/1762758527179809852120392387
time=2026-08-22T17:55:13.040+02:00 level=DEBUG msg="notify decision" incomingKey="rbdduiktozne@movim.eu\x00qr30bqqwv50lbb3x3tau@movim.eu" tuiFocused=true tuiActiveChat="jimww@conversations.im\x00rbdduiktozne@movim.eu" chatIsFocused=false notifyEnabled=true decryptFailed=false outgoing=false
time=2026-08-22T17:55:14.996+02:00 level=DEBUG msg="focus state updated" accountJID=jimww@conversations.im chatAddress=rbdduiktozne@movim.eu focused=false key="jimww@conversations.im\x00rbdduiktozne@movim.eu"
time=2026-08-22T17:55:17.591+02:00 level=DEBUG msg="focus state updated" accountJID=jimww@conversations.im chatAddress=rbdduiktozne@movim.eu focused=true key="jimww@conversations.im\x00rbdduiktozne@movim.eu"
time=2026-08-22T17:55:18.125+02:00 level=DEBUG msg="focus state updated" accountJID="" chatAddress="" focused=true key=""
time=2026-08-22T17:55:20.786+02:00 level=DEBUG msg="focus state updated" accountJID=rbdduiktozne@movim.eu chatAddress=jimww@conversations.im focused=true key="rbdduiktozne@movim.eu\x00jimww@conversations.im"
time=2026-08-22T17:55:21.487+02:00 level=DEBUG msg="focus state updated" accountJID="" chatAddress="" focused=true key=""
time=2026-08-22T17:55:22.036+02:00 level=DEBUG msg="focus state updated" accountJID=rbdduiktozne@movim.eu chatAddress=qr30bqqwv50lbb3x3tau@movim.eu focused=true key="rbdduiktozne@movim.eu\x00qr30bqqwv50lbb3x3tau@movim.eu"
time=2026-08-22T17:55:22.510+02:00 level=DEBUG msg="focus state updated" accountJID="" chatAddress="" focused=true key=""
time=2026-08-22T17:55:22.611+02:00 level=DEBUG msg="focus state updated" accountJID=rbdduiktozne@movim.eu chatAddress=qr30bqqwv50lbb3x3tau@movim.eu focused=true key="rbdduiktozne@movim.eu\x00qr30bqqwv50lbb3x3tau@movim.eu"
time=2026-08-22T17:55:24.821+02:00 level=DEBUG msg="focus state updated" accountJID=rbdduiktozne@movim.eu chatAddress=qr30bqqwv50lbb3x3tau@movim.eu focused=false key="rbdduiktozne@movim.eu\x00qr30bqqwv50lbb3x3tau@movim.eu"
time=2026-08-22T17:55:25.959+02:00 level=DEBUG msg="focus state updated" accountJID=rbdduiktozne@movim.eu chatAddress=qr30bqqwv50lbb3x3tau@movim.eu focused=true key="rbdduiktozne@movim.eu\x00qr30bqqwv50lbb3x3tau@movim.eu"
time=2026-08-22T17:55:26.844+02:00 level=DEBUG msg="focus state updated" accountJID=rbdduiktozne@movim.eu chatAddress=qr30bqqwv50lbb3x3tau@movim.eu focused=false key="rbdduiktozne@movim.eu\x00qr30bqqwv50lbb3x3tau@movim.eu"
time=2026-08-22T17:55:31.319+02:00 level=DEBUG msg="focus state updated" accountJID=rbdduiktozne@movim.eu chatAddress=qr30bqqwv50lbb3x3tau@movim.eu focused=true key="rbdduiktozne@movim.eu\x00qr30bqqwv50lbb3x3tau@movim.eu"
time=2026-08-22T17:55:33.552+02:00 level=DEBUG msg="send: using omemo encryption" protocol=v1 jid=rbdduiktozne@movim.eu to=qr30bqqwv50lbb3x3tau@movim.eu
time=2026-08-22T17:55:33.630+02:00 level=DEBUG msg="send: omemo encrypt succeeded" protocol=v1 jid=rbdduiktozne@movim.eu to=qr30bqqwv50lbb3x3tau@movim.eu keys=10
time=2026-08-22T17:55:35.447+02:00 level=DEBUG msg="focus state updated" accountJID=rbdduiktozne@movim.eu chatAddress=qr30bqqwv50lbb3x3tau@movim.eu focused=false key="rbdduiktozne@movim.eu\x00qr30bqqwv50lbb3x3tau@movim.eu"
time=2026-08-22T17:55:40.530+02:00 level=DEBUG msg="focus state updated" accountJID=rbdduiktozne@movim.eu chatAddress=qr30bqqwv50lbb3x3tau@movim.eu focused=true key="rbdduiktozne@movim.eu\x00qr30bqqwv50lbb3x3tau@movim.eu"
time=2026-08-22T17:55:42.481+02:00 level=DEBUG msg="focus state updated" accountJID=rbdduiktozne@movim.eu chatAddress=qr30bqqwv50lbb3x3tau@movim.eu focused=false key="rbdduiktozne@movim.eu\x00qr30bqqwv50lbb3x3tau@movim.eu"
time=2026-08-22T17:57:49.391+02:00 level=INFO msg="kage background service: SIGTERM received, shutting down"
time=2026-08-22T17:57:49.392+02:00 level=DEBUG msg="background: socket accept loop ended" err="accept unix /home/jim/.config/kage/kage.sock: use of closed network connection"
time=2026-08-22T17:57:49.418+02:00 level=INFO msg="kage background service: exiting"
time=2026-08-22T17:58:00.048+02:00 level=INFO msg="kage starting" version=0.5.0-1427deb18ebdd58c7ed5ad8ac7f99c9752515325 log_file=/home/jim/.config/kage/debug.log
time=2026-08-22T17:58:00.124+02:00 level=INFO msg="kage starting" version=0.5.0-1427deb18ebdd58c7ed5ad8ac7f99c9752515325 log_file=/home/jim/.config/kage/debug.log
time=2026-08-22T17:58:00.125+02:00 level=INFO msg="kage background service: starting version=0.5.0-1427deb18ebdd58c7ed5ad8ac7f99c9752515325 for 2 account(s)"
time=2026-08-22T17:58:00.284+02:00 level=DEBUG msg="connectAccountLocal starting" jid=jimww@conversations.im
time=2026-08-22T17:58:00.284+02:00 level=DEBUG msg="connectAccountLocal starting" jid=rbdduiktozne@movim.eu
time=2026-08-22T17:58:00.284+02:00 level=DEBUG msg="local roster loaded" jid=jimww@conversations.im contacts=1
time=2026-08-22T17:58:00.284+02:00 level=DEBUG msg="local roster loaded" jid=rbdduiktozne@movim.eu contacts=3
time=2026-08-22T17:58:00.295+02:00 level=DEBUG msg="loadHistoryWindow done" jid=jimww@conversations.im peer=rbdduiktozne@movim.eu elapsed=9.616409ms messages=60 more=true
time=2026-08-22T17:58:00.295+02:00 level=DEBUG msg="connectAccountLocal done" jid=jimww@conversations.im elapsed=11.362776ms chats=1
time=2026-08-22T17:58:00.295+02:00 level=DEBUG msg="connectAccountLive starting" jid=jimww@conversations.im
time=2026-08-22T17:58:00.295+02:00 level=DEBUG msg="resolving password" jid=jimww@conversations.im
time=2026-08-22T17:58:00.296+02:00 level=DEBUG msg="loadHistoryWindow done" jid=rbdduiktozne@movim.eu peer=jimww@conversations.im elapsed=10.196074ms messages=60 more=true
time=2026-08-22T17:58:00.300+02:00 level=DEBUG msg="loadHistoryWindow done" jid=rbdduiktozne@movim.eu peer=juliya@conversations.im elapsed=4.063479ms messages=60 more=true
time=2026-08-22T17:58:00.303+02:00 level=DEBUG msg="loadHistoryWindow done" jid=rbdduiktozne@movim.eu peer=qr30bqqwv50lbb3x3tau@movim.eu elapsed=3.546253ms messages=60 more=true
time=2026-08-22T17:58:00.304+02:00 level=DEBUG msg="connectAccountLocal done" jid=rbdduiktozne@movim.eu elapsed=19.813075ms chats=3
time=2026-08-22T17:58:00.304+02:00 level=DEBUG msg="connectAccountLive starting" jid=rbdduiktozne@movim.eu
time=2026-08-22T17:58:00.304+02:00 level=DEBUG msg="resolving password" jid=rbdduiktozne@movim.eu
time=2026-08-22T17:58:00.308+02:00 level=DEBUG msg="password resolved" jid=jimww@conversations.im elapsed=12.10663ms
time=2026-08-22T17:58:00.308+02:00 level=DEBUG msg=dialing jid=jimww@conversations.im
time=2026-08-22T17:58:00.319+02:00 level=DEBUG msg="password resolved" jid=rbdduiktozne@movim.eu elapsed=14.751802ms
time=2026-08-22T17:58:00.319+02:00 level=DEBUG msg=dialing jid=rbdduiktozne@movim.eu
time=2026-08-22T17:58:00.428+02:00 level=DEBUG msg="local roster loaded" jid=rbdduiktozne@movim.eu contacts=3
time=2026-08-22T17:58:00.433+02:00 level=DEBUG msg="loadHistoryWindow done" jid=rbdduiktozne@movim.eu peer=jimww@conversations.im elapsed=4.059191ms messages=60 more=true
time=2026-08-22T17:58:00.437+02:00 level=DEBUG msg="loadHistoryWindow done" jid=rbdduiktozne@movim.eu peer=juliya@conversations.im elapsed=4.286861ms messages=60 more=true
time=2026-08-22T17:58:00.442+02:00 level=DEBUG msg="loadHistoryWindow done" jid=rbdduiktozne@movim.eu peer=qr30bqqwv50lbb3x3tau@movim.eu elapsed=4.282482ms messages=60 more=true
time=2026-08-22T17:58:00.442+02:00 level=DEBUG msg="local roster loaded" jid=jimww@conversations.im contacts=1
time=2026-08-22T17:58:00.445+02:00 level=DEBUG msg="loadHistoryWindow done" jid=jimww@conversations.im peer=rbdduiktozne@movim.eu elapsed=3.273739ms messages=60 more=true
time=2026-08-22T17:58:00.468+02:00 level=DEBUG msg="focus state updated" accountJID=rbdduiktozne@movim.eu chatAddress=jimww@conversations.im focused=true key="rbdduiktozne@movim.eu\x00jimww@conversations.im"
time=2026-08-22T17:58:00.482+02:00 level=DEBUG msg="focus state updated" accountJID=rbdduiktozne@movim.eu chatAddress=qr30bqqwv50lbb3x3tau@movim.eu focused=true key="rbdduiktozne@movim.eu\x00qr30bqqwv50lbb3x3tau@movim.eu"
time=2026-08-22T17:58:01.642+02:00 level=DEBUG msg="focus state updated" accountJID=rbdduiktozne@movim.eu chatAddress=qr30bqqwv50lbb3x3tau@movim.eu focused=false key="rbdduiktozne@movim.eu\x00qr30bqqwv50lbb3x3tau@movim.eu"
time=2026-08-22T17:58:01.891+02:00 level=DEBUG msg=dialed jid=jimww@conversations.im elapsed=1.582976094s
time=2026-08-22T17:58:01.891+02:00 level=DEBUG msg="publishOwnGPGKey starting" jid=jimww@conversations.im
time=2026-08-22T17:58:01.891+02:00 level=DEBUG msg="gpg: running" args="[--batch --export 84E78B81883125DEF4FFBD7735AE71B304C67013]" stdin_bytes=0 timeout=10s
time=2026-08-22T17:58:01.898+02:00 level=DEBUG msg="gpg: finished" args="[--batch --export 84E78B81883125DEF4FFBD7735AE71B304C67013]" elapsed=7.281984ms err=<nil>
time=2026-08-22T17:58:01.898+02:00 level=WARN msg="exporting own gpg key" err="gpg export: no key found for 84E78B81883125DEF4FFBD7735AE71B304C67013"
time=2026-08-22T17:58:01.898+02:00 level=DEBUG msg="publishOwnGPGKey done" jid=jimww@conversations.im elapsed=7.460432ms
time=2026-08-22T17:58:01.898+02:00 level=DEBUG msg="setupOmemo starting" jid=jimww@conversations.im
time=2026-08-22T17:58:01.916+02:00 level=DEBUG msg=dialed jid=rbdduiktozne@movim.eu elapsed=1.596647219s
time=2026-08-22T17:58:01.916+02:00 level=DEBUG msg="publishOwnGPGKey starting" jid=rbdduiktozne@movim.eu
time=2026-08-22T17:58:01.916+02:00 level=DEBUG msg="gpg: running" args="[--batch --export 84E78B81883125DEF4FFBD7735AE71B304C67013]" stdin_bytes=0 timeout=10s
time=2026-08-22T17:58:01.925+02:00 level=DEBUG msg="gpg: finished" args="[--batch --export 84E78B81883125DEF4FFBD7735AE71B304C67013]" elapsed=8.820758ms err=<nil>
time=2026-08-22T17:58:01.925+02:00 level=WARN msg="exporting own gpg key" err="gpg export: no key found for 84E78B81883125DEF4FFBD7735AE71B304C67013"
time=2026-08-22T17:58:01.925+02:00 level=DEBUG msg="publishOwnGPGKey done" jid=rbdduiktozne@movim.eu elapsed=9.005918ms
time=2026-08-22T17:58:01.925+02:00 level=DEBUG msg="setupOmemo starting" jid=rbdduiktozne@movim.eu
time=2026-08-22T17:58:02.100+02:00 level=DEBUG msg="makeNodeOpen: reconfigured to open access" node=urn:xmpp:omemo:2:bundles:454749576
time=2026-08-22T17:58:02.208+02:00 level=DEBUG msg="makeNodeOpen: reconfigured to open access" node=urn:xmpp:omemo:2:bundles:3970042472
time=2026-08-22T17:58:02.208+02:00 level=DEBUG msg="FetchOmemoDeviceList: fetched" peer=jimww@conversations.im count=2 devices="[454749576 1087746059]"
time=2026-08-22T17:58:02.208+02:00 level=DEBUG msg="omemo setup: local device ID and current device list" protocol=v2 jid=jimww@conversations.im local_device=454749576 devices="[454749576 1087746059]"
time=2026-08-22T17:58:02.208+02:00 level=DEBUG msg="omemo setup: publishing device list" protocol=v2 jid=jimww@conversations.im devices="[454749576 1087746059]"
time=2026-08-22T17:58:02.238+02:00 level=DEBUG msg="FetchOmemoDeviceList: fetched" peer=rbdduiktozne@movim.eu count=2 devices="[3970042472 738931598]"
time=2026-08-22T17:58:02.238+02:00 level=DEBUG msg="omemo setup: local device ID and current device list" protocol=v2 jid=rbdduiktozne@movim.eu local_device=3970042472 devices="[3970042472 738931598]"
time=2026-08-22T17:58:02.238+02:00 level=DEBUG msg="omemo setup: publishing device list" protocol=v2 jid=rbdduiktozne@movim.eu devices="[3970042472 738931598]"
time=2026-08-22T17:58:02.358+02:00 level=DEBUG msg="makeNodeOpen: reconfigured to open access" node=urn:xmpp:omemo:2:devices
time=2026-08-22T17:58:02.393+02:00 level=DEBUG msg="makeNodeOpen: reconfigured to open access" node=urn:xmpp:omemo:2:devices
time=2026-08-22T17:58:02.397+02:00 level=DEBUG msg="FetchOmemoDeviceList: fetched" peer=jimww@conversations.im count=2 devices="[454749576 1087746059]"
time=2026-08-22T17:58:02.511+02:00 level=DEBUG msg="FetchOmemoDeviceList: fetched" peer=rbdduiktozne@movim.eu count=2 devices="[3970042472 738931598]"
time=2026-08-22T17:58:02.616+02:00 level=DEBUG msg="focus state updated" accountJID=rbdduiktozne@movim.eu chatAddress=qr30bqqwv50lbb3x3tau@movim.eu focused=true key="rbdduiktozne@movim.eu\x00qr30bqqwv50lbb3x3tau@movim.eu"
time=2026-08-22T17:58:02.692+02:00 level=DEBUG msg="makeNodeOpen: reconfigured to open access" node=eu.siacs.conversations.axolotl.bundles:1215632555
time=2026-08-22T17:58:02.695+02:00 level=DEBUG msg="makeNodeOpen: reconfigured to open access" node=eu.siacs.conversations.axolotl.bundles:396492910
time=2026-08-22T17:58:02.810+02:00 level=DEBUG msg="FetchOmemoDeviceListV1: fetched" peer=jimww@conversations.im count=2 devices="[396492910 3519373093]"
time=2026-08-22T17:58:02.810+02:00 level=DEBUG msg="FetchOmemoDeviceListV1: fetched" peer=rbdduiktozne@movim.eu count=4 devices="[652529220 1532489010 1215632555 281798428]"
time=2026-08-22T17:58:02.810+02:00 level=DEBUG msg="omemo setup: local device ID and current device list" protocol=v1 jid=jimww@conversations.im local_device=396492910 devices="[396492910 3519373093]"
time=2026-08-22T17:58:02.810+02:00 level=DEBUG msg="omemo setup: publishing device list" protocol=v1 jid=jimww@conversations.im devices="[396492910 3519373093]"
time=2026-08-22T17:58:02.810+02:00 level=DEBUG msg="omemo setup: local device ID and current device list" protocol=v1 jid=rbdduiktozne@movim.eu local_device=1215632555 devices="[652529220 1532489010 1215632555 281798428]"
time=2026-08-22T17:58:02.810+02:00 level=DEBUG msg="omemo setup: publishing device list" protocol=v1 jid=rbdduiktozne@movim.eu devices="[652529220 1532489010 1215632555 281798428]"
time=2026-08-22T17:58:02.957+02:00 level=DEBUG msg="makeNodeOpen: reconfigured to open access" node=eu.siacs.conversations.axolotl.devicelist
time=2026-08-22T17:58:02.957+02:00 level=DEBUG msg="makeNodeOpen: reconfigured to open access" node=eu.siacs.conversations.axolotl.devicelist
time=2026-08-22T17:58:02.989+02:00 level=DEBUG msg="FetchOmemoDeviceListV1: fetched" peer=rbdduiktozne@movim.eu count=4 devices="[652529220 1532489010 1215632555 281798428]"
time=2026-08-22T17:58:02.993+02:00 level=DEBUG msg="FetchOmemoDeviceListV1: fetched" peer=jimww@conversations.im count=2 devices="[396492910 3519373093]"
time=2026-08-22T17:58:03.038+02:00 level=DEBUG msg="setupOmemo done" jid=jimww@conversations.im elapsed=1.139644108s
time=2026-08-22T17:58:03.038+02:00 level=DEBUG msg="fetching live roster" jid=jimww@conversations.im
time=2026-08-22T17:58:03.051+02:00 level=DEBUG msg="setupOmemo done" jid=rbdduiktozne@movim.eu elapsed=1.125802185s
time=2026-08-22T17:58:03.051+02:00 level=DEBUG msg="fetching live roster" jid=rbdduiktozne@movim.eu
time=2026-08-22T17:58:03.137+02:00 level=DEBUG msg="live roster fetched" jid=rbdduiktozne@movim.eu elapsed=85.750194ms contacts=3
time=2026-08-22T17:58:03.143+02:00 level=DEBUG msg="live roster fetched" jid=jimww@conversations.im elapsed=105.071555ms contacts=1
time=2026-08-22T17:58:03.260+02:00 level=DEBUG msg="FetchOmemoDeviceList: fetched" peer=rbdduiktozne@movim.eu count=2 devices="[3970042472 738931598]"
time=2026-08-22T17:58:03.260+02:00 level=DEBUG msg="FetchOmemoDeviceList: fetched" peer=qr30bqqwv50lbb3x3tau@movim.eu count=9 devices="[3546796710 543807001 1136287838 804539282 766575397 1069781368 3439252694 3095662882 1110435295]"
time=2026-08-22T17:58:03.437+02:00 level=DEBUG msg="FetchOmemoDeviceListV1: fetched" peer=qr30bqqwv50lbb3x3tau@movim.eu count=7 devices="[1041050623 99377310 406890504 465880925 1294895317 1689625064 1425664679]"
time=2026-08-22T17:58:03.490+02:00 level=DEBUG msg="resynced omemo-v1 device list on connect" peer=qr30bqqwv50lbb3x3tau@movim.eu jid=rbdduiktozne@movim.eu
time=2026-08-22T17:58:03.556+02:00 level=DEBUG msg="FetchOmemoDeviceListV1: fetched" peer=rbdduiktozne@movim.eu count=4 devices="[652529220 1532489010 1215632555 281798428]"
time=2026-08-22T17:58:03.590+02:00 level=DEBUG msg="resynced omemo-v1 device list on connect" peer=rbdduiktozne@movim.eu jid=jimww@conversations.im
time=2026-08-22T17:58:03.590+02:00 level=DEBUG msg="connectAccountLive done" jid=jimww@conversations.im elapsed=3.294453133s new_chats=0
time=2026-08-22T17:58:03.591+02:00 level=DEBUG msg="syncArchive starting" jid=jimww@conversations.im
time=2026-08-22T17:58:03.591+02:00 level=DEBUG msg="syncArchive: contacts to check" jid=jimww@conversations.im contacts=1
time=2026-08-22T17:58:03.591+02:00 level=DEBUG msg="received omemo message" from=rbdduiktozne@movim.eu/Conversations.CeNDRNIbSS jid=jimww@conversations.im
time=2026-08-22T17:58:03.598+02:00 level=DEBUG msg="omemo message decrypted successfully" from=rbdduiktozne@movim.eu/Conversations.CeNDRNIbSS
time=2026-08-22T17:58:03.606+02:00 level=DEBUG msg="notify decision" incomingKey="jimww@conversations.im\x00rbdduiktozne@movim.eu" tuiFocused=true tuiActiveChat="rbdduiktozne@movim.eu\x00qr30bqqwv50lbb3x3tau@movim.eu" chatIsFocused=false notifyEnabled=true decryptFailed=false outgoing=false
time=2026-08-22T17:58:03.627+02:00 level=DEBUG msg="received omemo message" from=rbdduiktozne@movim.eu/Conversations.CeNDRNIbSS jid=jimww@conversations.im
time=2026-08-22T17:58:03.634+02:00 level=DEBUG msg="omemo message decrypted successfully" from=rbdduiktozne@movim.eu/Conversations.CeNDRNIbSS
time=2026-08-22T17:58:03.645+02:00 level=DEBUG msg="notify decision" incomingKey="jimww@conversations.im\x00rbdduiktozne@movim.eu" tuiFocused=true tuiActiveChat="rbdduiktozne@movim.eu\x00qr30bqqwv50lbb3x3tau@movim.eu" chatIsFocused=false notifyEnabled=true decryptFailed=false outgoing=false
time=2026-08-22T17:58:03.663+02:00 level=DEBUG msg="received omemo message" from=rbdduiktozne@movim.eu/Conversations.CeNDRNIbSS jid=jimww@conversations.im
time=2026-08-22T17:58:03.670+02:00 level=DEBUG msg="omemo message decrypted successfully" from=rbdduiktozne@movim.eu/Conversations.CeNDRNIbSS
time=2026-08-22T17:58:03.678+02:00 level=DEBUG msg="notify decision" incomingKey="jimww@conversations.im\x00rbdduiktozne@movim.eu" tuiFocused=true tuiActiveChat="rbdduiktozne@movim.eu\x00qr30bqqwv50lbb3x3tau@movim.eu" chatIsFocused=false notifyEnabled=true decryptFailed=false outgoing=false
time=2026-08-22T17:58:03.698+02:00 level=DEBUG msg="received omemo device-list PEP push" protocol=v1 from="" jid=jimww@conversations.im
time=2026-08-22T17:58:03.699+02:00 level=DEBUG msg="received omemo device-list PEP push" protocol=v2 from="" jid=jimww@conversations.im
time=2026-08-22T17:58:03.699+02:00 level=DEBUG msg="received omemo device-list PEP push" protocol=v1 from=rbdduiktozne@movim.eu jid=jimww@conversations.im
time=2026-08-22T17:58:03.699+02:00 level=DEBUG msg="received omemo device-list PEP push" protocol=v2 from=rbdduiktozne@movim.eu jid=jimww@conversations.im
time=2026-08-22T17:58:03.699+02:00 level=DEBUG msg="received omemo device-list PEP push" protocol=v1 from=rbdduiktozne@movim.eu jid=jimww@conversations.im
time=2026-08-22T17:58:03.699+02:00 level=DEBUG msg="received omemo device-list PEP push" protocol=v2 from=rbdduiktozne@movim.eu jid=jimww@conversations.im
time=2026-08-22T17:58:03.699+02:00 level=DEBUG msg="received omemo device-list PEP push" protocol=v2 from="" jid=jimww@conversations.im
time=2026-08-22T17:58:03.699+02:00 level=DEBUG msg="received omemo device-list PEP push" protocol=v2 from=rbdduiktozne@movim.eu jid=jimww@conversations.im
time=2026-08-22T17:58:03.699+02:00 level=DEBUG msg="received omemo device-list PEP push" protocol=v1 from="" jid=jimww@conversations.im
time=2026-08-22T17:58:03.699+02:00 level=DEBUG msg="received omemo device-list PEP push" protocol=v1 from=rbdduiktozne@movim.eu jid=jimww@conversations.im
time=2026-08-22T17:58:03.738+02:00 level=DEBUG msg="FetchOmemoDeviceList: fetched" peer=jimww@conversations.im count=2 devices="[454749576 1087746059]"
time=2026-08-22T17:58:03.776+02:00 level=DEBUG msg="mam page fetched" jid=jimww@conversations.im peer=rbdduiktozne@movim.eu page=0 elapsed=185.447365ms after=1786145008487877 items=0 complete=false err=<nil>
time=2026-08-22T17:58:03.776+02:00 level=DEBUG msg="syncArchiveForContact done" jid=jimww@conversations.im peer=rbdduiktozne@movim.eu elapsed=185.540431ms
time=2026-08-22T17:58:03.777+02:00 level=DEBUG msg="syncArchive done" jid=jimww@conversations.im elapsed=185.962137ms
time=2026-08-22T17:58:03.874+02:00 level=DEBUG msg="FetchOmemoDeviceListV1: fetched" peer=rbdduiktozne@movim.eu count=4 devices="[652529220 1532489010 1215632555 281798428]"
time=2026-08-22T17:58:03.874+02:00 level=DEBUG msg="FetchOmemoDeviceListV1: fetched" peer=jimww@conversations.im count=2 devices="[396492910 3519373093]"
time=2026-08-22T17:58:03.874+02:00 level=DEBUG msg="FetchOmemoDeviceListV1: fetched" peer=rbdduiktozne@movim.eu count=4 devices="[652529220 1532489010 1215632555 281798428]"
time=2026-08-22T17:58:03.874+02:00 level=DEBUG msg="FetchOmemoDeviceList: fetched" peer=rbdduiktozne@movim.eu count=2 devices="[3970042472 738931598]"
time=2026-08-22T17:58:03.875+02:00 level=DEBUG msg="FetchOmemoDeviceListV1: fetched" peer=rbdduiktozne@movim.eu count=4 devices="[652529220 1532489010 1215632555 281798428]"
time=2026-08-22T17:58:03.875+02:00 level=DEBUG msg="FetchOmemoDeviceList: fetched" peer=rbdduiktozne@movim.eu count=2 devices="[3970042472 738931598]"
time=2026-08-22T17:58:03.875+02:00 level=DEBUG msg="FetchOmemoDeviceList: fetched" peer=rbdduiktozne@movim.eu count=2 devices="[3970042472 738931598]"
time=2026-08-22T17:58:03.947+02:00 level=DEBUG msg="resynced omemo device list after PEP push" protocol=v2 from=rbdduiktozne@movim.eu jid=jimww@conversations.im
time=2026-08-22T17:58:03.953+02:00 level=DEBUG msg="resynced omemo device list after PEP push" protocol=v1 from=rbdduiktozne@movim.eu jid=jimww@conversations.im
time=2026-08-22T17:58:03.967+02:00 level=DEBUG msg="resynced omemo-v1 device list on connect" peer=jimww@conversations.im jid=rbdduiktozne@movim.eu
time=2026-08-22T17:58:03.994+02:00 level=DEBUG msg="resynced omemo device list after PEP push" protocol=v2 from=rbdduiktozne@movim.eu jid=jimww@conversations.im
time=2026-08-22T17:58:03.994+02:00 level=DEBUG msg="resynced omemo device list after PEP push" protocol=v2 from=rbdduiktozne@movim.eu jid=jimww@conversations.im
time=2026-08-22T17:58:03.994+02:00 level=DEBUG msg="resynced omemo device list after PEP push" protocol=v1 from=rbdduiktozne@movim.eu jid=jimww@conversations.im
time=2026-08-22T17:58:03.995+02:00 level=DEBUG msg="resynced omemo device list after PEP push" protocol=v1 from=rbdduiktozne@movim.eu jid=jimww@conversations.im
time=2026-08-22T17:58:04.067+02:00 level=DEBUG msg="FetchOmemoDeviceListV1: fetched" peer=juliya@conversations.im count=1 devices=[80731641]
time=2026-08-22T17:58:04.080+02:00 level=DEBUG msg="resynced omemo-v1 device list on connect" peer=juliya@conversations.im jid=rbdduiktozne@movim.eu
time=2026-08-22T17:58:04.080+02:00 level=DEBUG msg="connectAccountLive done" jid=rbdduiktozne@movim.eu elapsed=3.776092267s new_chats=0
time=2026-08-22T17:58:04.081+02:00 level=DEBUG msg="syncArchive starting" jid=rbdduiktozne@movim.eu
time=2026-08-22T17:58:04.081+02:00 level=DEBUG msg="syncArchive: contacts to check" jid=rbdduiktozne@movim.eu contacts=4
time=2026-08-22T17:58:04.081+02:00 level=DEBUG msg="received omemo device-list PEP push" protocol=v1 from=qr30bqqwv50lbb3x3tau@movim.eu jid=rbdduiktozne@movim.eu
time=2026-08-22T17:58:04.081+02:00 level=DEBUG msg="received omemo device-list PEP push" protocol=v2 from=qr30bqqwv50lbb3x3tau@movim.eu jid=rbdduiktozne@movim.eu
time=2026-08-22T17:58:04.081+02:00 level=DEBUG msg="received omemo device-list PEP push" protocol=v1 from=qr30bqqwv50lbb3x3tau@movim.eu jid=rbdduiktozne@movim.eu
time=2026-08-22T17:58:04.081+02:00 level=DEBUG msg="received omemo device-list PEP push" protocol=v2 from=qr30bqqwv50lbb3x3tau@movim.eu jid=rbdduiktozne@movim.eu
time=2026-08-22T17:58:04.081+02:00 level=DEBUG msg="received omemo device-list PEP push" protocol=v1 from="" jid=rbdduiktozne@movim.eu
time=2026-08-22T17:58:04.081+02:00 level=DEBUG msg="received omemo device-list PEP push" protocol=v2 from="" jid=rbdduiktozne@movim.eu
time=2026-08-22T17:58:04.082+02:00 level=DEBUG msg="received omemo device-list PEP push" protocol=v1 from=juliya@conversations.im jid=rbdduiktozne@movim.eu
time=2026-08-22T17:58:04.082+02:00 level=DEBUG msg="received omemo device-list PEP push" protocol=v1 from=jimww@conversations.im jid=rbdduiktozne@movim.eu
time=2026-08-22T17:58:04.082+02:00 level=DEBUG msg="received omemo device-list PEP push" protocol=v2 from=jimww@conversations.im jid=rbdduiktozne@movim.eu
time=2026-08-22T17:58:04.082+02:00 level=DEBUG msg="received omemo device-list PEP push" protocol=v2 from=jimww@conversations.im jid=rbdduiktozne@movim.eu
time=2026-08-22T17:58:04.082+02:00 level=DEBUG msg="received omemo device-list PEP push" protocol=v2 from="" jid=rbdduiktozne@movim.eu
time=2026-08-22T17:58:04.082+02:00 level=DEBUG msg="received omemo device-list PEP push" protocol=v1 from="" jid=rbdduiktozne@movim.eu
time=2026-08-22T17:58:04.082+02:00 level=DEBUG msg="received omemo device-list PEP push" protocol=v1 from=jimww@conversations.im jid=rbdduiktozne@movim.eu
time=2026-08-22T17:58:04.327+02:00 level=DEBUG msg="received omemo device-list PEP push" protocol=v1 from=qr30bqqwv50lbb3x3tau@movim.eu jid=rbdduiktozne@movim.eu
time=2026-08-22T17:58:04.327+02:00 level=DEBUG msg="received omemo device-list PEP push" protocol=v2 from=qr30bqqwv50lbb3x3tau@movim.eu jid=rbdduiktozne@movim.eu
time=2026-08-22T17:58:04.327+02:00 level=DEBUG msg="received omemo device-list PEP push" protocol=v1 from=qr30bqqwv50lbb3x3tau@movim.eu jid=rbdduiktozne@movim.eu
time=2026-08-22T17:58:04.328+02:00 level=DEBUG msg="received omemo device-list PEP push" protocol=v2 from=qr30bqqwv50lbb3x3tau@movim.eu jid=rbdduiktozne@movim.eu
time=2026-08-22T17:58:04.379+02:00 level=DEBUG msg="mam page fetched" jid=rbdduiktozne@movim.eu peer=qr30bqqwv50lbb3x3tau@movim.eu page=0 elapsed=297.585388ms after=1780827424944565 items=0 complete=false err=<nil>
time=2026-08-22T17:58:04.379+02:00 level=DEBUG msg="syncArchiveForContact done" jid=rbdduiktozne@movim.eu peer=qr30bqqwv50lbb3x3tau@movim.eu elapsed=297.68255ms
time=2026-08-22T17:58:04.381+02:00 level=DEBUG msg="FetchOmemoDeviceList: fetched" peer=qr30bqqwv50lbb3x3tau@movim.eu count=9 devices="[3546796710 543807001 1136287838 804539282 766575397 1069781368 3439252694 3095662882 1110435295]"
time=2026-08-22T17:58:04.381+02:00 level=DEBUG msg="FetchOmemoDeviceListV1: fetched" peer=qr30bqqwv50lbb3x3tau@movim.eu count=7 devices="[1041050623 99377310 406890504 465880925 1294895317 1689625064 1425664679]"
time=2026-08-22T17:58:04.381+02:00 level=DEBUG msg="FetchOmemoDeviceListV1: fetched" peer=qr30bqqwv50lbb3x3tau@movim.eu count=7 devices="[1041050623 99377310 406890504 465880925 1294895317 1689625064 1425664679]"
time=2026-08-22T17:58:04.382+02:00 level=DEBUG msg="FetchOmemoDeviceList: fetched" peer=qr30bqqwv50lbb3x3tau@movim.eu count=9 devices="[3546796710 543807001 1136287838 804539282 766575397 1069781368 3439252694 3095662882 1110435295]"
time=2026-08-22T17:58:04.383+02:00 level=DEBUG msg="FetchOmemoDeviceListV1: fetched" peer=juliya@conversations.im count=1 devices=[80731641]
time=2026-08-22T17:58:04.383+02:00 level=DEBUG msg="FetchOmemoDeviceListV1: fetched" peer=jimww@conversations.im count=2 devices="[396492910 3519373093]"
time=2026-08-22T17:58:04.383+02:00 level=DEBUG msg="FetchOmemoDeviceList: fetched" peer=jimww@conversations.im count=2 devices="[454749576 1087746059]"
time=2026-08-22T17:58:04.383+02:00 level=DEBUG msg="FetchOmemoDeviceList: fetched" peer=jimww@conversations.im count=2 devices="[454749576 1087746059]"
time=2026-08-22T17:58:04.383+02:00 level=DEBUG msg="FetchOmemoDeviceListV1: fetched" peer=jimww@conversations.im count=2 devices="[396492910 3519373093]"
time=2026-08-22T17:58:04.383+02:00 level=DEBUG msg="FetchOmemoDeviceListV1: fetched" peer=qr30bqqwv50lbb3x3tau@movim.eu count=7 devices="[1041050623 99377310 406890504 465880925 1294895317 1689625064 1425664679]"
time=2026-08-22T17:58:04.384+02:00 level=DEBUG msg="FetchOmemoDeviceList: fetched" peer=qr30bqqwv50lbb3x3tau@movim.eu count=9 devices="[3546796710 543807001 1136287838 804539282 766575397 1069781368 3439252694 3095662882 1110435295]"
time=2026-08-22T17:58:04.384+02:00 level=DEBUG msg="FetchOmemoDeviceListV1: fetched" peer=qr30bqqwv50lbb3x3tau@movim.eu count=7 devices="[1041050623 99377310 406890504 465880925 1294895317 1689625064 1425664679]"
time=2026-08-22T17:58:04.384+02:00 level=DEBUG msg="FetchOmemoDeviceList: fetched" peer=qr30bqqwv50lbb3x3tau@movim.eu count=9 devices="[3546796710 543807001 1136287838 804539282 766575397 1069781368 3439252694 3095662882 1110435295]"
time=2026-08-22T17:58:04.419+02:00 level=DEBUG msg="mam page fetched" jid=rbdduiktozne@movim.eu peer=jimww@conversations.im page=0 elapsed=40.261252ms after=1786145008477310 items=0 complete=false err=<nil>
time=2026-08-22T17:58:04.419+02:00 level=DEBUG msg="syncArchiveForContact done" jid=rbdduiktozne@movim.eu peer=jimww@conversations.im elapsed=40.331865ms
time=2026-08-22T17:58:04.422+02:00 level=DEBUG msg="resynced omemo device list after PEP push" protocol=v1 from=juliya@conversations.im jid=rbdduiktozne@movim.eu
time=2026-08-22T17:58:04.467+02:00 level=DEBUG msg="mam page fetched" jid=rbdduiktozne@movim.eu peer=juliya@conversations.im page=0 elapsed=47.327852ms after=1781027641892659 items=0 complete=false err=<nil>
time=2026-08-22T17:58:04.467+02:00 level=DEBUG msg="syncArchiveForContact done" jid=rbdduiktozne@movim.eu peer=juliya@conversations.im elapsed=47.397894ms
time=2026-08-22T17:58:04.493+02:00 level=DEBUG msg="mam page fetched" jid=rbdduiktozne@movim.eu peer=rbdduiktozne@movim.eu page=0 elapsed=26.082346ms after="" items=0 complete=false err=<nil>
time=2026-08-22T17:58:04.493+02:00 level=DEBUG msg="syncArchiveForContact done" jid=rbdduiktozne@movim.eu peer=rbdduiktozne@movim.eu elapsed=26.153029ms
time=2026-08-22T17:58:04.493+02:00 level=DEBUG msg="syncArchive done" jid=rbdduiktozne@movim.eu elapsed=411.963761ms
time=2026-08-22T17:58:04.502+02:00 level=DEBUG msg="resynced omemo device list after PEP push" protocol=v2 from=jimww@conversations.im jid=rbdduiktozne@movim.eu
time=2026-08-22T17:58:04.540+02:00 level=DEBUG msg="resynced omemo device list after PEP push" protocol=v1 from=jimww@conversations.im jid=rbdduiktozne@movim.eu
time=2026-08-22T17:58:04.600+02:00 level=DEBUG msg="resynced omemo device list after PEP push" protocol=v2 from=qr30bqqwv50lbb3x3tau@movim.eu jid=rbdduiktozne@movim.eu
time=2026-08-22T17:58:04.621+02:00 level=DEBUG msg="resynced omemo device list after PEP push" protocol=v1 from=jimww@conversations.im jid=rbdduiktozne@movim.eu
time=2026-08-22T17:58:04.627+02:00 level=DEBUG msg="resynced omemo device list after PEP push" protocol=v2 from=jimww@conversations.im jid=rbdduiktozne@movim.eu
time=2026-08-22T17:58:04.634+02:00 level=DEBUG msg="resynced omemo device list after PEP push" protocol=v1 from=qr30bqqwv50lbb3x3tau@movim.eu jid=rbdduiktozne@movim.eu
time=2026-08-22T17:58:04.635+02:00 level=DEBUG msg="resynced omemo device list after PEP push" protocol=v1 from=qr30bqqwv50lbb3x3tau@movim.eu jid=rbdduiktozne@movim.eu
time=2026-08-22T17:58:04.635+02:00 level=DEBUG msg="resynced omemo device list after PEP push" protocol=v2 from=qr30bqqwv50lbb3x3tau@movim.eu jid=rbdduiktozne@movim.eu
time=2026-08-22T17:58:04.636+02:00 level=DEBUG msg="resynced omemo device list after PEP push" protocol=v1 from=qr30bqqwv50lbb3x3tau@movim.eu jid=rbdduiktozne@movim.eu
time=2026-08-22T17:58:04.636+02:00 level=DEBUG msg="resynced omemo device list after PEP push" protocol=v1 from=qr30bqqwv50lbb3x3tau@movim.eu jid=rbdduiktozne@movim.eu
time=2026-08-22T17:58:04.636+02:00 level=DEBUG msg="resynced omemo device list after PEP push" protocol=v2 from=qr30bqqwv50lbb3x3tau@movim.eu jid=rbdduiktozne@movim.eu
time=2026-08-22T17:58:04.636+02:00 level=DEBUG msg="resynced omemo device list after PEP push" protocol=v2 from=qr30bqqwv50lbb3x3tau@movim.eu jid=rbdduiktozne@movim.eu
time=2026-08-22T17:58:05.485+02:00 level=DEBUG msg="focus state updated" accountJID="" chatAddress="" focused=true key=""
time=2026-08-22T17:58:08.644+02:00 level=DEBUG msg="focus state updated" accountJID=rbdduiktozne@movim.eu chatAddress=jimww@conversations.im focused=true key="rbdduiktozne@movim.eu\x00jimww@conversations.im"
time=2026-08-22T17:58:10.272+02:00 level=DEBUG msg="focus state updated" accountJID=rbdduiktozne@movim.eu chatAddress=jimww@conversations.im focused=false key="rbdduiktozne@movim.eu\x00jimww@conversations.im"
time=2026-08-22T17:58:10.845+02:00 level=DEBUG msg="focus state updated" accountJID=rbdduiktozne@movim.eu chatAddress=jimww@conversations.im focused=true key="rbdduiktozne@movim.eu\x00jimww@conversations.im"
time=2026-08-22T17:58:16.285+02:00 level=DEBUG msg="focus state updated" accountJID=rbdduiktozne@movim.eu chatAddress=jimww@conversations.im focused=false key="rbdduiktozne@movim.eu\x00jimww@conversations.im"
time=2026-08-22T17:58:18.616+02:00 level=DEBUG msg="focus state updated" accountJID=rbdduiktozne@movim.eu chatAddress=jimww@conversations.im focused=true key="rbdduiktozne@movim.eu\x00jimww@conversations.im"
time=2026-08-22T17:58:20.026+02:00 level=DEBUG msg="focus state updated" accountJID=rbdduiktozne@movim.eu chatAddress=jimww@conversations.im focused=false key="rbdduiktozne@movim.eu\x00jimww@conversations.im"
time=2026-08-22T17:58:20.817+02:00 level=DEBUG msg="focus state updated" accountJID=rbdduiktozne@movim.eu chatAddress=jimww@conversations.im focused=true key="rbdduiktozne@movim.eu\x00jimww@conversations.im"
time=2026-08-22T17:58:21.171+02:00 level=DEBUG msg="focus state updated" accountJID=rbdduiktozne@movim.eu chatAddress=jimww@conversations.im focused=false key="rbdduiktozne@movim.eu\x00jimww@conversations.im"
time=2026-08-22T17:58:21.746+02:00 level=DEBUG msg="focus state updated" accountJID=rbdduiktozne@movim.eu chatAddress=jimww@conversations.im focused=true key="rbdduiktozne@movim.eu\x00jimww@conversations.im"
time=2026-08-22T17:58:22.582+02:00 level=DEBUG msg="focus state updated" accountJID=rbdduiktozne@movim.eu chatAddress=jimww@conversations.im focused=false key="rbdduiktozne@movim.eu\x00jimww@conversations.im"
time=2026-08-22T17:59:48.140+02:00 level=DEBUG msg="focus state updated" accountJID=rbdduiktozne@movim.eu chatAddress=jimww@conversations.im focused=true key="rbdduiktozne@movim.eu\x00jimww@conversations.im"
time=2026-08-22T17:59:49.223+02:00 level=DEBUG msg="focus state updated" accountJID="" chatAddress="" focused=true key=""
time=2026-08-22T17:59:49.555+02:00 level=DEBUG msg="focus state updated" accountJID=rbdduiktozne@movim.eu chatAddress=juliya@conversations.im focused=true key="rbdduiktozne@movim.eu\x00juliya@conversations.im"
time=2026-08-22T17:59:50.011+02:00 level=DEBUG msg="focus state updated" accountJID="" chatAddress="" focused=true key=""
time=2026-08-22T17:59:50.334+02:00 level=DEBUG msg="focus state updated" accountJID=rbdduiktozne@movim.eu chatAddress=jimww@conversations.im focused=true key="rbdduiktozne@movim.eu\x00jimww@conversations.im"
time=2026-08-22T17:59:51.653+02:00 level=DEBUG msg="focus state updated" accountJID="" chatAddress="" focused=true key=""
time=2026-08-22T17:59:51.771+02:00 level=DEBUG msg="focus state updated" accountJID=rbdduiktozne@movim.eu chatAddress=jimww@conversations.im focused=true key="rbdduiktozne@movim.eu\x00jimww@conversations.im"
time=2026-08-22T18:00:01.734+02:00 level=INFO msg="kage starting" version=0.5.0-1427deb18ebdd58c7ed5ad8ac7f99c9752515325 log_file=/home/jim/.config/kage/debug.log
time=2026-08-22T18:00:01.734+02:00 level=DEBUG msg="focus state updated" accountJID=rbdduiktozne@movim.eu chatAddress=jimww@conversations.im focused=false key="rbdduiktozne@movim.eu\x00jimww@conversations.im"
time=2026-08-22T18:00:01.735+02:00 level=DEBUG msg="local roster loaded" jid=rbdduiktozne@movim.eu contacts=3
time=2026-08-22T18:00:01.741+02:00 level=DEBUG msg="loadHistoryWindow done" jid=rbdduiktozne@movim.eu peer=jimww@conversations.im elapsed=5.039116ms messages=60 more=true
time=2026-08-22T18:00:01.751+02:00 level=DEBUG msg="loadHistoryWindow done" jid=rbdduiktozne@movim.eu peer=juliya@conversations.im elapsed=9.775188ms messages=60 more=true
time=2026-08-22T18:00:01.756+02:00 level=DEBUG msg="loadHistoryWindow done" jid=rbdduiktozne@movim.eu peer=qr30bqqwv50lbb3x3tau@movim.eu elapsed=5.025371ms messages=60 more=true
time=2026-08-22T18:00:01.756+02:00 level=DEBUG msg="local roster loaded" jid=jimww@conversations.im contacts=1
time=2026-08-22T18:00:01.760+02:00 level=DEBUG msg="loadHistoryWindow done" jid=jimww@conversations.im peer=rbdduiktozne@movim.eu elapsed=3.493605ms messages=60 more=true
time=2026-08-22T18:00:01.824+02:00 level=DEBUG msg="focus state updated" accountJID=rbdduiktozne@movim.eu chatAddress=jimww@conversations.im focused=true key="rbdduiktozne@movim.eu\x00jimww@conversations.im"
time=2026-08-22T18:00:04.698+02:00 level=DEBUG msg="focus state updated" accountJID=rbdduiktozne@movim.eu chatAddress=jimww@conversations.im focused=true key="rbdduiktozne@movim.eu\x00jimww@conversations.im"
time=2026-08-22T18:00:05.911+02:00 level=INFO msg="kage starting" version=0.5.0-1427deb18ebdd58c7ed5ad8ac7f99c9752515325 log_file=/home/jim/.config/kage/debug.log
time=2026-08-22T18:00:05.912+02:00 level=DEBUG msg="local roster loaded" jid=rbdduiktozne@movim.eu contacts=3
time=2026-08-22T18:00:05.924+02:00 level=DEBUG msg="loadHistoryWindow done" jid=rbdduiktozne@movim.eu peer=jimww@conversations.im elapsed=12.03657ms messages=60 more=true
time=2026-08-22T18:00:05.931+02:00 level=DEBUG msg="loadHistoryWindow done" jid=rbdduiktozne@movim.eu peer=juliya@conversations.im elapsed=6.164332ms messages=60 more=true
time=2026-08-22T18:00:05.937+02:00 level=DEBUG msg="loadHistoryWindow done" jid=rbdduiktozne@movim.eu peer=qr30bqqwv50lbb3x3tau@movim.eu elapsed=6.080713ms messages=60 more=true
time=2026-08-22T18:00:05.937+02:00 level=DEBUG msg="local roster loaded" jid=jimww@conversations.im contacts=1
time=2026-08-22T18:00:05.944+02:00 level=DEBUG msg="loadHistoryWindow done" jid=jimww@conversations.im peer=rbdduiktozne@movim.eu elapsed=5.89495ms messages=60 more=true
time=2026-08-22T18:00:05.980+02:00 level=DEBUG msg="focus state updated" accountJID=rbdduiktozne@movim.eu chatAddress=jimww@conversations.im focused=true key="rbdduiktozne@movim.eu\x00jimww@conversations.im"
time=2026-08-22T18:00:10.806+02:00 level=DEBUG msg="focus state updated" accountJID=rbdduiktozne@movim.eu chatAddress=jimww@conversations.im focused=false key="rbdduiktozne@movim.eu\x00jimww@conversations.im"
time=2026-08-22T18:01:39.523+02:00 level=DEBUG msg="focus state updated" accountJID=rbdduiktozne@movim.eu chatAddress=jimww@conversations.im focused=true key="rbdduiktozne@movim.eu\x00jimww@conversations.im"
time=2026-08-22T18:01:40.061+02:00 level=DEBUG msg="focus state updated" accountJID=rbdduiktozne@movim.eu chatAddress=jimww@conversations.im focused=false key="rbdduiktozne@movim.eu\x00jimww@conversations.im"
time=2026-08-22T18:03:06.625+02:00 level=DEBUG msg="focus state updated" accountJID=rbdduiktozne@movim.eu chatAddress=jimww@conversations.im focused=true key="rbdduiktozne@movim.eu\x00jimww@conversations.im"
time=2026-08-22T18:03:08.748+02:00 level=DEBUG msg="focus state updated" accountJID="" chatAddress="" focused=true key=""
time=2026-08-22T18:03:14.873+02:00 level=DEBUG msg="focus state updated" accountJID="" chatAddress="" focused=false key=""
time=2026-08-22T18:03:15.813+02:00 level=DEBUG msg="focus state updated" accountJID="" chatAddress="" focused=true key=""
time=2026-08-22T18:03:16.197+02:00 level=DEBUG msg="focus state updated" accountJID="" chatAddress="" focused=false key=""
time=2026-08-22T18:05:06.838+02:00 level=DEBUG msg="focus state updated" accountJID="" chatAddress="" focused=true key=""
time=2026-08-22T18:05:08.581+02:00 level=DEBUG msg="focus state updated" accountJID=rbdduiktozne@movim.eu chatAddress=jimww@conversations.im focused=true key="rbdduiktozne@movim.eu\x00jimww@conversations.im"
time=2026-08-22T18:05:10.464+02:00 level=DEBUG msg="focus state updated" accountJID=rbdduiktozne@movim.eu chatAddress=jimww@conversations.im focused=false key="rbdduiktozne@movim.eu\x00jimww@conversations.im"
time=2026-08-22T18:06:27.807+02:00 level=DEBUG msg="focus state updated" accountJID=rbdduiktozne@movim.eu chatAddress=jimww@conversations.im focused=true key="rbdduiktozne@movim.eu\x00jimww@conversations.im"
time=2026-08-22T18:06:28.498+02:00 level=DEBUG msg="focus state updated" accountJID=rbdduiktozne@movim.eu chatAddress=jimww@conversations.im focused=false key="rbdduiktozne@movim.eu\x00jimww@conversations.im"
time=2026-08-22T18:10:56.939+02:00 level=INFO msg="kage background service: SIGTERM received, shutting down"
time=2026-08-22T18:10:56.939+02:00 level=DEBUG msg="background: socket accept loop ended" err="accept unix /home/jim/.config/kage/kage.sock: use of closed network connection"
time=2026-08-22T18:10:56.958+02:00 level=INFO msg="kage background service: exiting"
time=2026-08-22T18:10:57.874+02:00 level=INFO msg="kage starting" version=0.5.0-1427deb18ebdd58c7ed5ad8ac7f99c9752515325 log_file=/home/jim/.config/kage/debug.log
time=2026-08-22T18:10:57.962+02:00 level=INFO msg="kage starting" version=0.5.0-1427deb18ebdd58c7ed5ad8ac7f99c9752515325 log_file=/home/jim/.config/kage/debug.log
time=2026-08-22T18:10:57.962+02:00 level=INFO msg="kage background service: starting version=0.5.0-1427deb18ebdd58c7ed5ad8ac7f99c9752515325 for 2 account(s)"
time=2026-08-22T18:10:58.131+02:00 level=DEBUG msg="connectAccountLocal starting" jid=jimww@conversations.im
time=2026-08-22T18:10:58.131+02:00 level=DEBUG msg="connectAccountLocal starting" jid=rbdduiktozne@movim.eu
time=2026-08-22T18:10:58.132+02:00 level=DEBUG msg="local roster loaded" jid=jimww@conversations.im contacts=1
time=2026-08-22T18:10:58.132+02:00 level=DEBUG msg="local roster loaded" jid=rbdduiktozne@movim.eu contacts=3
time=2026-08-22T18:10:58.144+02:00 level=DEBUG msg="loadHistoryWindow done" jid=jimww@conversations.im peer=rbdduiktozne@movim.eu elapsed=10.626712ms messages=60 more=true
time=2026-08-22T18:10:58.144+02:00 level=DEBUG msg="connectAccountLocal done" jid=jimww@conversations.im elapsed=12.751093ms chats=1
time=2026-08-22T18:10:58.145+02:00 level=DEBUG msg="loadHistoryWindow done" jid=rbdduiktozne@movim.eu peer=jimww@conversations.im elapsed=11.273535ms messages=60 more=true
time=2026-08-22T18:10:58.145+02:00 level=DEBUG msg="connectAccountLive starting" jid=jimww@conversations.im
time=2026-08-22T18:10:58.145+02:00 level=DEBUG msg="resolving password" jid=jimww@conversations.im
time=2026-08-22T18:10:58.149+02:00 level=DEBUG msg="loadHistoryWindow done" jid=rbdduiktozne@movim.eu peer=juliya@conversations.im elapsed=3.961713ms messages=60 more=true
time=2026-08-22T18:10:58.152+02:00 level=DEBUG msg="loadHistoryWindow done" jid=rbdduiktozne@movim.eu peer=qr30bqqwv50lbb3x3tau@movim.eu elapsed=3.640912ms messages=60 more=true
time=2026-08-22T18:10:58.153+02:00 level=DEBUG msg="connectAccountLocal done" jid=rbdduiktozne@movim.eu elapsed=21.196669ms chats=3
time=2026-08-22T18:10:58.153+02:00 level=DEBUG msg="connectAccountLive starting" jid=rbdduiktozne@movim.eu
time=2026-08-22T18:10:58.153+02:00 level=DEBUG msg="resolving password" jid=rbdduiktozne@movim.eu
time=2026-08-22T18:10:58.159+02:00 level=DEBUG msg="password resolved" jid=jimww@conversations.im elapsed=13.692176ms
time=2026-08-22T18:10:58.159+02:00 level=DEBUG msg=dialing jid=jimww@conversations.im
time=2026-08-22T18:10:58.168+02:00 level=DEBUG msg="password resolved" jid=rbdduiktozne@movim.eu elapsed=15.098592ms
time=2026-08-22T18:10:58.169+02:00 level=DEBUG msg=dialing jid=rbdduiktozne@movim.eu
time=2026-08-22T18:10:58.254+02:00 level=DEBUG msg="local roster loaded" jid=rbdduiktozne@movim.eu contacts=3
time=2026-08-22T18:10:58.260+02:00 level=DEBUG msg="loadHistoryWindow done" jid=rbdduiktozne@movim.eu peer=jimww@conversations.im elapsed=4.533895ms messages=60 more=true
time=2026-08-22T18:10:58.264+02:00 level=DEBUG msg="loadHistoryWindow done" jid=rbdduiktozne@movim.eu peer=juliya@conversations.im elapsed=4.271214ms messages=60 more=true
time=2026-08-22T18:10:58.268+02:00 level=DEBUG msg="loadHistoryWindow done" jid=rbdduiktozne@movim.eu peer=qr30bqqwv50lbb3x3tau@movim.eu elapsed=4.21635ms messages=60 more=true
time=2026-08-22T18:10:58.268+02:00 level=DEBUG msg="local roster loaded" jid=jimww@conversations.im contacts=1
time=2026-08-22T18:10:58.272+02:00 level=DEBUG msg="loadHistoryWindow done" jid=jimww@conversations.im peer=rbdduiktozne@movim.eu elapsed=3.272212ms messages=60 more=true
time=2026-08-22T18:10:58.296+02:00 level=DEBUG msg="focus state updated" accountJID=rbdduiktozne@movim.eu chatAddress=jimww@conversations.im focused=true key="rbdduiktozne@movim.eu\x00jimww@conversations.im"
time=2026-08-22T18:11:00.190+02:00 level=DEBUG msg=dialed jid=rbdduiktozne@movim.eu elapsed=2.021512044s
time=2026-08-22T18:11:00.190+02:00 level=DEBUG msg="publishOwnGPGKey starting" jid=rbdduiktozne@movim.eu
time=2026-08-22T18:11:00.190+02:00 level=DEBUG msg="gpg: running" args="[--batch --export 84E78B81883125DEF4FFBD7735AE71B304C67013]" stdin_bytes=0 timeout=10s
time=2026-08-22T18:11:00.198+02:00 level=DEBUG msg="gpg: finished" args="[--batch --export 84E78B81883125DEF4FFBD7735AE71B304C67013]" elapsed=7.602327ms err=<nil>
time=2026-08-22T18:11:00.198+02:00 level=WARN msg="exporting own gpg key" err="gpg export: no key found for 84E78B81883125DEF4FFBD7735AE71B304C67013"
time=2026-08-22T18:11:00.198+02:00 level=DEBUG msg="publishOwnGPGKey done" jid=rbdduiktozne@movim.eu elapsed=7.805076ms
time=2026-08-22T18:11:00.198+02:00 level=DEBUG msg="setupOmemo starting" jid=rbdduiktozne@movim.eu
time=2026-08-22T18:11:00.544+02:00 level=DEBUG msg=dialed jid=jimww@conversations.im elapsed=2.385288631s
time=2026-08-22T18:11:00.544+02:00 level=DEBUG msg="publishOwnGPGKey starting" jid=jimww@conversations.im
time=2026-08-22T18:11:00.544+02:00 level=DEBUG msg="gpg: running" args="[--batch --export 84E78B81883125DEF4FFBD7735AE71B304C67013]" stdin_bytes=0 timeout=10s
time=2026-08-22T18:11:00.551+02:00 level=DEBUG msg="gpg: finished" args="[--batch --export 84E78B81883125DEF4FFBD7735AE71B304C67013]" elapsed=7.238234ms err=<nil>
time=2026-08-22T18:11:00.551+02:00 level=WARN msg="exporting own gpg key" err="gpg export: no key found for 84E78B81883125DEF4FFBD7735AE71B304C67013"
time=2026-08-22T18:11:00.552+02:00 level=DEBUG msg="publishOwnGPGKey done" jid=jimww@conversations.im elapsed=7.385931ms
time=2026-08-22T18:11:00.552+02:00 level=DEBUG msg="setupOmemo starting" jid=jimww@conversations.im
time=2026-08-22T18:11:00.803+02:00 level=DEBUG msg="makeNodeOpen: reconfigured to open access" node=urn:xmpp:omemo:2:bundles:3970042472
time=2026-08-22T18:11:01.087+02:00 level=DEBUG msg="makeNodeOpen: reconfigured to open access" node=urn:xmpp:omemo:2:bundles:454749576
time=2026-08-22T18:11:01.087+02:00 level=DEBUG msg="FetchOmemoDeviceList: fetched" peer=rbdduiktozne@movim.eu count=2 devices="[3970042472 738931598]"
time=2026-08-22T18:11:01.087+02:00 level=DEBUG msg="omemo setup: local device ID and current device list" protocol=v2 jid=rbdduiktozne@movim.eu local_device=3970042472 devices="[3970042472 738931598]"
time=2026-08-22T18:11:01.087+02:00 level=DEBUG msg="omemo setup: publishing device list" protocol=v2 jid=rbdduiktozne@movim.eu devices="[3970042472 738931598]"
time=2026-08-22T18:11:01.123+02:00 level=DEBUG msg="FetchOmemoDeviceList: fetched" peer=jimww@conversations.im count=2 devices="[454749576 1087746059]"
time=2026-08-22T18:11:01.123+02:00 level=DEBUG msg="omemo setup: local device ID and current device list" protocol=v2 jid=jimww@conversations.im local_device=454749576 devices="[454749576 1087746059]"
time=2026-08-22T18:11:01.123+02:00 level=DEBUG msg="omemo setup: publishing device list" protocol=v2 jid=jimww@conversations.im devices="[454749576 1087746059]"
time=2026-08-22T18:11:01.149+02:00 level=DEBUG msg="makeNodeOpen: reconfigured to open access" node=urn:xmpp:omemo:2:devices
time=2026-08-22T18:11:01.177+02:00 level=DEBUG msg="FetchOmemoDeviceList: fetched" peer=rbdduiktozne@movim.eu count=2 devices="[3970042472 738931598]"
time=2026-08-22T18:11:01.212+02:00 level=DEBUG msg="makeNodeOpen: reconfigured to open access" node=urn:xmpp:omemo:2:devices
time=2026-08-22T18:11:01.415+02:00 level=DEBUG msg="FetchOmemoDeviceList: fetched" peer=jimww@conversations.im count=2 devices="[454749576 1087746059]"
time=2026-08-22T18:11:01.452+02:00 level=DEBUG msg="makeNodeOpen: reconfigured to open access" node=eu.siacs.conversations.axolotl.bundles:1215632555
time=2026-08-22T18:11:01.721+02:00 level=DEBUG msg="FetchOmemoDeviceListV1: fetched" peer=rbdduiktozne@movim.eu count=4 devices="[652529220 1532489010 1215632555 281798428]"
time=2026-08-22T18:11:01.722+02:00 level=DEBUG msg="omemo setup: local device ID and current device list" protocol=v1 jid=rbdduiktozne@movim.eu local_device=1215632555 devices="[652529220 1532489010 1215632555 281798428]"
time=2026-08-22T18:11:01.722+02:00 level=DEBUG msg="omemo setup: publishing device list" protocol=v1 jid=rbdduiktozne@movim.eu devices="[652529220 1532489010 1215632555 281798428]"
time=2026-08-22T18:11:01.789+02:00 level=DEBUG msg="makeNodeOpen: reconfigured to open access" node=eu.siacs.conversations.axolotl.bundles:396492910
time=2026-08-22T18:11:01.823+02:00 level=DEBUG msg="makeNodeOpen: reconfigured to open access" node=eu.siacs.conversations.axolotl.devicelist
time=2026-08-22T18:11:01.826+02:00 level=DEBUG msg="FetchOmemoDeviceListV1: fetched" peer=jimww@conversations.im count=2 devices="[396492910 3519373093]"
time=2026-08-22T18:11:01.827+02:00 level=DEBUG msg="omemo setup: local device ID and current device list" protocol=v1 jid=jimww@conversations.im local_device=396492910 devices="[396492910 3519373093]"
time=2026-08-22T18:11:01.827+02:00 level=DEBUG msg="omemo setup: publishing device list" protocol=v1 jid=jimww@conversations.im devices="[396492910 3519373093]"
time=2026-08-22T18:11:01.851+02:00 level=DEBUG msg="FetchOmemoDeviceListV1: fetched" peer=rbdduiktozne@movim.eu count=4 devices="[652529220 1532489010 1215632555 281798428]"
time=2026-08-22T18:11:01.893+02:00 level=DEBUG msg="setupOmemo done" jid=rbdduiktozne@movim.eu elapsed=1.694805193s
time=2026-08-22T18:11:01.893+02:00 level=DEBUG msg="fetching live roster" jid=rbdduiktozne@movim.eu
time=2026-08-22T18:11:01.903+02:00 level=DEBUG msg="makeNodeOpen: reconfigured to open access" node=eu.siacs.conversations.axolotl.devicelist
time=2026-08-22T18:11:01.923+02:00 level=DEBUG msg="live roster fetched" jid=rbdduiktozne@movim.eu elapsed=29.822176ms contacts=3
time=2026-08-22T18:11:01.937+02:00 level=DEBUG msg="FetchOmemoDeviceListV1: fetched" peer=jimww@conversations.im count=2 devices="[396492910 3519373093]"
time=2026-08-22T18:11:01.958+02:00 level=DEBUG msg="setupOmemo done" jid=jimww@conversations.im elapsed=1.405965344s
time=2026-08-22T18:11:01.958+02:00 level=DEBUG msg="fetching live roster" jid=jimww@conversations.im
time=2026-08-22T18:11:01.974+02:00 level=DEBUG msg="FetchOmemoDeviceList: fetched" peer=jimww@conversations.im count=2 devices="[454749576 1087746059]"
time=2026-08-22T18:11:01.994+02:00 level=DEBUG msg="live roster fetched" jid=jimww@conversations.im elapsed=35.700803ms contacts=1
time=2026-08-22T18:11:02.059+02:00 level=DEBUG msg="FetchOmemoDeviceListV1: fetched" peer=jimww@conversations.im count=2 devices="[396492910 3519373093]"
time=2026-08-22T18:11:02.065+02:00 level=DEBUG msg="FetchOmemoDeviceList: fetched" peer=rbdduiktozne@movim.eu count=2 devices="[3970042472 738931598]"
time=2026-08-22T18:11:02.094+02:00 level=DEBUG msg="resynced omemo-v1 device list on connect" peer=jimww@conversations.im jid=rbdduiktozne@movim.eu
time=2026-08-22T18:11:02.162+02:00 level=DEBUG msg="FetchOmemoDeviceListV1: fetched" peer=rbdduiktozne@movim.eu count=4 devices="[652529220 1532489010 1215632555 281798428]"
time=2026-08-22T18:11:02.197+02:00 level=DEBUG msg="resynced omemo-v1 device list on connect" peer=rbdduiktozne@movim.eu jid=jimww@conversations.im
time=2026-08-22T18:11:02.197+02:00 level=DEBUG msg="connectAccountLive done" jid=jimww@conversations.im elapsed=4.051918694s new_chats=0
time=2026-08-22T18:11:02.197+02:00 level=DEBUG msg="syncArchive starting" jid=jimww@conversations.im
time=2026-08-22T18:11:02.197+02:00 level=DEBUG msg="syncArchive: contacts to check" jid=jimww@conversations.im contacts=2
time=2026-08-22T18:11:02.197+02:00 level=DEBUG msg="received omemo device-list PEP push" protocol=v1 from="" jid=jimww@conversations.im
time=2026-08-22T18:11:02.198+02:00 level=DEBUG msg="received omemo device-list PEP push" protocol=v2 from="" jid=jimww@conversations.im
time=2026-08-22T18:11:02.198+02:00 level=DEBUG msg="received omemo device-list PEP push" protocol=v1 from=rbdduiktozne@movim.eu jid=jimww@conversations.im
time=2026-08-22T18:11:02.198+02:00 level=DEBUG msg="received omemo device-list PEP push" protocol=v2 from=rbdduiktozne@movim.eu jid=jimww@conversations.im
time=2026-08-22T18:11:02.198+02:00 level=DEBUG msg="received omemo device-list PEP push" protocol=v1 from=rbdduiktozne@movim.eu jid=jimww@conversations.im
time=2026-08-22T18:11:02.198+02:00 level=DEBUG msg="received omemo device-list PEP push" protocol=v2 from=rbdduiktozne@movim.eu jid=jimww@conversations.im
time=2026-08-22T18:11:02.198+02:00 level=DEBUG msg="received omemo device-list PEP push" protocol=v2 from=rbdduiktozne@movim.eu jid=jimww@conversations.im
time=2026-08-22T18:11:02.198+02:00 level=DEBUG msg="received omemo device-list PEP push" protocol=v2 from="" jid=jimww@conversations.im
time=2026-08-22T18:11:02.198+02:00 level=DEBUG msg="received omemo device-list PEP push" protocol=v1 from=rbdduiktozne@movim.eu jid=jimww@conversations.im
time=2026-08-22T18:11:02.198+02:00 level=DEBUG msg="received omemo device-list PEP push" protocol=v1 from="" jid=jimww@conversations.im
time=2026-08-22T18:11:02.218+02:00 level=DEBUG msg="FetchOmemoDeviceListV1: fetched" peer=juliya@conversations.im count=1 devices=[80731641]
time=2026-08-22T18:11:02.233+02:00 level=DEBUG msg="resynced omemo-v1 device list on connect" peer=juliya@conversations.im jid=rbdduiktozne@movim.eu
time=2026-08-22T18:11:02.272+02:00 level=DEBUG msg="FetchOmemoDeviceList: fetched" peer=qr30bqqwv50lbb3x3tau@movim.eu count=9 devices="[3546796710 543807001 1136287838 804539282 766575397 1069781368 3439252694 3095662882 1110435295]"
time=2026-08-22T18:11:02.292+02:00 level=DEBUG msg="mam page fetched" jid=jimww@conversations.im peer=rbdduiktozne@movim.eu page=0 elapsed=94.417201ms after=1786145008487877 items=0 complete=false err=<nil>
time=2026-08-22T18:11:02.292+02:00 level=DEBUG msg="syncArchiveForContact done" jid=jimww@conversations.im peer=rbdduiktozne@movim.eu elapsed=94.497953ms
time=2026-08-22T18:11:02.295+02:00 level=DEBUG msg="FetchOmemoDeviceListV1: fetched" peer=rbdduiktozne@movim.eu count=4 devices="[652529220 1532489010 1215632555 281798428]"
time=2026-08-22T18:11:02.295+02:00 level=DEBUG msg="FetchOmemoDeviceList: fetched" peer=rbdduiktozne@movim.eu count=2 devices="[3970042472 738931598]"
time=2026-08-22T18:11:02.313+02:00 level=DEBUG msg="FetchOmemoDeviceList: fetched" peer=rbdduiktozne@movim.eu count=2 devices="[3970042472 738931598]"
time=2026-08-22T18:11:02.313+02:00 level=DEBUG msg="FetchOmemoDeviceList: fetched" peer=rbdduiktozne@movim.eu count=2 devices="[3970042472 738931598]"
time=2026-08-22T18:11:02.314+02:00 level=DEBUG msg="FetchOmemoDeviceListV1: fetched" peer=rbdduiktozne@movim.eu count=4 devices="[652529220 1532489010 1215632555 281798428]"
time=2026-08-22T18:11:02.317+02:00 level=DEBUG msg="FetchOmemoDeviceListV1: fetched" peer=rbdduiktozne@movim.eu count=4 devices="[652529220 1532489010 1215632555 281798428]"
time=2026-08-22T18:11:02.332+02:00 level=DEBUG msg="mam page fetched" jid=jimww@conversations.im peer=jimww@conversations.im page=0 elapsed=39.918719ms after="" items=0 complete=false err=<nil>
time=2026-08-22T18:11:02.332+02:00 level=DEBUG msg="syncArchiveForContact done" jid=jimww@conversations.im peer=jimww@conversations.im elapsed=40.011202ms
time=2026-08-22T18:11:02.332+02:00 level=DEBUG msg="syncArchive done" jid=jimww@conversations.im elapsed=134.822893ms
time=2026-08-22T18:11:02.333+02:00 level=DEBUG msg="resynced omemo device list after PEP push" protocol=v2 from=rbdduiktozne@movim.eu jid=jimww@conversations.im
time=2026-08-22T18:11:02.361+02:00 level=DEBUG msg="resynced omemo device list after PEP push" protocol=v2 from=rbdduiktozne@movim.eu jid=jimww@conversations.im
time=2026-08-22T18:11:02.423+02:00 level=DEBUG msg="resynced omemo device list after PEP push" protocol=v1 from=rbdduiktozne@movim.eu jid=jimww@conversations.im
time=2026-08-22T18:11:02.423+02:00 level=DEBUG msg="resynced omemo device list after PEP push" protocol=v2 from=rbdduiktozne@movim.eu jid=jimww@conversations.im
time=2026-08-22T18:11:02.423+02:00 level=DEBUG msg="resynced omemo device list after PEP push" protocol=v1 from=rbdduiktozne@movim.eu jid=jimww@conversations.im
time=2026-08-22T18:11:02.424+02:00 level=DEBUG msg="resynced omemo device list after PEP push" protocol=v1 from=rbdduiktozne@movim.eu jid=jimww@conversations.im
time=2026-08-22T18:11:02.459+02:00 level=DEBUG msg="FetchOmemoDeviceListV1: fetched" peer=qr30bqqwv50lbb3x3tau@movim.eu count=7 devices="[1041050623 99377310 406890504 465880925 1294895317 1689625064 1425664679]"
time=2026-08-22T18:11:02.512+02:00 level=DEBUG msg="resynced omemo-v1 device list on connect" peer=qr30bqqwv50lbb3x3tau@movim.eu jid=rbdduiktozne@movim.eu
time=2026-08-22T18:11:02.512+02:00 level=DEBUG msg="connectAccountLive done" jid=rbdduiktozne@movim.eu elapsed=4.358978578s new_chats=0
time=2026-08-22T18:11:02.513+02:00 level=DEBUG msg="syncArchive starting" jid=rbdduiktozne@movim.eu
time=2026-08-22T18:11:02.513+02:00 level=DEBUG msg="syncArchive: contacts to check" jid=rbdduiktozne@movim.eu contacts=4
time=2026-08-22T18:11:02.513+02:00 level=DEBUG msg="received omemo device-list PEP push" protocol=v1 from=qr30bqqwv50lbb3x3tau@movim.eu jid=rbdduiktozne@movim.eu
time=2026-08-22T18:11:02.513+02:00 level=DEBUG msg="received omemo device-list PEP push" protocol=v2 from=qr30bqqwv50lbb3x3tau@movim.eu jid=rbdduiktozne@movim.eu
time=2026-08-22T18:11:02.513+02:00 level=DEBUG msg="received omemo device-list PEP push" protocol=v1 from="" jid=rbdduiktozne@movim.eu
time=2026-08-22T18:11:02.513+02:00 level=DEBUG msg="received omemo device-list PEP push" protocol=v2 from="" jid=rbdduiktozne@movim.eu
time=2026-08-22T18:11:02.513+02:00 level=DEBUG msg="received omemo device-list PEP push" protocol=v1 from=qr30bqqwv50lbb3x3tau@movim.eu jid=rbdduiktozne@movim.eu
time=2026-08-22T18:11:02.513+02:00 level=DEBUG msg="received omemo device-list PEP push" protocol=v2 from=qr30bqqwv50lbb3x3tau@movim.eu jid=rbdduiktozne@movim.eu
time=2026-08-22T18:11:02.513+02:00 level=DEBUG msg="received omemo device-list PEP push" protocol=v1 from=juliya@conversations.im jid=rbdduiktozne@movim.eu
time=2026-08-22T18:11:02.514+02:00 level=DEBUG msg="received omemo device-list PEP push" protocol=v1 from=jimww@conversations.im jid=rbdduiktozne@movim.eu
time=2026-08-22T18:11:02.514+02:00 level=DEBUG msg="received omemo device-list PEP push" protocol=v2 from=jimww@conversations.im jid=rbdduiktozne@movim.eu
time=2026-08-22T18:11:02.514+02:00 level=DEBUG msg="received omemo device-list PEP push" protocol=v2 from="" jid=rbdduiktozne@movim.eu
time=2026-08-22T18:11:02.514+02:00 level=DEBUG msg="received omemo device-list PEP push" protocol=v2 from=jimww@conversations.im jid=rbdduiktozne@movim.eu
time=2026-08-22T18:11:02.514+02:00 level=DEBUG msg="received omemo device-list PEP push" protocol=v1 from="" jid=rbdduiktozne@movim.eu
time=2026-08-22T18:11:02.514+02:00 level=DEBUG msg="received omemo device-list PEP push" protocol=v1 from=jimww@conversations.im jid=rbdduiktozne@movim.eu
time=2026-08-22T18:11:02.541+02:00 level=DEBUG msg="mam page fetched" jid=rbdduiktozne@movim.eu peer=rbdduiktozne@movim.eu page=0 elapsed=27.552946ms after="" items=0 complete=false err=<nil>
time=2026-08-22T18:11:02.541+02:00 level=DEBUG msg="syncArchiveForContact done" jid=rbdduiktozne@movim.eu peer=rbdduiktozne@movim.eu elapsed=27.695853ms
time=2026-08-22T18:11:02.548+02:00 level=DEBUG msg="FetchOmemoDeviceListV1: fetched" peer=qr30bqqwv50lbb3x3tau@movim.eu count=7 devices="[1041050623 99377310 406890504 465880925 1294895317 1689625064 1425664679]"
time=2026-08-22T18:11:02.548+02:00 level=DEBUG msg="FetchOmemoDeviceList: fetched" peer=qr30bqqwv50lbb3x3tau@movim.eu count=9 devices="[3546796710 543807001 1136287838 804539282 766575397 1069781368 3439252694 3095662882 1110435295]"
time=2026-08-22T18:11:02.550+02:00 level=DEBUG msg="FetchOmemoDeviceListV1: fetched" peer=qr30bqqwv50lbb3x3tau@movim.eu count=7 devices="[1041050623 99377310 406890504 465880925 1294895317 1689625064 1425664679]"
time=2026-08-22T18:11:02.551+02:00 level=DEBUG msg="FetchOmemoDeviceList: fetched" peer=qr30bqqwv50lbb3x3tau@movim.eu count=9 devices="[3546796710 543807001 1136287838 804539282 766575397 1069781368 3439252694 3095662882 1110435295]"
time=2026-08-22T18:11:02.554+02:00 level=DEBUG msg="received omemo device-list PEP push" protocol=v1 from=qr30bqqwv50lbb3x3tau@movim.eu jid=rbdduiktozne@movim.eu
time=2026-08-22T18:11:02.554+02:00 level=DEBUG msg="received omemo device-list PEP push" protocol=v2 from=qr30bqqwv50lbb3x3tau@movim.eu jid=rbdduiktozne@movim.eu
time=2026-08-22T18:11:02.557+02:00 level=DEBUG msg="received omemo device-list PEP push" protocol=v1 from=qr30bqqwv50lbb3x3tau@movim.eu jid=rbdduiktozne@movim.eu
time=2026-08-22T18:11:02.557+02:00 level=DEBUG msg="received omemo device-list PEP push" protocol=v2 from=qr30bqqwv50lbb3x3tau@movim.eu jid=rbdduiktozne@movim.eu
time=2026-08-22T18:11:02.659+02:00 level=DEBUG msg="resynced omemo device list after PEP push" protocol=v2 from=qr30bqqwv50lbb3x3tau@movim.eu jid=rbdduiktozne@movim.eu
time=2026-08-22T18:11:02.673+02:00 level=DEBUG msg="resynced omemo device list after PEP push" protocol=v1 from=qr30bqqwv50lbb3x3tau@movim.eu jid=rbdduiktozne@movim.eu
time=2026-08-22T18:11:02.673+02:00 level=DEBUG msg="resynced omemo device list after PEP push" protocol=v1 from=qr30bqqwv50lbb3x3tau@movim.eu jid=rbdduiktozne@movim.eu
time=2026-08-22T18:11:02.673+02:00 level=DEBUG msg="resynced omemo device list after PEP push" protocol=v2 from=qr30bqqwv50lbb3x3tau@movim.eu jid=rbdduiktozne@movim.eu
time=2026-08-22T18:11:02.705+02:00 level=DEBUG msg="FetchOmemoDeviceListV1: fetched" peer=juliya@conversations.im count=1 devices=[80731641]
time=2026-08-22T18:11:02.706+02:00 level=DEBUG msg="FetchOmemoDeviceListV1: fetched" peer=jimww@conversations.im count=2 devices="[396492910 3519373093]"
time=2026-08-22T18:11:02.706+02:00 level=DEBUG msg="FetchOmemoDeviceList: fetched" peer=jimww@conversations.im count=2 devices="[454749576 1087746059]"
time=2026-08-22T18:11:02.706+02:00 level=DEBUG msg="FetchOmemoDeviceListV1: fetched" peer=jimww@conversations.im count=2 devices="[396492910 3519373093]"
time=2026-08-22T18:11:02.706+02:00 level=DEBUG msg="FetchOmemoDeviceList: fetched" peer=jimww@conversations.im count=2 devices="[454749576 1087746059]"
time=2026-08-22T18:11:02.734+02:00 level=DEBUG msg="resynced omemo device list after PEP push" protocol=v1 from=juliya@conversations.im jid=rbdduiktozne@movim.eu
time=2026-08-22T18:11:02.755+02:00 level=DEBUG msg="resynced omemo device list after PEP push" protocol=v2 from=jimww@conversations.im jid=rbdduiktozne@movim.eu
time=2026-08-22T18:11:02.762+02:00 level=DEBUG msg="resynced omemo device list after PEP push" protocol=v1 from=jimww@conversations.im jid=rbdduiktozne@movim.eu
time=2026-08-22T18:11:02.762+02:00 level=DEBUG msg="resynced omemo device list after PEP push" protocol=v1 from=jimww@conversations.im jid=rbdduiktozne@movim.eu
time=2026-08-22T18:11:02.762+02:00 level=DEBUG msg="mam page fetched" jid=rbdduiktozne@movim.eu peer=qr30bqqwv50lbb3x3tau@movim.eu page=0 elapsed=221.25498ms after=1780827424944565 items=0 complete=false err=<nil>
time=2026-08-22T18:11:02.762+02:00 level=DEBUG msg="syncArchiveForContact done" jid=rbdduiktozne@movim.eu peer=qr30bqqwv50lbb3x3tau@movim.eu elapsed=221.316015ms
time=2026-08-22T18:11:02.762+02:00 level=DEBUG msg="resynced omemo device list after PEP push" protocol=v2 from=jimww@conversations.im jid=rbdduiktozne@movim.eu
time=2026-08-22T18:11:02.763+02:00 level=DEBUG msg="FetchOmemoDeviceListV1: fetched" peer=qr30bqqwv50lbb3x3tau@movim.eu count=7 devices="[1041050623 99377310 406890504 465880925 1294895317 1689625064 1425664679]"
time=2026-08-22T18:11:02.763+02:00 level=DEBUG msg="FetchOmemoDeviceList: fetched" peer=qr30bqqwv50lbb3x3tau@movim.eu count=9 devices="[3546796710 543807001 1136287838 804539282 766575397 1069781368 3439252694 3095662882 1110435295]"
time=2026-08-22T18:11:02.763+02:00 level=DEBUG msg="FetchOmemoDeviceListV1: fetched" peer=qr30bqqwv50lbb3x3tau@movim.eu count=7 devices="[1041050623 99377310 406890504 465880925 1294895317 1689625064 1425664679]"
time=2026-08-22T18:11:02.763+02:00 level=DEBUG msg="FetchOmemoDeviceList: fetched" peer=qr30bqqwv50lbb3x3tau@movim.eu count=9 devices="[3546796710 543807001 1136287838 804539282 766575397 1069781368 3439252694 3095662882 1110435295]"
time=2026-08-22T18:11:02.803+02:00 level=DEBUG msg="mam page fetched" jid=rbdduiktozne@movim.eu peer=jimww@conversations.im page=0 elapsed=41.149856ms after=1786145008477310 items=0 complete=false err=<nil>
time=2026-08-22T18:11:02.803+02:00 level=DEBUG msg="syncArchiveForContact done" jid=rbdduiktozne@movim.eu peer=jimww@conversations.im elapsed=41.237881ms
time=2026-08-22T18:11:02.850+02:00 level=DEBUG msg="resynced omemo device list after PEP push" protocol=v1 from=qr30bqqwv50lbb3x3tau@movim.eu jid=rbdduiktozne@movim.eu
time=2026-08-22T18:11:02.870+02:00 level=DEBUG msg="resynced omemo device list after PEP push" protocol=v1 from=qr30bqqwv50lbb3x3tau@movim.eu jid=rbdduiktozne@movim.eu
time=2026-08-22T18:11:02.884+02:00 level=DEBUG msg="resynced omemo device list after PEP push" protocol=v2 from=qr30bqqwv50lbb3x3tau@movim.eu jid=rbdduiktozne@movim.eu
time=2026-08-22T18:11:02.884+02:00 level=DEBUG msg="resynced omemo device list after PEP push" protocol=v2 from=qr30bqqwv50lbb3x3tau@movim.eu jid=rbdduiktozne@movim.eu
time=2026-08-22T18:11:02.887+02:00 level=DEBUG msg="mam page fetched" jid=rbdduiktozne@movim.eu peer=juliya@conversations.im page=0 elapsed=83.602003ms after=1781027641892659 items=0 complete=false err=<nil>
time=2026-08-22T18:11:02.887+02:00 level=DEBUG msg="syncArchiveForContact done" jid=rbdduiktozne@movim.eu peer=juliya@conversations.im elapsed=83.660113ms
time=2026-08-22T18:11:02.887+02:00 level=DEBUG msg="syncArchive done" jid=rbdduiktozne@movim.eu elapsed=374.243427ms
time=2026-08-22T18:31:48.103+02:00 level=INFO msg="kage starting" version=0.5.0-1427deb18ebdd58c7ed5ad8ac7f99c9752515325 log_file=/home/jim/.config/kage/debug.log
time=2026-08-22T18:31:48.104+02:00 level=DEBUG msg="local roster loaded" jid=rbdduiktozne@movim.eu contacts=3
time=2026-08-22T18:31:48.110+02:00 level=DEBUG msg="loadHistoryWindow done" jid=rbdduiktozne@movim.eu peer=jimww@conversations.im elapsed=6.255055ms messages=60 more=true
time=2026-08-22T18:31:48.115+02:00 level=DEBUG msg="loadHistoryWindow done" jid=rbdduiktozne@movim.eu peer=juliya@conversations.im elapsed=4.496992ms messages=60 more=true
time=2026-08-22T18:31:48.117+02:00 level=DEBUG msg="loadHistoryWindow done" jid=rbdduiktozne@movim.eu peer=qr30bqqwv50lbb3x3tau@movim.eu elapsed=2.509853ms messages=60 more=true
time=2026-08-22T18:31:48.117+02:00 level=DEBUG msg="local roster loaded" jid=jimww@conversations.im contacts=1
time=2026-08-22T18:31:48.123+02:00 level=DEBUG msg="loadHistoryWindow done" jid=jimww@conversations.im peer=rbdduiktozne@movim.eu elapsed=5.573339ms messages=60 more=true
time=2026-08-22T18:31:48.148+02:00 level=DEBUG msg="focus state updated" accountJID=rbdduiktozne@movim.eu chatAddress=jimww@conversations.im focused=true key="rbdduiktozne@movim.eu\x00jimww@conversations.im"
time=2026-08-22T18:31:49.308+02:00 level=DEBUG msg="focus state updated" accountJID="" chatAddress="" focused=true key=""
time=2026-08-22T18:31:50.241+02:00 level=DEBUG msg="focus state updated" accountJID=rbdduiktozne@movim.eu chatAddress=qr30bqqwv50lbb3x3tau@movim.eu focused=true key="rbdduiktozne@movim.eu\x00qr30bqqwv50lbb3x3tau@movim.eu"
time=2026-08-22T18:31:51.369+02:00 level=DEBUG msg="focus state updated" accountJID="" chatAddress="" focused=true key=""
time=2026-08-22T18:31:51.775+02:00 level=DEBUG msg="focus state updated" accountJID=rbdduiktozne@movim.eu chatAddress=qr30bqqwv50lbb3x3tau@movim.eu focused=true key="rbdduiktozne@movim.eu\x00qr30bqqwv50lbb3x3tau@movim.eu"
time=2026-08-22T18:31:57.356+02:00 level=DEBUG msg="focus state updated" accountJID=rbdduiktozne@movim.eu chatAddress=qr30bqqwv50lbb3x3tau@movim.eu focused=false key="rbdduiktozne@movim.eu\x00qr30bqqwv50lbb3x3tau@movim.eu"
time=2026-08-22T18:32:49.936+02:00 level=DEBUG msg="received omemo message" from=qr30bqqwv50lbb3x3tau@movim.eu/1762758527179809852120392387 jid=rbdduiktozne@movim.eu
time=2026-08-22T18:32:49.951+02:00 level=DEBUG msg="omemo message decrypted successfully" from=qr30bqqwv50lbb3x3tau@movim.eu/1762758527179809852120392387
time=2026-08-22T18:32:49.958+02:00 level=DEBUG msg="notify decision" incomingKey="rbdduiktozne@movim.eu\x00qr30bqqwv50lbb3x3tau@movim.eu" tuiFocused=false tuiActiveChat="rbdduiktozne@movim.eu\x00qr30bqqwv50lbb3x3tau@movim.eu" chatIsFocused=false notifyEnabled=true decryptFailed=false outgoing=false
time=2026-08-22T18:32:52.092+02:00 level=INFO msg="kage starting" version=0.5.0-1427deb18ebdd58c7ed5ad8ac7f99c9752515325 log_file=/home/jim/.config/kage/debug.log
time=2026-08-22T18:32:52.093+02:00 level=DEBUG msg="local roster loaded" jid=rbdduiktozne@movim.eu contacts=3
time=2026-08-22T18:32:52.097+02:00 level=DEBUG msg="loadHistoryWindow done" jid=rbdduiktozne@movim.eu peer=jimww@conversations.im elapsed=3.498975ms messages=60 more=true
time=2026-08-22T18:32:52.101+02:00 level=DEBUG msg="loadHistoryWindow done" jid=rbdduiktozne@movim.eu peer=juliya@conversations.im elapsed=3.732869ms messages=60 more=true
time=2026-08-22T18:32:52.106+02:00 level=DEBUG msg="loadHistoryWindow done" jid=rbdduiktozne@movim.eu peer=qr30bqqwv50lbb3x3tau@movim.eu elapsed=4.34801ms messages=60 more=true
time=2026-08-22T18:32:52.106+02:00 level=DEBUG msg="local roster loaded" jid=jimww@conversations.im contacts=1
time=2026-08-22T18:32:52.109+02:00 level=DEBUG msg="loadHistoryWindow done" jid=jimww@conversations.im peer=rbdduiktozne@movim.eu elapsed=3.250472ms messages=60 more=true
time=2026-08-22T18:32:52.132+02:00 level=DEBUG msg="focus state updated" accountJID=rbdduiktozne@movim.eu chatAddress=jimww@conversations.im focused=true key="rbdduiktozne@movim.eu\x00jimww@conversations.im"
time=2026-08-22T18:32:52.143+02:00 level=DEBUG msg="focus state updated" accountJID=rbdduiktozne@movim.eu chatAddress=qr30bqqwv50lbb3x3tau@movim.eu focused=true key="rbdduiktozne@movim.eu\x00qr30bqqwv50lbb3x3tau@movim.eu"
time=2026-08-22T18:32:53.051+02:00 level=DEBUG msg="received omemo message" from=qr30bqqwv50lbb3x3tau@movim.eu/1762758527179809852120392387 jid=rbdduiktozne@movim.eu
time=2026-08-22T18:32:53.065+02:00 level=DEBUG msg="omemo message decrypted successfully" from=qr30bqqwv50lbb3x3tau@movim.eu/1762758527179809852120392387
time=2026-08-22T18:32:53.071+02:00 level=DEBUG msg="notify decision" incomingKey="rbdduiktozne@movim.eu\x00qr30bqqwv50lbb3x3tau@movim.eu" tuiFocused=true tuiActiveChat="rbdduiktozne@movim.eu\x00qr30bqqwv50lbb3x3tau@movim.eu" chatIsFocused=true notifyEnabled=true decryptFailed=false outgoing=false
time=2026-08-22T18:32:56.629+02:00 level=DEBUG msg="send: using omemo encryption" protocol=v1 jid=rbdduiktozne@movim.eu to=qr30bqqwv50lbb3x3tau@movim.eu
time=2026-08-22T18:32:56.697+02:00 level=DEBUG msg="send: omemo encrypt succeeded" protocol=v1 jid=rbdduiktozne@movim.eu to=qr30bqqwv50lbb3x3tau@movim.eu keys=10
time=2026-08-22T18:32:58.422+02:00 level=DEBUG msg="send: using omemo encryption" protocol=v1 jid=rbdduiktozne@movim.eu to=qr30bqqwv50lbb3x3tau@movim.eu
time=2026-08-22T18:32:58.490+02:00 level=DEBUG msg="send: omemo encrypt succeeded" protocol=v1 jid=rbdduiktozne@movim.eu to=qr30bqqwv50lbb3x3tau@movim.eu keys=10
time=2026-08-22T18:32:58.607+02:00 level=DEBUG msg="received omemo message" from=qr30bqqwv50lbb3x3tau@movim.eu/1762758527179809852120392387 jid=rbdduiktozne@movim.eu
time=2026-08-22T18:32:58.622+02:00 level=DEBUG msg="omemo message decrypted successfully" from=qr30bqqwv50lbb3x3tau@movim.eu/1762758527179809852120392387
time=2026-08-22T18:32:58.628+02:00 level=DEBUG msg="notify decision" incomingKey="rbdduiktozne@movim.eu\x00qr30bqqwv50lbb3x3tau@movim.eu" tuiFocused=true tuiActiveChat="rbdduiktozne@movim.eu\x00qr30bqqwv50lbb3x3tau@movim.eu" chatIsFocused=true notifyEnabled=true decryptFailed=false outgoing=false
time=2026-08-22T18:33:22.221+02:00 level=DEBUG msg="focus state updated" accountJID="" chatAddress="" focused=true key=""
time=2026-08-22T18:33:22.330+02:00 level=DEBUG msg="focus state updated" accountJID="" chatAddress="" focused=false key=""
time=2026-08-22T18:33:52.076+02:00 level=DEBUG msg="focus state updated" accountJID=rbdduiktozne@movim.eu chatAddress=qr30bqqwv50lbb3x3tau@movim.eu focused=true key="rbdduiktozne@movim.eu\x00qr30bqqwv50lbb3x3tau@movim.eu"
time=2026-08-22T18:33:54.752+02:00 level=DEBUG msg="focus state updated" accountJID=rbdduiktozne@movim.eu chatAddress=qr30bqqwv50lbb3x3tau@movim.eu focused=false key="rbdduiktozne@movim.eu\x00qr30bqqwv50lbb3x3tau@movim.eu"
time=2026-08-22T18:34:17.423+02:00 level=DEBUG msg="focus state updated" accountJID=rbdduiktozne@movim.eu chatAddress=qr30bqqwv50lbb3x3tau@movim.eu focused=true key="rbdduiktozne@movim.eu\x00qr30bqqwv50lbb3x3tau@movim.eu"
time=2026-08-22T18:34:19.097+02:00 level=DEBUG msg="focus state updated" accountJID=rbdduiktozne@movim.eu chatAddress=qr30bqqwv50lbb3x3tau@movim.eu focused=false key="rbdduiktozne@movim.eu\x00qr30bqqwv50lbb3x3tau@movim.eu"
time=2026-08-22T18:34:47.788+02:00 level=DEBUG msg="focus state updated" accountJID=rbdduiktozne@movim.eu chatAddress=qr30bqqwv50lbb3x3tau@movim.eu focused=true key="rbdduiktozne@movim.eu\x00qr30bqqwv50lbb3x3tau@movim.eu"
time=2026-08-22T18:34:50.637+02:00 level=DEBUG msg="focus state updated" accountJID=rbdduiktozne@movim.eu chatAddress=qr30bqqwv50lbb3x3tau@movim.eu focused=false key="rbdduiktozne@movim.eu\x00qr30bqqwv50lbb3x3tau@movim.eu"
time=2026-08-22T18:34:55.079+02:00 level=DEBUG msg="focus state updated" accountJID=rbdduiktozne@movim.eu chatAddress=qr30bqqwv50lbb3x3tau@movim.eu focused=true key="rbdduiktozne@movim.eu\x00qr30bqqwv50lbb3x3tau@movim.eu"
time=2026-08-22T18:34:56.147+02:00 level=DEBUG msg="focus state updated" accountJID=rbdduiktozne@movim.eu chatAddress=qr30bqqwv50lbb3x3tau@movim.eu focused=false key="rbdduiktozne@movim.eu\x00qr30bqqwv50lbb3x3tau@movim.eu"
time=2026-08-22T18:35:47.771+02:00 level=DEBUG msg="focus state updated" accountJID="" chatAddress="" focused=true key=""
time=2026-08-22T18:35:48.551+02:00 level=DEBUG msg="focus state updated" accountJID=rbdduiktozne@movim.eu chatAddress=qr30bqqwv50lbb3x3tau@movim.eu focused=true key="rbdduiktozne@movim.eu\x00qr30bqqwv50lbb3x3tau@movim.eu"
time=2026-08-22T18:35:49.406+02:00 level=DEBUG msg="focus state updated" accountJID="" chatAddress="" focused=true key=""
time=2026-08-22T18:35:49.824+02:00 level=DEBUG msg="focus state updated" accountJID="" chatAddress="" focused=false key=""
time=2026-08-22T18:35:53.468+02:00 level=DEBUG msg="focus state updated" accountJID="" chatAddress="" focused=true key=""
time=2026-08-22T18:35:53.938+02:00 level=DEBUG msg="focus state updated" accountJID=rbdduiktozne@movim.eu chatAddress=qr30bqqwv50lbb3x3tau@movim.eu focused=true key="rbdduiktozne@movim.eu\x00qr30bqqwv50lbb3x3tau@movim.eu"
time=2026-08-22T18:35:54.268+02:00 level=DEBUG msg="focus state updated" accountJID="" chatAddress="" focused=true key=""
time=2026-08-22T18:35:54.678+02:00 level=DEBUG msg="focus state updated" accountJID="" chatAddress="" focused=false key=""
time=2026-08-22T18:35:58.140+02:00 level=DEBUG msg="focus state updated" accountJID="" chatAddress="" focused=true key=""
time=2026-08-22T18:35:58.561+02:00 level=DEBUG msg="focus state updated" accountJID=rbdduiktozne@movim.eu chatAddress=qr30bqqwv50lbb3x3tau@movim.eu focused=true key="rbdduiktozne@movim.eu\x00qr30bqqwv50lbb3x3tau@movim.eu"
time=2026-08-22T18:35:58.595+02:00 level=DEBUG msg="focus state updated" accountJID="" chatAddress="" focused=true key=""
time=2026-08-22T18:35:58.880+02:00 level=DEBUG msg="focus state updated" accountJID="" chatAddress="" focused=false key=""
time=2026-08-22T18:36:43.325+02:00 level=DEBUG msg="focus state updated" accountJID="" chatAddress="" focused=true key=""
time=2026-08-22T18:36:43.749+02:00 level=DEBUG msg="focus state updated" accountJID=rbdduiktozne@movim.eu chatAddress=qr30bqqwv50lbb3x3tau@movim.eu focused=true key="rbdduiktozne@movim.eu\x00qr30bqqwv50lbb3x3tau@movim.eu"
time=2026-08-22T18:37:01.303+02:00 level=DEBUG msg="upload discovery: service features" service=alt.movim.eu features="[http://jabber.org/protocol/disco#info http://jabber.org/protocol/disco#items http://jabber.org/protocol/pubsub http://jabber.org/protocol/commands vcard-temp http://jabber.org/protocol/pubsub#access-authorize http://jabber.org/protocol/pubsub#access-open http://jabber.org/protocol/pubsub#access-presence http://jabber.org/protocol/pubsub#access-whitelist http://jabber.org/protocol/pubsub#auto-create http://jabber.org/protocol/pubsub#auto-subscribe http://jabber.org/protocol/pubsub#collections http://jabber.org/protocol/pubsub#config-node http://jabber.org/protocol/pubsub#config-node-max http://jabber.org/protocol/pubsub#create-and-configure http://jabber.org/protocol/pubsub#create-nodes http://jabber.org/protocol/pubsub#delete-items http://jabber.org/protocol/pubsub#delete-nodes http://jabber.org/protocol/pubsub#filtered-notifications http://jabber.org/protocol/pubsub#get-pending http://jabber.org/protocol/pubsub#instant-nodes http://jabber.org/protocol/pubsub#item-ids http://jabber.org/protocol/pubsub#last-published http://jabber.org/protocol/pubsub#manage-subscriptions http://jabber.org/protocol/pubsub#member-affiliation http://jabber.org/protocol/pubsub#modify-affiliations http://jabber.org/protocol/pubsub#multi-items http://jabber.org/protocol/pubsub#outcast-affiliation http://jabber.org/protocol/pubsub#persistent-items http://jabber.org/protocol/pubsub#presence-notifications http://jabber.org/protocol/pubsub#presence-subscribe http://jabber.org/protocol/pubsub#publish http://jabber.org/protocol/pubsub#publish-only-affiliation http://jabber.org/protocol/pubsub#publish-options http://jabber.org/protocol/pubsub#publisher-affiliation http://jabber.org/protocol/pubsub#purge-nodes http://jabber.org/protocol/pubsub#retract-items http://jabber.org/protocol/pubsub#retrieve-affiliations http://jabber.org/protocol/pubsub#retrieve-default http://jabber.org/protocol/pubsub#retrieve-items http://jabber.org/protocol/pubsub#retrieve-subscriptions http://jabber.org/protocol/rsm http://jabber.org/protocol/pubsub#shim http://jabber.org/protocol/pubsub#subscribe http://jabber.org/protocol/pubsub#subscription-notifications]"
time=2026-08-22T18:37:01.329+02:00 level=DEBUG msg="upload discovery: service features" service=blabla.movim.eu features="[http://jabber.org/protocol/disco#info http://jabber.org/protocol/disco#items http://jabber.org/protocol/pubsub http://jabber.org/protocol/commands vcard-temp http://jabber.org/protocol/pubsub#access-authorize http://jabber.org/protocol/pubsub#access-open http://jabber.org/protocol/pubsub#access-presence http://jabber.org/protocol/pubsub#access-whitelist http://jabber.org/protocol/pubsub#auto-create http://jabber.org/protocol/pubsub#auto-subscribe http://jabber.org/protocol/pubsub#collections http://jabber.org/protocol/pubsub#config-node http://jabber.org/protocol/pubsub#config-node-max http://jabber.org/protocol/pubsub#create-and-configure http://jabber.org/protocol/pubsub#create-nodes http://jabber.org/protocol/pubsub#delete-items http://jabber.org/protocol/pubsub#delete-nodes http://jabber.org/protocol/pubsub#filtered-notifications http://jabber.org/protocol/pubsub#get-pending http://jabber.org/protocol/pubsub#instant-nodes http://jabber.org/protocol/pubsub#item-ids http://jabber.org/protocol/pubsub#last-published http://jabber.org/protocol/pubsub#manage-subscriptions http://jabber.org/protocol/pubsub#member-affiliation http://jabber.org/protocol/pubsub#modify-affiliations http://jabber.org/protocol/pubsub#multi-items http://jabber.org/protocol/pubsub#outcast-affiliation http://jabber.org/protocol/pubsub#persistent-items http://jabber.org/protocol/pubsub#presence-notifications http://jabber.org/protocol/pubsub#presence-subscribe http://jabber.org/protocol/pubsub#publish http://jabber.org/protocol/pubsub#publish-only-affiliation http://jabber.org/protocol/pubsub#publish-options http://jabber.org/protocol/pubsub#publisher-affiliation http://jabber.org/protocol/pubsub#purge-nodes http://jabber.org/protocol/pubsub#retract-items http://jabber.org/protocol/pubsub#retrieve-affiliations http://jabber.org/protocol/pubsub#retrieve-default http://jabber.org/protocol/pubsub#retrieve-items http://jabber.org/protocol/pubsub#retrieve-subscriptions http://jabber.org/protocol/rsm http://jabber.org/protocol/pubsub#shim http://jabber.org/protocol/pubsub#subscribe http://jabber.org/protocol/pubsub#subscription-notifications]"
time=2026-08-22T18:37:01.361+02:00 level=DEBUG msg="upload discovery: service features" service=comics.movim.eu features="[http://jabber.org/protocol/disco#info http://jabber.org/protocol/disco#items http://jabber.org/protocol/pubsub http://jabber.org/protocol/commands vcard-temp http://jabber.org/protocol/pubsub#access-authorize http://jabber.org/protocol/pubsub#access-open http://jabber.org/protocol/pubsub#access-presence http://jabber.org/protocol/pubsub#access-whitelist http://jabber.org/protocol/pubsub#auto-create http://jabber.org/protocol/pubsub#auto-subscribe http://jabber.org/protocol/pubsub#collections http://jabber.org/protocol/pubsub#config-node http://jabber.org/protocol/pubsub#config-node-max http://jabber.org/protocol/pubsub#create-and-configure http://jabber.org/protocol/pubsub#create-nodes http://jabber.org/protocol/pubsub#delete-items http://jabber.org/protocol/pubsub#delete-nodes http://jabber.org/protocol/pubsub#filtered-notifications http://jabber.org/protocol/pubsub#get-pending http://jabber.org/protocol/pubsub#instant-nodes http://jabber.org/protocol/pubsub#item-ids http://jabber.org/protocol/pubsub#last-published http://jabber.org/protocol/pubsub#manage-subscriptions http://jabber.org/protocol/pubsub#member-affiliation http://jabber.org/protocol/pubsub#modify-affiliations http://jabber.org/protocol/pubsub#multi-items http://jabber.org/protocol/pubsub#outcast-affiliation http://jabber.org/protocol/pubsub#persistent-items http://jabber.org/protocol/pubsub#presence-notifications http://jabber.org/protocol/pubsub#presence-subscribe http://jabber.org/protocol/pubsub#publish http://jabber.org/protocol/pubsub#publish-only-affiliation http://jabber.org/protocol/pubsub#publish-options http://jabber.org/protocol/pubsub#publisher-affiliation http://jabber.org/protocol/pubsub#purge-nodes http://jabber.org/protocol/pubsub#retract-items http://jabber.org/protocol/pubsub#retrieve-affiliations http://jabber.org/protocol/pubsub#retrieve-default http://jabber.org/protocol/pubsub#retrieve-items http://jabber.org/protocol/pubsub#retrieve-subscriptions http://jabber.org/protocol/rsm http://jabber.org/protocol/pubsub#shim http://jabber.org/protocol/pubsub#subscribe http://jabber.org/protocol/pubsub#subscription-notifications]"
time=2026-08-22T18:37:01.387+02:00 level=DEBUG msg="upload discovery: service features" service=comments.movim.eu features="[http://jabber.org/protocol/disco#info http://jabber.org/protocol/disco#items http://jabber.org/protocol/pubsub http://jabber.org/protocol/commands vcard-temp http://jabber.org/protocol/pubsub#access-authorize http://jabber.org/protocol/pubsub#access-open http://jabber.org/protocol/pubsub#access-presence http://jabber.org/protocol/pubsub#access-whitelist http://jabber.org/protocol/pubsub#auto-create http://jabber.org/protocol/pubsub#auto-subscribe http://jabber.org/protocol/pubsub#collections http://jabber.org/protocol/pubsub#config-node http://jabber.org/protocol/pubsub#config-node-max http://jabber.org/protocol/pubsub#create-and-configure http://jabber.org/protocol/pubsub#create-nodes http://jabber.org/protocol/pubsub#delete-items http://jabber.org/protocol/pubsub#delete-nodes http://jabber.org/protocol/pubsub#filtered-notifications http://jabber.org/protocol/pubsub#get-pending http://jabber.org/protocol/pubsub#instant-nodes http://jabber.org/protocol/pubsub#item-ids http://jabber.org/protocol/pubsub#last-published http://jabber.org/protocol/pubsub#manage-subscriptions http://jabber.org/protocol/pubsub#member-affiliation http://jabber.org/protocol/pubsub#modify-affiliations http://jabber.org/protocol/pubsub#multi-items http://jabber.org/protocol/pubsub#outcast-affiliation http://jabber.org/protocol/pubsub#persistent-items http://jabber.org/protocol/pubsub#presence-notifications http://jabber.org/protocol/pubsub#presence-subscribe http://jabber.org/protocol/pubsub#publish http://jabber.org/protocol/pubsub#publish-only-affiliation http://jabber.org/protocol/pubsub#publish-options http://jabber.org/protocol/pubsub#publisher-affiliation http://jabber.org/protocol/pubsub#purge-nodes http://jabber.org/protocol/pubsub#retract-items http://jabber.org/protocol/pubsub#retrieve-affiliations http://jabber.org/protocol/pubsub#retrieve-default http://jabber.org/protocol/pubsub#retrieve-items http://jabber.org/protocol/pubsub#retrieve-subscriptions http://jabber.org/protocol/rsm http://jabber.org/protocol/pubsub#shim http://jabber.org/protocol/pubsub#subscribe http://jabber.org/protocol/pubsub#subscription-notifications]"
time=2026-08-22T18:37:01.413+02:00 level=DEBUG msg="upload discovery: service features" service=conference.movim.eu features="[http://jabber.org/protocol/disco#info http://jabber.org/protocol/disco#items http://jabber.org/protocol/muc vcard-temp urn:xmpp:mucsub:0 http://jabber.org/protocol/muc#unique http://jabber.org/protocol/muc#stable_id urn:xmpp:occupant-id:0 jabber:iq:register http://jabber.org/protocol/rsm urn:xmpp:mam:tmp urn:xmpp:mam:0 urn:xmpp:mam:1 urn:xmpp:mam:2]"
time=2026-08-22T18:37:01.440+02:00 level=DEBUG msg="upload discovery: service features" service=discord.movim.eu features="[jabber:iq:search jabber:iq:register urn:ietf:params:xml:ns:vcard-4.0 urn:xmpp:pubsub-filter:0 urn:xmpp:mds:displayed:0+notify urn:xmpp:mds:displayed:0 http://jabber.org/protocol/pubsub#event http://jabber.org/protocol/pubsub#retrieve-items http://jabber.org/protocol/pubsub#persistent-items urn:xmpp:avatar:metadata+notify urn:xmpp:chat-markers:0 http://jabber.org/protocol/muc urn:xmpp:muc:affiliations:1 urn:xmpp:mam:2 urn:xmpp:mam:2#extended urn:xmpp:occupant-id:0 urn:xmpp:hats:0 urn:xmpp:spaces:0 jabber:iq:gateway urn:xmpp:ping http://jabber.org/protocol/commands http://jabber.org/protocol/disco#info jabber:x:data http://jabber.org/protocol/caps http://jabber.org/protocol/shim http://jabber.org/protocol/shim#SubID http://jabber.org/protocol/nick+notify http://jabber.org/protocol/nick vcard-temp http://jabber.org/protocol/rsm jabber:iq:oob jabber:x:oob http://jabber.org/protocol/xhtml-im urn:xmpp:avatar:metadata http://jabber.org/protocol/chatstates urn:xmpp:forward:0 jid\\20escaping urn:xmpp:receipts urn:xmpp:bob jabber:x:conference urn:xmpp:hashes:2 urn:xmpp:hash-function-text-names:sha-256 urn:xmpp:hash-function-text-names:sha-512 urn:xmpp:hash-function-text-names:sha3-256 urn:xmpp:hash-function-text-names:sha3-512 urn:xmpp:hash-function-text-names:BLAKE2b256 urn:xmpp:hash-function-text-names:BLAKE2b512 urn:xmpp:carbons:2 urn:xmpp:message-correct:0 jabber:iq:last urn:xmpp:idle:1 urn:xmpp:fasten:0 urn:xmpp:message-retract:1 urn:xmpp:message-moderate:1 urn:xmpp:reactions:0 urn:xmpp:reply:0]"
time=2026-08-22T18:37:01.472+02:00 level=DEBUG msg="upload discovery: service features" service=earth.movim.eu features="[http://jabber.org/protocol/disco#info http://jabber.org/protocol/disco#items http://jabber.org/protocol/pubsub http://jabber.org/protocol/commands vcard-temp http://jabber.org/protocol/pubsub#access-authorize http://jabber.org/protocol/pubsub#access-open http://jabber.org/protocol/pubsub#access-presence http://jabber.org/protocol/pubsub#access-whitelist http://jabber.org/protocol/pubsub#auto-create http://jabber.org/protocol/pubsub#auto-subscribe http://jabber.org/protocol/pubsub#collections http://jabber.org/protocol/pubsub#config-node http://jabber.org/protocol/pubsub#config-node-max http://jabber.org/protocol/pubsub#create-and-configure http://jabber.org/protocol/pubsub#create-nodes http://jabber.org/protocol/pubsub#delete-items http://jabber.org/protocol/pubsub#delete-nodes http://jabber.org/protocol/pubsub#filtered-notifications http://jabber.org/protocol/pubsub#get-pending http://jabber.org/protocol/pubsub#instant-nodes http://jabber.org/protocol/pubsub#item-ids http://jabber.org/protocol/pubsub#last-published http://jabber.org/protocol/pubsub#manage-subscriptions http://jabber.org/protocol/pubsub#member-affiliation http://jabber.org/protocol/pubsub#modify-affiliations http://jabber.org/protocol/pubsub#multi-items http://jabber.org/protocol/pubsub#outcast-affiliation http://jabber.org/protocol/pubsub#persistent-items http://jabber.org/protocol/pubsub#presence-notifications http://jabber.org/protocol/pubsub#presence-subscribe http://jabber.org/protocol/pubsub#publish http://jabber.org/protocol/pubsub#publish-only-affiliation http://jabber.org/protocol/pubsub#publish-options http://jabber.org/protocol/pubsub#publisher-affiliation http://jabber.org/protocol/pubsub#purge-nodes http://jabber.org/protocol/pubsub#retract-items http://jabber.org/protocol/pubsub#retrieve-affiliations http://jabber.org/protocol/pubsub#retrieve-default http://jabber.org/protocol/pubsub#retrieve-items http://jabber.org/protocol/pubsub#retrieve-subscriptions http://jabber.org/protocol/rsm http://jabber.org/protocol/pubsub#shim http://jabber.org/protocol/pubsub#subscribe http://jabber.org/protocol/pubsub#subscription-notifications]"
time=2026-08-22T18:37:01.498+02:00 level=DEBUG msg="upload discovery: service features" service=gaming.movim.eu features="[http://jabber.org/protocol/disco#info http://jabber.org/protocol/disco#items http://jabber.org/protocol/pubsub http://jabber.org/protocol/commands vcard-temp http://jabber.org/protocol/pubsub#access-authorize http://jabber.org/protocol/pubsub#access-open http://jabber.org/protocol/pubsub#access-presence http://jabber.org/protocol/pubsub#access-whitelist http://jabber.org/protocol/pubsub#auto-create http://jabber.org/protocol/pubsub#auto-subscribe http://jabber.org/protocol/pubsub#collections http://jabber.org/protocol/pubsub#config-node http://jabber.org/protocol/pubsub#config-node-max http://jabber.org/protocol/pubsub#create-and-configure http://jabber.org/protocol/pubsub#create-nodes http://jabber.org/protocol/pubsub#delete-items http://jabber.org/protocol/pubsub#delete-nodes http://jabber.org/protocol/pubsub#filtered-notifications http://jabber.org/protocol/pubsub#get-pending http://jabber.org/protocol/pubsub#instant-nodes http://jabber.org/protocol/pubsub#item-ids http://jabber.org/protocol/pubsub#last-published http://jabber.org/protocol/pubsub#manage-subscriptions http://jabber.org/protocol/pubsub#member-affiliation http://jabber.org/protocol/pubsub#modify-affiliations http://jabber.org/protocol/pubsub#multi-items http://jabber.org/protocol/pubsub#outcast-affiliation http://jabber.org/protocol/pubsub#persistent-items http://jabber.org/protocol/pubsub#presence-notifications http://jabber.org/protocol/pubsub#presence-subscribe http://jabber.org/protocol/pubsub#publish http://jabber.org/protocol/pubsub#publish-only-affiliation http://jabber.org/protocol/pubsub#publish-options http://jabber.org/protocol/pubsub#publisher-affiliation http://jabber.org/protocol/pubsub#purge-nodes http://jabber.org/protocol/pubsub#retract-items http://jabber.org/protocol/pubsub#retrieve-affiliations http://jabber.org/protocol/pubsub#retrieve-default http://jabber.org/protocol/pubsub#retrieve-items http://jabber.org/protocol/pubsub#retrieve-subscriptions http://jabber.org/protocol/rsm http://jabber.org/protocol/pubsub#shim http://jabber.org/protocol/pubsub#subscribe http://jabber.org/protocol/pubsub#subscription-notifications]"
time=2026-08-22T18:37:01.524+02:00 level=DEBUG msg="upload discovery: service features" service=irc.movim.eu features="[http://jabber.org/protocol/disco#info http://jabber.org/protocol/muc http://jabber.org/protocol/commands urn:xmpp:ping urn:xmpp:mam:2 jabber:iq:version http://jabber.org/protocol/muc#stable_id]"
time=2026-08-22T18:37:01.554+02:00 level=DEBUG msg="upload discovery: service features" service=matrix.movim.eu features="[jabber:iq:search jabber:iq:register urn:ietf:params:xml:ns:vcard-4.0 urn:xmpp:pubsub-filter:0 urn:xmpp:mds:displayed:0+notify urn:xmpp:mds:displayed:0 http://jabber.org/protocol/pubsub#event http://jabber.org/protocol/pubsub#retrieve-items http://jabber.org/protocol/pubsub#persistent-items urn:xmpp:avatar:metadata+notify urn:xmpp:chat-markers:0 http://jabber.org/protocol/muc urn:xmpp:muc:affiliations:1 urn:xmpp:mam:2 urn:xmpp:mam:2#extended urn:xmpp:occupant-id:0 urn:xmpp:hats:0 jabber:iq:gateway urn:xmpp:ping http://jabber.org/protocol/commands http://jabber.org/protocol/disco#info jabber:x:data http://jabber.org/protocol/caps http://jabber.org/protocol/shim http://jabber.org/protocol/shim#SubID http://jabber.org/protocol/nick+notify http://jabber.org/protocol/nick vcard-temp http://jabber.org/protocol/rsm jabber:iq:oob jabber:x:oob http://jabber.org/protocol/xhtml-im urn:xmpp:avatar:metadata http://jabber.org/protocol/chatstates urn:xmpp:forward:0 jid\\20escaping urn:xmpp:receipts urn:xmpp:bob jabber:x:conference urn:xmpp:hashes:2 urn:xmpp:hash-function-text-names:sha-256 urn:xmpp:hash-function-text-names:sha-512 urn:xmpp:hash-function-text-names:sha3-256 urn:xmpp:hash-function-text-names:sha3-512 urn:xmpp:hash-function-text-names:BLAKE2b256 urn:xmpp:hash-function-text-names:BLAKE2b512 urn:xmpp:carbons:2 urn:xmpp:message-correct:0 jabber:iq:last urn:xmpp:idle:1 urn:xmpp:fasten:0 urn:xmpp:message-retract:1 urn:xmpp:message-moderate:1 urn:xmpp:reactions:0 urn:xmpp:reply:0]"
time=2026-08-22T18:37:01.580+02:00 level=DEBUG msg="upload discovery: service features" service=news.movim.eu features="[http://jabber.org/protocol/disco#info http://jabber.org/protocol/disco#items http://jabber.org/protocol/pubsub http://jabber.org/protocol/commands vcard-temp http://jabber.org/protocol/pubsub#access-authorize http://jabber.org/protocol/pubsub#access-open http://jabber.org/protocol/pubsub#access-presence http://jabber.org/protocol/pubsub#access-whitelist http://jabber.org/protocol/pubsub#auto-create http://jabber.org/protocol/pubsub#auto-subscribe http://jabber.org/protocol/pubsub#collections http://jabber.org/protocol/pubsub#config-node http://jabber.org/protocol/pubsub#config-node-max http://jabber.org/protocol/pubsub#create-and-configure http://jabber.org/protocol/pubsub#create-nodes http://jabber.org/protocol/pubsub#delete-items http://jabber.org/protocol/pubsub#delete-nodes http://jabber.org/protocol/pubsub#filtered-notifications http://jabber.org/protocol/pubsub#get-pending http://jabber.org/protocol/pubsub#instant-nodes http://jabber.org/protocol/pubsub#item-ids http://jabber.org/protocol/pubsub#last-published http://jabber.org/protocol/pubsub#manage-subscriptions http://jabber.org/protocol/pubsub#member-affiliation http://jabber.org/protocol/pubsub#modify-affiliations http://jabber.org/protocol/pubsub#multi-items http://jabber.org/protocol/pubsub#outcast-affiliation http://jabber.org/protocol/pubsub#persistent-items http://jabber.org/protocol/pubsub#presence-notifications http://jabber.org/protocol/pubsub#presence-subscribe http://jabber.org/protocol/pubsub#publish http://jabber.org/protocol/pubsub#publish-only-affiliation http://jabber.org/protocol/pubsub#publish-options http://jabber.org/protocol/pubsub#publisher-affiliation http://jabber.org/protocol/pubsub#purge-nodes http://jabber.org/protocol/pubsub#retract-items http://jabber.org/protocol/pubsub#retrieve-affiliations http://jabber.org/protocol/pubsub#retrieve-default http://jabber.org/protocol/pubsub#retrieve-items http://jabber.org/protocol/pubsub#retrieve-subscriptions http://jabber.org/protocol/rsm http://jabber.org/protocol/pubsub#shim http://jabber.org/protocol/pubsub#subscribe http://jabber.org/protocol/pubsub#subscription-notifications]"
time=2026-08-22T18:37:01.606+02:00 level=DEBUG msg="upload discovery: service features" service=nsfw.movim.eu features="[http://jabber.org/protocol/disco#info http://jabber.org/protocol/disco#items http://jabber.org/protocol/pubsub http://jabber.org/protocol/commands vcard-temp http://jabber.org/protocol/pubsub#access-authorize http://jabber.org/protocol/pubsub#access-open http://jabber.org/protocol/pubsub#access-presence http://jabber.org/protocol/pubsub#access-whitelist http://jabber.org/protocol/pubsub#auto-create http://jabber.org/protocol/pubsub#auto-subscribe http://jabber.org/protocol/pubsub#collections http://jabber.org/protocol/pubsub#config-node http://jabber.org/protocol/pubsub#config-node-max http://jabber.org/protocol/pubsub#create-and-configure http://jabber.org/protocol/pubsub#create-nodes http://jabber.org/protocol/pubsub#delete-items http://jabber.org/protocol/pubsub#delete-nodes http://jabber.org/protocol/pubsub#filtered-notifications http://jabber.org/protocol/pubsub#get-pending http://jabber.org/protocol/pubsub#instant-nodes http://jabber.org/protocol/pubsub#item-ids http://jabber.org/protocol/pubsub#last-published http://jabber.org/protocol/pubsub#manage-subscriptions http://jabber.org/protocol/pubsub#member-affiliation http://jabber.org/protocol/pubsub#modify-affiliations http://jabber.org/protocol/pubsub#multi-items http://jabber.org/protocol/pubsub#outcast-affiliation http://jabber.org/protocol/pubsub#persistent-items http://jabber.org/protocol/pubsub#presence-notifications http://jabber.org/protocol/pubsub#presence-subscribe http://jabber.org/protocol/pubsub#publish http://jabber.org/protocol/pubsub#publish-only-affiliation http://jabber.org/protocol/pubsub#publish-options http://jabber.org/protocol/pubsub#publisher-affiliation http://jabber.org/protocol/pubsub#purge-nodes http://jabber.org/protocol/pubsub#retract-items http://jabber.org/protocol/pubsub#retrieve-affiliations http://jabber.org/protocol/pubsub#retrieve-default http://jabber.org/protocol/pubsub#retrieve-items http://jabber.org/protocol/pubsub#retrieve-subscriptions http://jabber.org/protocol/rsm http://jabber.org/protocol/pubsub#shim http://jabber.org/protocol/pubsub#subscribe http://jabber.org/protocol/pubsub#subscription-notifications]"
time=2026-08-22T18:37:01.632+02:00 level=DEBUG msg="upload discovery: service features" service=pictures.movim.eu features="[http://jabber.org/protocol/disco#info http://jabber.org/protocol/disco#items http://jabber.org/protocol/pubsub http://jabber.org/protocol/commands vcard-temp http://jabber.org/protocol/pubsub#access-authorize http://jabber.org/protocol/pubsub#access-open http://jabber.org/protocol/pubsub#access-presence http://jabber.org/protocol/pubsub#access-whitelist http://jabber.org/protocol/pubsub#auto-create http://jabber.org/protocol/pubsub#auto-subscribe http://jabber.org/protocol/pubsub#collections http://jabber.org/protocol/pubsub#config-node http://jabber.org/protocol/pubsub#config-node-max http://jabber.org/protocol/pubsub#create-and-configure http://jabber.org/protocol/pubsub#create-nodes http://jabber.org/protocol/pubsub#delete-items http://jabber.org/protocol/pubsub#delete-nodes http://jabber.org/protocol/pubsub#filtered-notifications http://jabber.org/protocol/pubsub#get-pending http://jabber.org/protocol/pubsub#instant-nodes http://jabber.org/protocol/pubsub#item-ids http://jabber.org/protocol/pubsub#last-published http://jabber.org/protocol/pubsub#manage-subscriptions http://jabber.org/protocol/pubsub#member-affiliation http://jabber.org/protocol/pubsub#modify-affiliations http://jabber.org/protocol/pubsub#multi-items http://jabber.org/protocol/pubsub#outcast-affiliation http://jabber.org/protocol/pubsub#persistent-items http://jabber.org/protocol/pubsub#presence-notifications http://jabber.org/protocol/pubsub#presence-subscribe http://jabber.org/protocol/pubsub#publish http://jabber.org/protocol/pubsub#publish-only-affiliation http://jabber.org/protocol/pubsub#publish-options http://jabber.org/protocol/pubsub#publisher-affiliation http://jabber.org/protocol/pubsub#purge-nodes http://jabber.org/protocol/pubsub#retract-items http://jabber.org/protocol/pubsub#retrieve-affiliations http://jabber.org/protocol/pubsub#retrieve-default http://jabber.org/protocol/pubsub#retrieve-items http://jabber.org/protocol/pubsub#retrieve-subscriptions http://jabber.org/protocol/rsm http://jabber.org/protocol/pubsub#shim http://jabber.org/protocol/pubsub#subscribe http://jabber.org/protocol/pubsub#subscription-notifications]"
time=2026-08-22T18:37:01.660+02:00 level=DEBUG msg="upload discovery: service features" service=proxy.movim.eu features="[http://jabber.org/protocol/disco#info http://jabber.org/protocol/disco#items vcard-temp http://jabber.org/protocol/bytestreams]"
time=2026-08-22T18:37:01.686+02:00 level=DEBUG msg="upload discovery: service features" service=pubsub.movim.eu features="[http://jabber.org/protocol/disco#info http://jabber.org/protocol/disco#items http://jabber.org/protocol/pubsub http://jabber.org/protocol/commands vcard-temp http://jabber.org/protocol/pubsub#access-authorize http://jabber.org/protocol/pubsub#access-open http://jabber.org/protocol/pubsub#access-presence http://jabber.org/protocol/pubsub#access-whitelist http://jabber.org/protocol/pubsub#auto-create http://jabber.org/protocol/pubsub#auto-subscribe http://jabber.org/protocol/pubsub#collections http://jabber.org/protocol/pubsub#config-node http://jabber.org/protocol/pubsub#config-node-max http://jabber.org/protocol/pubsub#create-and-configure http://jabber.org/protocol/pubsub#create-nodes http://jabber.org/protocol/pubsub#delete-items http://jabber.org/protocol/pubsub#delete-nodes http://jabber.org/protocol/pubsub#filtered-notifications http://jabber.org/protocol/pubsub#get-pending http://jabber.org/protocol/pubsub#instant-nodes http://jabber.org/protocol/pubsub#item-ids http://jabber.org/protocol/pubsub#last-published http://jabber.org/protocol/pubsub#manage-subscriptions http://jabber.org/protocol/pubsub#member-affiliation http://jabber.org/protocol/pubsub#modify-affiliations http://jabber.org/protocol/pubsub#multi-items http://jabber.org/protocol/pubsub#outcast-affiliation http://jabber.org/protocol/pubsub#persistent-items http://jabber.org/protocol/pubsub#presence-notifications http://jabber.org/protocol/pubsub#presence-subscribe http://jabber.org/protocol/pubsub#publish http://jabber.org/protocol/pubsub#publish-only-affiliation http://jabber.org/protocol/pubsub#publish-options http://jabber.org/protocol/pubsub#publisher-affiliation http://jabber.org/protocol/pubsub#purge-nodes http://jabber.org/protocol/pubsub#retract-items http://jabber.org/protocol/pubsub#retrieve-affiliations http://jabber.org/protocol/pubsub#retrieve-default http://jabber.org/protocol/pubsub#retrieve-items http://jabber.org/protocol/pubsub#retrieve-subscriptions http://jabber.org/protocol/rsm http://jabber.org/protocol/pubsub#shim http://jabber.org/protocol/pubsub#subscribe http://jabber.org/protocol/pubsub#subscription-notifications]"
time=2026-08-22T18:37:01.812+02:00 level=DEBUG msg="upload discovery: service features" service=sfu.movim.eu features="[http://jabber.org/protocol/disco#info http://jabber.org/protocol/jingle urn:xmpp:coin:1 urn:xmpp:jingle:1 urn:xmpp:jingle:apps:rtp:1 urn:xmpp:jingle:apps:rtp:audio urn:xmpp:jingle:apps:rtp:video]"
time=2026-08-22T18:37:01.837+02:00 level=DEBUG msg="upload discovery: service features" service=spaces.movim.eu features="[http://jabber.org/protocol/disco#info http://jabber.org/protocol/disco#items http://jabber.org/protocol/pubsub http://jabber.org/protocol/commands vcard-temp http://jabber.org/protocol/pubsub#access-authorize http://jabber.org/protocol/pubsub#access-open http://jabber.org/protocol/pubsub#access-presence http://jabber.org/protocol/pubsub#access-whitelist http://jabber.org/protocol/pubsub#auto-create http://jabber.org/protocol/pubsub#auto-subscribe http://jabber.org/protocol/pubsub#collections http://jabber.org/protocol/pubsub#config-node http://jabber.org/protocol/pubsub#config-node-max http://jabber.org/protocol/pubsub#create-and-configure http://jabber.org/protocol/pubsub#create-nodes http://jabber.org/protocol/pubsub#delete-items http://jabber.org/protocol/pubsub#delete-nodes http://jabber.org/protocol/pubsub#filtered-notifications http://jabber.org/protocol/pubsub#get-pending http://jabber.org/protocol/pubsub#instant-nodes http://jabber.org/protocol/pubsub#item-ids http://jabber.org/protocol/pubsub#last-published http://jabber.org/protocol/pubsub#manage-subscriptions http://jabber.org/protocol/pubsub#member-affiliation http://jabber.org/protocol/pubsub#modify-affiliations http://jabber.org/protocol/pubsub#multi-items http://jabber.org/protocol/pubsub#outcast-affiliation http://jabber.org/protocol/pubsub#persistent-items http://jabber.org/protocol/pubsub#presence-notifications http://jabber.org/protocol/pubsub#presence-subscribe http://jabber.org/protocol/pubsub#publish http://jabber.org/protocol/pubsub#publish-only-affiliation http://jabber.org/protocol/pubsub#publish-options http://jabber.org/protocol/pubsub#publisher-affiliation http://jabber.org/protocol/pubsub#purge-nodes http://jabber.org/protocol/pubsub#retract-items http://jabber.org/protocol/pubsub#retrieve-affiliations http://jabber.org/protocol/pubsub#retrieve-default http://jabber.org/protocol/pubsub#retrieve-items http://jabber.org/protocol/pubsub#retrieve-subscriptions http://jabber.org/protocol/rsm http://jabber.org/protocol/pubsub#shim http://jabber.org/protocol/pubsub#subscribe http://jabber.org/protocol/pubsub#subscription-notifications]"
time=2026-08-22T18:37:01.863+02:00 level=DEBUG msg="upload discovery: service features" service=sport.movim.eu features="[http://jabber.org/protocol/disco#info http://jabber.org/protocol/disco#items http://jabber.org/protocol/pubsub http://jabber.org/protocol/commands vcard-temp http://jabber.org/protocol/pubsub#access-authorize http://jabber.org/protocol/pubsub#access-open http://jabber.org/protocol/pubsub#access-presence http://jabber.org/protocol/pubsub#access-whitelist http://jabber.org/protocol/pubsub#auto-create http://jabber.org/protocol/pubsub#auto-subscribe http://jabber.org/protocol/pubsub#collections http://jabber.org/protocol/pubsub#config-node http://jabber.org/protocol/pubsub#config-node-max http://jabber.org/protocol/pubsub#create-and-configure http://jabber.org/protocol/pubsub#create-nodes http://jabber.org/protocol/pubsub#delete-items http://jabber.org/protocol/pubsub#delete-nodes http://jabber.org/protocol/pubsub#filtered-notifications http://jabber.org/protocol/pubsub#get-pending http://jabber.org/protocol/pubsub#instant-nodes http://jabber.org/protocol/pubsub#item-ids http://jabber.org/protocol/pubsub#last-published http://jabber.org/protocol/pubsub#manage-subscriptions http://jabber.org/protocol/pubsub#member-affiliation http://jabber.org/protocol/pubsub#modify-affiliations http://jabber.org/protocol/pubsub#multi-items http://jabber.org/protocol/pubsub#outcast-affiliation http://jabber.org/protocol/pubsub#persistent-items http://jabber.org/protocol/pubsub#presence-notifications http://jabber.org/protocol/pubsub#presence-subscribe http://jabber.org/protocol/pubsub#publish http://jabber.org/protocol/pubsub#publish-only-affiliation http://jabber.org/protocol/pubsub#publish-options http://jabber.org/protocol/pubsub#publisher-affiliation http://jabber.org/protocol/pubsub#purge-nodes http://jabber.org/protocol/pubsub#retract-items http://jabber.org/protocol/pubsub#retrieve-affiliations http://jabber.org/protocol/pubsub#retrieve-default http://jabber.org/protocol/pubsub#retrieve-items http://jabber.org/protocol/pubsub#retrieve-subscriptions http://jabber.org/protocol/rsm http://jabber.org/protocol/pubsub#shim http://jabber.org/protocol/pubsub#subscribe http://jabber.org/protocol/pubsub#subscription-notifications]"
time=2026-08-22T18:37:01.891+02:00 level=DEBUG msg="upload discovery: service features" service=telegram.movim.eu features="[jabber:iq:search jabber:iq:register urn:ietf:params:xml:ns:vcard-4.0 urn:xmpp:pubsub-filter:0 urn:xmpp:mds:displayed:0+notify urn:xmpp:mds:displayed:0 http://jabber.org/protocol/pubsub#event http://jabber.org/protocol/pubsub#retrieve-items http://jabber.org/protocol/pubsub#persistent-items urn:xmpp:avatar:metadata+notify urn:xmpp:chat-markers:0 http://jabber.org/protocol/muc urn:xmpp:muc:affiliations:1 urn:xmpp:mam:2 urn:xmpp:mam:2#extended urn:xmpp:occupant-id:0 urn:xmpp:hats:0 jabber:iq:gateway urn:xmpp:ping http://jabber.org/protocol/commands http://jabber.org/protocol/disco#info http://jabber.org/protocol/shim http://jabber.org/protocol/shim#SubID jabber:x:data http://jabber.org/protocol/caps http://jabber.org/protocol/nick+notify http://jabber.org/protocol/nick vcard-temp http://jabber.org/protocol/rsm jabber:iq:oob jabber:x:oob http://jabber.org/protocol/xhtml-im urn:xmpp:avatar:metadata http://jabber.org/protocol/chatstates urn:xmpp:forward:0 jid\\20escaping urn:xmpp:receipts urn:xmpp:bob jabber:x:conference urn:xmpp:hashes:2 urn:xmpp:hash-function-text-names:sha-256 urn:xmpp:hash-function-text-names:sha-512 urn:xmpp:hash-function-text-names:sha3-256 urn:xmpp:hash-function-text-names:sha3-512 urn:xmpp:hash-function-text-names:BLAKE2b256 urn:xmpp:hash-function-text-names:BLAKE2b512 urn:xmpp:carbons:2 urn:xmpp:message-correct:0 jabber:iq:last urn:xmpp:idle:1 urn:xmpp:fasten:0 urn:xmpp:message-retract:1 urn:xmpp:message-moderate:1 urn:xmpp:reactions:0 urn:xmpp:reply:0]"
time=2026-08-22T18:37:01.919+02:00 level=DEBUG msg="upload discovery: service features" service=upload.movim.eu features="[urn:xmpp:http:upload urn:xmpp:http:upload:0 eu:siacs:conversations:http:upload vcard-temp http://jabber.org/protocol/disco#info http://jabber.org/protocol/disco#items]"
time=2026-08-22T18:37:04.286+02:00 level=DEBUG msg="send: using omemo encryption" protocol=v1 jid=rbdduiktozne@movim.eu to=qr30bqqwv50lbb3x3tau@movim.eu
time=2026-08-22T18:37:04.347+02:00 level=DEBUG msg="send: omemo encrypt succeeded" protocol=v1 jid=rbdduiktozne@movim.eu to=qr30bqqwv50lbb3x3tau@movim.eu keys=10
time=2026-08-22T18:37:17.725+02:00 level=DEBUG msg="focus state updated" accountJID="" chatAddress="" focused=true key=""
time=2026-08-22T18:37:18.066+02:00 level=DEBUG msg="focus state updated" accountJID="" chatAddress="" focused=false key=""
time=2026-08-22T18:37:23.526+02:00 level=DEBUG msg="focus state updated" accountJID="" chatAddress="" focused=true key=""
time=2026-08-22T18:37:24.559+02:00 level=DEBUG msg="focus state updated" accountJID=rbdduiktozne@movim.eu chatAddress=qr30bqqwv50lbb3x3tau@movim.eu focused=true key="rbdduiktozne@movim.eu\x00qr30bqqwv50lbb3x3tau@movim.eu"
time=2026-08-22T18:37:24.664+02:00 level=DEBUG msg="focus state updated" accountJID="" chatAddress="" focused=true key=""
time=2026-08-22T18:37:25.676+02:00 level=DEBUG msg="focus state updated" accountJID="" chatAddress="" focused=false key=""
time=2026-08-22T18:37:54.865+02:00 level=DEBUG msg="focus state updated" accountJID="" chatAddress="" focused=true key=""
time=2026-08-22T18:37:55.284+02:00 level=DEBUG msg="focus state updated" accountJID="" chatAddress="" focused=false key=""
time=2026-08-22T18:37:56.391+02:00 level=DEBUG msg="focus state updated" accountJID=rbdduiktozne@movim.eu chatAddress=qr30bqqwv50lbb3x3tau@movim.eu focused=true key="rbdduiktozne@movim.eu\x00qr30bqqwv50lbb3x3tau@movim.eu"
time=2026-08-22T18:37:57.246+02:00 level=DEBUG msg="focus state updated" accountJID=rbdduiktozne@movim.eu chatAddress=qr30bqqwv50lbb3x3tau@movim.eu focused=false key="rbdduiktozne@movim.eu\x00qr30bqqwv50lbb3x3tau@movim.eu"
time=2026-08-22T18:39:13.113+02:00 level=DEBUG msg="focus state updated" accountJID="" chatAddress="" focused=true key=""
time=2026-08-22T18:39:13.346+02:00 level=DEBUG msg="focus state updated" accountJID="" chatAddress="" focused=false key=""
time=2026-08-22T18:39:13.713+02:00 level=DEBUG msg="focus state updated" accountJID="" chatAddress="" focused=true key=""
time=2026-08-22T18:39:16.107+02:00 level=INFO msg="kage starting" version=0.5.0-1427deb18ebdd58c7ed5ad8ac7f99c9752515325 log_file=/home/jim/.config/kage/debug.log
time=2026-08-22T18:39:16.107+02:00 level=DEBUG msg="local roster loaded" jid=rbdduiktozne@movim.eu contacts=3
time=2026-08-22T18:39:16.109+02:00 level=DEBUG msg="loadHistoryWindow done" jid=rbdduiktozne@movim.eu peer=jimww@conversations.im elapsed=2.09101ms messages=60 more=true
time=2026-08-22T18:39:16.113+02:00 level=DEBUG msg="loadHistoryWindow done" jid=rbdduiktozne@movim.eu peer=juliya@conversations.im elapsed=3.279712ms messages=60 more=true
time=2026-08-22T18:39:16.115+02:00 level=DEBUG msg="loadHistoryWindow done" jid=rbdduiktozne@movim.eu peer=qr30bqqwv50lbb3x3tau@movim.eu elapsed=2.135715ms messages=60 more=true
time=2026-08-22T18:39:16.115+02:00 level=DEBUG msg="local roster loaded" jid=jimww@conversations.im contacts=1
time=2026-08-22T18:39:16.117+02:00 level=DEBUG msg="loadHistoryWindow done" jid=jimww@conversations.im peer=rbdduiktozne@movim.eu elapsed=1.68112ms messages=60 more=true
time=2026-08-22T18:39:16.150+02:00 level=DEBUG msg="focus state updated" accountJID=rbdduiktozne@movim.eu chatAddress=jimww@conversations.im focused=true key="rbdduiktozne@movim.eu\x00jimww@conversations.im"
time=2026-08-22T18:39:16.178+02:00 level=DEBUG msg="focus state updated" accountJID=rbdduiktozne@movim.eu chatAddress=qr30bqqwv50lbb3x3tau@movim.eu focused=true key="rbdduiktozne@movim.eu\x00qr30bqqwv50lbb3x3tau@movim.eu"
time=2026-08-22T18:39:17.044+02:00 level=DEBUG msg="focus state updated" accountJID="" chatAddress="" focused=true key=""
time=2026-08-22T18:39:18.069+02:00 level=DEBUG msg="focus state updated" accountJID=rbdduiktozne@movim.eu chatAddress=jimww@conversations.im focused=true key="rbdduiktozne@movim.eu\x00jimww@conversations.im"
time=2026-08-22T18:39:18.679+02:00 level=DEBUG msg="focus state updated" accountJID=rbdduiktozne@movim.eu chatAddress=jimww@conversations.im focused=false key="rbdduiktozne@movim.eu\x00jimww@conversations.im"
time=2026-08-22T18:39:20.697+02:00 level=DEBUG msg="focus state updated" accountJID=rbdduiktozne@movim.eu chatAddress=jimww@conversations.im focused=true key="rbdduiktozne@movim.eu\x00jimww@conversations.im"
time=2026-08-22T18:39:22.807+02:00 level=DEBUG msg="focus state updated" accountJID=rbdduiktozne@movim.eu chatAddress=jimww@conversations.im focused=false key="rbdduiktozne@movim.eu\x00jimww@conversations.im"
time=2026-08-22T18:39:23.192+02:00 level=DEBUG msg="focus state updated" accountJID=rbdduiktozne@movim.eu chatAddress=jimww@conversations.im focused=true key="rbdduiktozne@movim.eu\x00jimww@conversations.im"
time=2026-08-22T18:39:56.407+02:00 level=DEBUG msg="focus state updated" accountJID=rbdduiktozne@movim.eu chatAddress=qr30bqqwv50lbb3x3tau@movim.eu focused=true key="rbdduiktozne@movim.eu\x00qr30bqqwv50lbb3x3tau@movim.eu"
time=2026-08-22T18:40:00.630+02:00 level=DEBUG msg="focus state updated" accountJID=rbdduiktozne@movim.eu chatAddress=qr30bqqwv50lbb3x3tau@movim.eu focused=false key="rbdduiktozne@movim.eu\x00qr30bqqwv50lbb3x3tau@movim.eu"
time=2026-08-22T18:40:02.053+02:00 level=DEBUG msg="focus state updated" accountJID=rbdduiktozne@movim.eu chatAddress=qr30bqqwv50lbb3x3tau@movim.eu focused=true key="rbdduiktozne@movim.eu\x00qr30bqqwv50lbb3x3tau@movim.eu"
time=2026-08-22T18:40:02.601+02:00 level=DEBUG msg="focus state updated" accountJID=rbdduiktozne@movim.eu chatAddress=qr30bqqwv50lbb3x3tau@movim.eu focused=false key="rbdduiktozne@movim.eu\x00qr30bqqwv50lbb3x3tau@movim.eu"
time=2026-08-22T18:40:09.661+02:00 level=DEBUG msg="focus state updated" accountJID="" chatAddress="" focused=false key=""
time=2026-08-22T18:40:10.622+02:00 level=DEBUG msg="focus state updated" accountJID="" chatAddress="" focused=true key=""
time=2026-08-22T18:40:10.635+02:00 level=DEBUG msg="focus state updated" accountJID=rbdduiktozne@movim.eu chatAddress=jimww@conversations.im focused=true key="rbdduiktozne@movim.eu\x00jimww@conversations.im"
time=2026-08-22T18:40:11.150+02:00 level=DEBUG msg="focus state updated" accountJID="" chatAddress="" focused=true key=""
time=2026-08-22T18:40:11.367+02:00 level=DEBUG msg="focus state updated" accountJID=rbdduiktozne@movim.eu chatAddress=jimww@conversations.im focused=true key="rbdduiktozne@movim.eu\x00jimww@conversations.im"
time=2026-08-22T18:40:12.122+02:00 level=DEBUG msg="focus state updated" accountJID=rbdduiktozne@movim.eu chatAddress=jimww@conversations.im focused=false key="rbdduiktozne@movim.eu\x00jimww@conversations.im"
time=2026-08-22T18:41:50.936+02:00 level=DEBUG msg="focus state updated" accountJID=rbdduiktozne@movim.eu chatAddress=jimww@conversations.im focused=true key="rbdduiktozne@movim.eu\x00jimww@conversations.im"
time=2026-08-22T18:41:51.760+02:00 level=DEBUG msg="focus state updated" accountJID="" chatAddress="" focused=true key=""
time=2026-08-22T18:41:52.708+02:00 level=DEBUG msg="focus state updated" accountJID=rbdduiktozne@movim.eu chatAddress=qr30bqqwv50lbb3x3tau@movim.eu focused=true key="rbdduiktozne@movim.eu\x00qr30bqqwv50lbb3x3tau@movim.eu"
time=2026-08-22T18:41:53.039+02:00 level=DEBUG msg="focus state updated" accountJID="" chatAddress="" focused=true key=""
time=2026-08-22T18:41:53.122+02:00 level=DEBUG msg="focus state updated" accountJID=rbdduiktozne@movim.eu chatAddress=qr30bqqwv50lbb3x3tau@movim.eu focused=true key="rbdduiktozne@movim.eu\x00qr30bqqwv50lbb3x3tau@movim.eu"
time=2026-08-22T18:42:00.292+02:00 level=DEBUG msg="focus state updated" accountJID=rbdduiktozne@movim.eu chatAddress=qr30bqqwv50lbb3x3tau@movim.eu focused=false key="rbdduiktozne@movim.eu\x00qr30bqqwv50lbb3x3tau@movim.eu"
time=2026-08-22T18:42:39.273+02:00 level=DEBUG msg="focus state updated" accountJID=rbdduiktozne@movim.eu chatAddress=qr30bqqwv50lbb3x3tau@movim.eu focused=true key="rbdduiktozne@movim.eu\x00qr30bqqwv50lbb3x3tau@movim.eu"
time=2026-08-22T18:42:39.635+02:00 level=DEBUG msg="focus state updated" accountJID=rbdduiktozne@movim.eu chatAddress=qr30bqqwv50lbb3x3tau@movim.eu focused=false key="rbdduiktozne@movim.eu\x00qr30bqqwv50lbb3x3tau@movim.eu"
time=2026-08-22T18:42:40.336+02:00 level=DEBUG msg="focus state updated" accountJID=rbdduiktozne@movim.eu chatAddress=qr30bqqwv50lbb3x3tau@movim.eu focused=true key="rbdduiktozne@movim.eu\x00qr30bqqwv50lbb3x3tau@movim.eu"
time=2026-08-22T18:42:47.513+02:00 level=DEBUG msg="send: using omemo encryption" protocol=v1 jid=rbdduiktozne@movim.eu to=qr30bqqwv50lbb3x3tau@movim.eu
time=2026-08-22T18:42:47.580+02:00 level=DEBUG msg="send: omemo encrypt succeeded" protocol=v1 jid=rbdduiktozne@movim.eu to=qr30bqqwv50lbb3x3tau@movim.eu keys=10
time=2026-08-22T18:42:49.372+02:00 level=DEBUG msg="focus state updated" accountJID=rbdduiktozne@movim.eu chatAddress=qr30bqqwv50lbb3x3tau@movim.eu focused=false key="rbdduiktozne@movim.eu\x00qr30bqqwv50lbb3x3tau@movim.eu"
time=2026-08-22T18:42:49.736+02:00 level=DEBUG msg="focus state updated" accountJID=rbdduiktozne@movim.eu chatAddress=qr30bqqwv50lbb3x3tau@movim.eu focused=true key="rbdduiktozne@movim.eu\x00qr30bqqwv50lbb3x3tau@movim.eu"
time=2026-08-22T18:42:53.950+02:00 level=DEBUG msg="focus state updated" accountJID="" chatAddress="" focused=true key=""
time=2026-08-22T18:42:58.886+02:00 level=DEBUG msg="focus state updated" accountJID=rbdduiktozne@movim.eu chatAddress=qr30bqqwv50lbb3x3tau@movim.eu focused=true key="rbdduiktozne@movim.eu\x00qr30bqqwv50lbb3x3tau@movim.eu"
time=2026-08-22T18:43:00.196+02:00 level=DEBUG msg="focus state updated" accountJID=rbdduiktozne@movim.eu chatAddress=qr30bqqwv50lbb3x3tau@movim.eu focused=false key="rbdduiktozne@movim.eu\x00qr30bqqwv50lbb3x3tau@movim.eu"
time=2026-08-22T18:47:57.298+02:00 level=DEBUG msg="focus state updated" accountJID=rbdduiktozne@movim.eu chatAddress=qr30bqqwv50lbb3x3tau@movim.eu focused=true key="rbdduiktozne@movim.eu\x00qr30bqqwv50lbb3x3tau@movim.eu"
time=2026-08-22T18:48:04.588+02:00 level=DEBUG msg="send: using omemo encryption" protocol=v1 jid=rbdduiktozne@movim.eu to=qr30bqqwv50lbb3x3tau@movim.eu
time=2026-08-22T18:48:04.655+02:00 level=DEBUG msg="send: omemo encrypt succeeded" protocol=v1 jid=rbdduiktozne@movim.eu to=qr30bqqwv50lbb3x3tau@movim.eu keys=10
time=2026-08-22T18:48:07.274+02:00 level=DEBUG msg="focus state updated" accountJID="" chatAddress="" focused=true key=""
time=2026-08-22T18:48:11.186+02:00 level=DEBUG msg="focus state updated" accountJID=rbdduiktozne@movim.eu chatAddress=qr30bqqwv50lbb3x3tau@movim.eu focused=true key="rbdduiktozne@movim.eu\x00qr30bqqwv50lbb3x3tau@movim.eu"
time=2026-08-22T18:48:12.135+02:00 level=DEBUG msg="focus state updated" accountJID=rbdduiktozne@movim.eu chatAddress=qr30bqqwv50lbb3x3tau@movim.eu focused=false key="rbdduiktozne@movim.eu\x00qr30bqqwv50lbb3x3tau@movim.eu"
time=2026-08-22T18:48:58.345+02:00 level=DEBUG msg="focus state updated" accountJID=rbdduiktozne@movim.eu chatAddress=qr30bqqwv50lbb3x3tau@movim.eu focused=true key="rbdduiktozne@movim.eu\x00qr30bqqwv50lbb3x3tau@movim.eu"
time=2026-08-22T18:48:58.609+02:00 level=DEBUG msg="focus state updated" accountJID=rbdduiktozne@movim.eu chatAddress=qr30bqqwv50lbb3x3tau@movim.eu focused=false key="rbdduiktozne@movim.eu\x00qr30bqqwv50lbb3x3tau@movim.eu"
time=2026-08-22T18:48:59.481+02:00 level=DEBUG msg="focus state updated" accountJID=rbdduiktozne@movim.eu chatAddress=qr30bqqwv50lbb3x3tau@movim.eu focused=true key="rbdduiktozne@movim.eu\x00qr30bqqwv50lbb3x3tau@movim.eu"
time=2026-08-22T18:49:44.972+02:00 level=DEBUG msg="focus state updated" accountJID=rbdduiktozne@movim.eu chatAddress=qr30bqqwv50lbb3x3tau@movim.eu focused=false key="rbdduiktozne@movim.eu\x00qr30bqqwv50lbb3x3tau@movim.eu"
time=2026-08-22T18:49:46.032+02:00 level=DEBUG msg="focus state updated" accountJID=rbdduiktozne@movim.eu chatAddress=qr30bqqwv50lbb3x3tau@movim.eu focused=true key="rbdduiktozne@movim.eu\x00qr30bqqwv50lbb3x3tau@movim.eu"
time=2026-08-22T18:49:48.204+02:00 level=DEBUG msg="focus state updated" accountJID=rbdduiktozne@movim.eu chatAddress=qr30bqqwv50lbb3x3tau@movim.eu focused=false key="rbdduiktozne@movim.eu\x00qr30bqqwv50lbb3x3tau@movim.eu"
time=2026-08-22T18:49:48.471+02:00 level=DEBUG msg="focus state updated" accountJID=rbdduiktozne@movim.eu chatAddress=qr30bqqwv50lbb3x3tau@movim.eu focused=true key="rbdduiktozne@movim.eu\x00qr30bqqwv50lbb3x3tau@movim.eu"
time=2026-08-22T18:49:51.468+02:00 level=DEBUG msg="focus state updated" accountJID=rbdduiktozne@movim.eu chatAddress=qr30bqqwv50lbb3x3tau@movim.eu focused=false key="rbdduiktozne@movim.eu\x00qr30bqqwv50lbb3x3tau@movim.eu"
time=2026-08-22T18:49:51.955+02:00 level=DEBUG msg="focus state updated" accountJID=rbdduiktozne@movim.eu chatAddress=qr30bqqwv50lbb3x3tau@movim.eu focused=true key="rbdduiktozne@movim.eu\x00qr30bqqwv50lbb3x3tau@movim.eu"
time=2026-08-22T18:49:52.253+02:00 level=DEBUG msg="focus state updated" accountJID="" chatAddress="" focused=true key=""
time=2026-08-22T18:49:54.561+02:00 level=DEBUG msg="focus state updated" accountJID="" chatAddress="" focused=false key=""
time=2026-08-22T18:49:57.424+02:00 level=INFO msg="kage background service: SIGTERM received, shutting down"
time=2026-08-22T18:49:57.424+02:00 level=DEBUG msg="background: socket accept loop ended" err="accept unix /home/jim/.config/kage/kage.sock: use of closed network connection"
time=2026-08-22T18:49:57.441+02:00 level=INFO msg="kage background service: exiting"
time=2026-08-22T18:50:17.324+02:00 level=INFO msg="kage starting" version=0.5.0-1427deb18ebdd58c7ed5ad8ac7f99c9752515325 log_file=/home/jim/.config/kage/debug.log
time=2026-08-22T19:05:55.508+02:00 level=INFO msg="kage starting" version=0.5.0-1427deb18ebdd58c7ed5ad8ac7f99c9752515325 log_file=/home/jim/.config/kage/debug.log
time=2026-08-22T19:18:11.560+02:00 level=INFO msg="kage starting" version=0.5.0-1427deb18ebdd58c7ed5ad8ac7f99c9752515325 log_file=/home/jim/.config/kage/debug.log
time=2026-08-22T21:13:27.894+02:00 level=INFO msg="kage starting" version=0.5.0-1427deb18ebdd58c7ed5ad8ac7f99c9752515325 log_file=/home/jim/.config/kage/debug.log
time=2026-08-22T21:13:35.412+02:00 level=INFO msg="kage starting" version=0.5.0-1427deb18ebdd58c7ed5ad8ac7f99c9752515325 log_file=/home/jim/.config/kage/debug.log
time=2026-08-22T21:13:35.467+02:00 level=INFO msg="kage starting" version=0.5.0-1427deb18ebdd58c7ed5ad8ac7f99c9752515325 log_file=/home/jim/.config/kage/debug.log
time=2026-08-22T21:13:35.468+02:00 level=INFO msg="kage background service: starting version=0.5.0-1427deb18ebdd58c7ed5ad8ac7f99c9752515325 for 2 account(s)"
time=2026-08-22T21:13:35.574+02:00 level=DEBUG msg="connectAccountLocal starting" jid=jimww@conversations.im
time=2026-08-22T21:13:35.574+02:00 level=DEBUG msg="connectAccountLocal starting" jid=rbdduiktozne@movim.eu
time=2026-08-22T21:13:35.575+02:00 level=DEBUG msg="local roster loaded" jid=jimww@conversations.im contacts=1
time=2026-08-22T21:13:35.575+02:00 level=DEBUG msg="local roster loaded" jid=rbdduiktozne@movim.eu contacts=3
time=2026-08-22T21:13:35.583+02:00 level=DEBUG msg="loadHistoryWindow done" jid=jimww@conversations.im peer=rbdduiktozne@movim.eu elapsed=7.733777ms messages=60 more=true
time=2026-08-22T21:13:35.583+02:00 level=DEBUG msg="connectAccountLocal done" jid=jimww@conversations.im elapsed=9.043423ms chats=1
time=2026-08-22T21:13:35.584+02:00 level=DEBUG msg="connectAccountLive starting" jid=jimww@conversations.im
time=2026-08-22T21:13:35.584+02:00 level=DEBUG msg="resolving password" jid=jimww@conversations.im
time=2026-08-22T21:13:35.584+02:00 level=DEBUG msg="loadHistoryWindow done" jid=rbdduiktozne@movim.eu peer=jimww@conversations.im elapsed=8.235589ms messages=60 more=true
time=2026-08-22T21:13:35.589+02:00 level=DEBUG msg="loadHistoryWindow done" jid=rbdduiktozne@movim.eu peer=juliya@conversations.im elapsed=4.523129ms messages=60 more=true
time=2026-08-22T21:13:35.593+02:00 level=DEBUG msg="local roster loaded" jid=rbdduiktozne@movim.eu contacts=3
time=2026-08-22T21:13:35.593+02:00 level=DEBUG msg="loadHistoryWindow done" jid=rbdduiktozne@movim.eu peer=qr30bqqwv50lbb3x3tau@movim.eu elapsed=4.619296ms messages=60 more=true
time=2026-08-22T21:13:35.593+02:00 level=DEBUG msg="connectAccountLocal done" jid=rbdduiktozne@movim.eu elapsed=18.903397ms chats=3
time=2026-08-22T21:13:35.595+02:00 level=DEBUG msg="connectAccountLive starting" jid=rbdduiktozne@movim.eu
time=2026-08-22T21:13:35.595+02:00 level=DEBUG msg="resolving password" jid=rbdduiktozne@movim.eu
time=2026-08-22T21:13:35.596+02:00 level=DEBUG msg="password resolved" jid=jimww@conversations.im elapsed=12.195857ms
time=2026-08-22T21:13:35.596+02:00 level=DEBUG msg=dialing jid=jimww@conversations.im
time=2026-08-22T21:13:35.598+02:00 level=DEBUG msg="loadHistoryWindow done" jid=rbdduiktozne@movim.eu peer=jimww@conversations.im elapsed=4.25513ms messages=60 more=true
time=2026-08-22T21:13:35.602+02:00 level=DEBUG msg="loadHistoryWindow done" jid=rbdduiktozne@movim.eu peer=juliya@conversations.im elapsed=4.52887ms messages=60 more=true
time=2026-08-22T21:13:35.607+02:00 level=DEBUG msg="loadHistoryWindow done" jid=rbdduiktozne@movim.eu peer=qr30bqqwv50lbb3x3tau@movim.eu elapsed=4.403007ms messages=60 more=true
time=2026-08-22T21:13:35.607+02:00 level=DEBUG msg="local roster loaded" jid=jimww@conversations.im contacts=1
time=2026-08-22T21:13:35.610+02:00 level=DEBUG msg="password resolved" jid=rbdduiktozne@movim.eu elapsed=14.956203ms
time=2026-08-22T21:13:35.610+02:00 level=DEBUG msg=dialing jid=rbdduiktozne@movim.eu
time=2026-08-22T21:13:35.611+02:00 level=DEBUG msg="loadHistoryWindow done" jid=jimww@conversations.im peer=rbdduiktozne@movim.eu elapsed=3.672371ms messages=60 more=true
time=2026-08-22T21:13:35.648+02:00 level=DEBUG msg="focus state updated" accountJID=rbdduiktozne@movim.eu chatAddress=jimww@conversations.im focused=true key="rbdduiktozne@movim.eu\x00jimww@conversations.im"
time=2026-08-22T21:13:37.918+02:00 level=DEBUG msg=dialed jid=rbdduiktozne@movim.eu elapsed=2.307297723s
time=2026-08-22T21:13:37.918+02:00 level=DEBUG msg="publishOwnGPGKey starting" jid=rbdduiktozne@movim.eu
time=2026-08-22T21:13:37.918+02:00 level=DEBUG msg="gpg: running" args="[--batch --export 84E78B81883125DEF4FFBD7735AE71B304C67013]" stdin_bytes=0 timeout=10s
time=2026-08-22T21:13:37.918+02:00 level=DEBUG msg=dialed jid=jimww@conversations.im elapsed=2.321669314s
time=2026-08-22T21:13:37.918+02:00 level=DEBUG msg="publishOwnGPGKey starting" jid=jimww@conversations.im
time=2026-08-22T21:13:37.918+02:00 level=DEBUG msg="gpg: running" args="[--batch --export 84E78B81883125DEF4FFBD7735AE71B304C67013]" stdin_bytes=0 timeout=10s
time=2026-08-22T21:13:37.925+02:00 level=DEBUG msg="gpg: finished" args="[--batch --export 84E78B81883125DEF4FFBD7735AE71B304C67013]" elapsed=7.542665ms err=<nil>
time=2026-08-22T21:13:37.926+02:00 level=WARN msg="exporting own gpg key" err="gpg export: no key found for 84E78B81883125DEF4FFBD7735AE71B304C67013"
time=2026-08-22T21:13:37.926+02:00 level=DEBUG msg="publishOwnGPGKey done" jid=jimww@conversations.im elapsed=7.759455ms
time=2026-08-22T21:13:37.926+02:00 level=DEBUG msg="gpg: finished" args="[--batch --export 84E78B81883125DEF4FFBD7735AE71B304C67013]" elapsed=7.624403ms err=<nil>
time=2026-08-22T21:13:37.926+02:00 level=WARN msg="exporting own gpg key" err="gpg export: no key found for 84E78B81883125DEF4FFBD7735AE71B304C67013"
time=2026-08-22T21:13:37.926+02:00 level=DEBUG msg="publishOwnGPGKey done" jid=rbdduiktozne@movim.eu elapsed=7.933712ms
time=2026-08-22T21:13:37.926+02:00 level=DEBUG msg="setupOmemo starting" jid=jimww@conversations.im
time=2026-08-22T21:13:37.926+02:00 level=DEBUG msg="setupOmemo starting" jid=rbdduiktozne@movim.eu
time=2026-08-22T21:13:38.153+02:00 level=DEBUG msg="makeNodeOpen: reconfigured to open access" node=urn:xmpp:omemo:2:bundles:3970042472
time=2026-08-22T21:13:38.153+02:00 level=DEBUG msg="makeNodeOpen: reconfigured to open access" node=urn:xmpp:omemo:2:bundles:454749576
time=2026-08-22T21:13:38.213+02:00 level=DEBUG msg="FetchOmemoDeviceList: fetched" peer=jimww@conversations.im count=2 devices="[454749576 1087746059]"
time=2026-08-22T21:13:38.213+02:00 level=DEBUG msg="FetchOmemoDeviceList: fetched" peer=rbdduiktozne@movim.eu count=2 devices="[3970042472 738931598]"
time=2026-08-22T21:13:38.213+02:00 level=DEBUG msg="omemo setup: local device ID and current device list" protocol=v2 jid=jimww@conversations.im local_device=454749576 devices="[454749576 1087746059]"
time=2026-08-22T21:13:38.213+02:00 level=DEBUG msg="omemo setup: publishing device list" protocol=v2 jid=jimww@conversations.im devices="[454749576 1087746059]"
time=2026-08-22T21:13:38.213+02:00 level=DEBUG msg="omemo setup: local device ID and current device list" protocol=v2 jid=rbdduiktozne@movim.eu local_device=3970042472 devices="[3970042472 738931598]"
time=2026-08-22T21:13:38.214+02:00 level=DEBUG msg="omemo setup: publishing device list" protocol=v2 jid=rbdduiktozne@movim.eu devices="[3970042472 738931598]"
time=2026-08-22T21:13:38.497+02:00 level=DEBUG msg="makeNodeOpen: reconfigured to open access" node=urn:xmpp:omemo:2:devices
time=2026-08-22T21:13:38.551+02:00 level=DEBUG msg="focus state updated" accountJID="" chatAddress="" focused=true key=""
time=2026-08-22T21:13:38.635+02:00 level=DEBUG msg="makeNodeOpen: reconfigured to open access" node=urn:xmpp:omemo:2:devices
time=2026-08-22T21:13:38.665+02:00 level=DEBUG msg="FetchOmemoDeviceList: fetched" peer=rbdduiktozne@movim.eu count=2 devices="[3970042472 738931598]"
time=2026-08-22T21:13:38.672+02:00 level=DEBUG msg="FetchOmemoDeviceList: fetched" peer=jimww@conversations.im count=2 devices="[454749576 1087746059]"
time=2026-08-22T21:13:39.030+02:00 level=DEBUG msg="makeNodeOpen: reconfigured to open access" node=eu.siacs.conversations.axolotl.bundles:1215632555
time=2026-08-22T21:13:39.036+02:00 level=DEBUG msg="makeNodeOpen: reconfigured to open access" node=eu.siacs.conversations.axolotl.bundles:396492910
time=2026-08-22T21:13:39.116+02:00 level=DEBUG msg="focus state updated" accountJID=rbdduiktozne@movim.eu chatAddress=qr30bqqwv50lbb3x3tau@movim.eu focused=true key="rbdduiktozne@movim.eu\x00qr30bqqwv50lbb3x3tau@movim.eu"
time=2026-08-22T21:13:39.177+02:00 level=DEBUG msg="FetchOmemoDeviceListV1: fetched" peer=jimww@conversations.im count=2 devices="[396492910 3519373093]"
time=2026-08-22T21:13:39.177+02:00 level=DEBUG msg="omemo setup: local device ID and current device list" protocol=v1 jid=jimww@conversations.im local_device=396492910 devices="[396492910 3519373093]"
time=2026-08-22T21:13:39.177+02:00 level=DEBUG msg="omemo setup: publishing device list" protocol=v1 jid=jimww@conversations.im devices="[396492910 3519373093]"
time=2026-08-22T21:13:39.177+02:00 level=DEBUG msg="FetchOmemoDeviceListV1: fetched" peer=rbdduiktozne@movim.eu count=4 devices="[652529220 1532489010 1215632555 281798428]"
time=2026-08-22T21:13:39.177+02:00 level=DEBUG msg="omemo setup: local device ID and current device list" protocol=v1 jid=rbdduiktozne@movim.eu local_device=1215632555 devices="[652529220 1532489010 1215632555 281798428]"
time=2026-08-22T21:13:39.177+02:00 level=DEBUG msg="omemo setup: publishing device list" protocol=v1 jid=rbdduiktozne@movim.eu devices="[652529220 1532489010 1215632555 281798428]"
time=2026-08-22T21:13:39.359+02:00 level=DEBUG msg="makeNodeOpen: reconfigured to open access" node=eu.siacs.conversations.axolotl.devicelist
time=2026-08-22T21:13:39.360+02:00 level=DEBUG msg="makeNodeOpen: reconfigured to open access" node=eu.siacs.conversations.axolotl.devicelist
time=2026-08-22T21:13:39.388+02:00 level=DEBUG msg="FetchOmemoDeviceListV1: fetched" peer=rbdduiktozne@movim.eu count=4 devices="[652529220 1532489010 1215632555 281798428]"
time=2026-08-22T21:13:39.397+02:00 level=DEBUG msg="FetchOmemoDeviceListV1: fetched" peer=jimww@conversations.im count=2 devices="[396492910 3519373093]"
time=2026-08-22T21:13:39.437+02:00 level=DEBUG msg="setupOmemo done" jid=jimww@conversations.im elapsed=1.511045947s
time=2026-08-22T21:13:39.437+02:00 level=DEBUG msg="fetching live roster" jid=jimww@conversations.im
time=2026-08-22T21:13:39.450+02:00 level=DEBUG msg="setupOmemo done" jid=rbdduiktozne@movim.eu elapsed=1.524322332s
time=2026-08-22T21:13:39.450+02:00 level=DEBUG msg="fetching live roster" jid=rbdduiktozne@movim.eu
time=2026-08-22T21:13:39.624+02:00 level=DEBUG msg="live roster fetched" jid=rbdduiktozne@movim.eu elapsed=174.081816ms contacts=3
time=2026-08-22T21:13:39.632+02:00 level=DEBUG msg="live roster fetched" jid=jimww@conversations.im elapsed=195.298845ms contacts=1
time=2026-08-22T21:13:39.747+02:00 level=DEBUG msg="FetchOmemoDeviceList: fetched" peer=jimww@conversations.im count=2 devices="[454749576 1087746059]"
time=2026-08-22T21:13:39.747+02:00 level=DEBUG msg="FetchOmemoDeviceList: fetched" peer=rbdduiktozne@movim.eu count=2 devices="[3970042472 738931598]"
time=2026-08-22T21:13:39.898+02:00 level=DEBUG msg="FetchOmemoDeviceListV1: fetched" peer=jimww@conversations.im count=2 devices="[396492910 3519373093]"
time=2026-08-22T21:13:39.919+02:00 level=DEBUG msg="resynced omemo-v1 device list on connect" peer=jimww@conversations.im jid=rbdduiktozne@movim.eu
time=2026-08-22T21:13:40.047+02:00 level=DEBUG msg="FetchOmemoDeviceListV1: fetched" peer=rbdduiktozne@movim.eu count=4 devices="[652529220 1532489010 1215632555 281798428]"
time=2026-08-22T21:13:40.091+02:00 level=DEBUG msg="resynced omemo-v1 device list on connect" peer=rbdduiktozne@movim.eu jid=jimww@conversations.im
time=2026-08-22T21:13:40.091+02:00 level=DEBUG msg="connectAccountLive done" jid=jimww@conversations.im elapsed=4.506990789s new_chats=0
time=2026-08-22T21:13:40.091+02:00 level=DEBUG msg="syncArchive starting" jid=jimww@conversations.im
time=2026-08-22T21:13:40.092+02:00 level=DEBUG msg="syncArchive: contacts to check" jid=jimww@conversations.im contacts=2
time=2026-08-22T21:13:40.092+02:00 level=DEBUG msg="received omemo device-list PEP push" protocol=v1 from="" jid=jimww@conversations.im
time=2026-08-22T21:13:40.092+02:00 level=DEBUG msg="received omemo device-list PEP push" protocol=v2 from="" jid=jimww@conversations.im
time=2026-08-22T21:13:40.092+02:00 level=DEBUG msg="received omemo device-list PEP push" protocol=v1 from=rbdduiktozne@movim.eu jid=jimww@conversations.im
time=2026-08-22T21:13:40.092+02:00 level=DEBUG msg="received omemo device-list PEP push" protocol=v2 from=rbdduiktozne@movim.eu jid=jimww@conversations.im
time=2026-08-22T21:13:40.092+02:00 level=DEBUG msg="received omemo device-list PEP push" protocol=v1 from=rbdduiktozne@movim.eu jid=jimww@conversations.im
time=2026-08-22T21:13:40.092+02:00 level=DEBUG msg="received omemo device-list PEP push" protocol=v2 from=rbdduiktozne@movim.eu jid=jimww@conversations.im
time=2026-08-22T21:13:40.092+02:00 level=DEBUG msg="received omemo device-list PEP push" protocol=v2 from="" jid=jimww@conversations.im
time=2026-08-22T21:13:40.092+02:00 level=DEBUG msg="received omemo device-list PEP push" protocol=v2 from=rbdduiktozne@movim.eu jid=jimww@conversations.im
time=2026-08-22T21:13:40.092+02:00 level=DEBUG msg="received omemo device-list PEP push" protocol=v1 from="" jid=jimww@conversations.im
time=2026-08-22T21:13:40.092+02:00 level=DEBUG msg="received omemo device-list PEP push" protocol=v1 from=rbdduiktozne@movim.eu jid=jimww@conversations.im
time=2026-08-22T21:13:40.201+02:00 level=DEBUG msg="FetchOmemoDeviceListV1: fetched" peer=juliya@conversations.im count=1 devices=[80731641]
time=2026-08-22T21:13:40.224+02:00 level=DEBUG msg="resynced omemo-v1 device list on connect" peer=juliya@conversations.im jid=rbdduiktozne@movim.eu
time=2026-08-22T21:13:40.372+02:00 level=DEBUG msg="mam page fetched" jid=jimww@conversations.im peer=rbdduiktozne@movim.eu page=0 elapsed=280.393142ms after=1786145008487877 items=0 complete=false err=<nil>
time=2026-08-22T21:13:40.372+02:00 level=DEBUG msg="syncArchiveForContact done" jid=jimww@conversations.im peer=rbdduiktozne@movim.eu elapsed=280.495741ms
time=2026-08-22T21:13:40.373+02:00 level=DEBUG msg="FetchOmemoDeviceList: fetched" peer=qr30bqqwv50lbb3x3tau@movim.eu count=9 devices="[3546796710 543807001 1136287838 804539282 766575397 1069781368 3439252694 3095662882 1110435295]"
time=2026-08-22T21:13:40.373+02:00 level=DEBUG msg="FetchOmemoDeviceListV1: fetched" peer=rbdduiktozne@movim.eu count=4 devices="[652529220 1532489010 1215632555 281798428]"
time=2026-08-22T21:13:40.373+02:00 level=DEBUG msg="FetchOmemoDeviceListV1: fetched" peer=rbdduiktozne@movim.eu count=4 devices="[652529220 1532489010 1215632555 281798428]"
time=2026-08-22T21:13:40.374+02:00 level=DEBUG msg="FetchOmemoDeviceList: fetched" peer=rbdduiktozne@movim.eu count=2 devices="[3970042472 738931598]"
time=2026-08-22T21:13:40.374+02:00 level=DEBUG msg="FetchOmemoDeviceListV1: fetched" peer=rbdduiktozne@movim.eu count=4 devices="[652529220 1532489010 1215632555 281798428]"
time=2026-08-22T21:13:40.374+02:00 level=DEBUG msg="FetchOmemoDeviceList: fetched" peer=rbdduiktozne@movim.eu count=2 devices="[3970042472 738931598]"
time=2026-08-22T21:13:40.374+02:00 level=DEBUG msg="FetchOmemoDeviceList: fetched" peer=rbdduiktozne@movim.eu count=2 devices="[3970042472 738931598]"
time=2026-08-22T21:13:40.412+02:00 level=DEBUG msg="mam page fetched" jid=jimww@conversations.im peer=jimww@conversations.im page=0 elapsed=39.398016ms after="" items=0 complete=false err=<nil>
time=2026-08-22T21:13:40.412+02:00 level=DEBUG msg="syncArchiveForContact done" jid=jimww@conversations.im peer=jimww@conversations.im elapsed=39.47238ms
time=2026-08-22T21:13:40.412+02:00 level=DEBUG msg="syncArchive done" jid=jimww@conversations.im elapsed=320.300524ms
time=2026-08-22T21:13:40.433+02:00 level=DEBUG msg="resynced omemo device list after PEP push" protocol=v2 from=rbdduiktozne@movim.eu jid=jimww@conversations.im
time=2026-08-22T21:13:40.487+02:00 level=DEBUG msg="resynced omemo device list after PEP push" protocol=v1 from=rbdduiktozne@movim.eu jid=jimww@conversations.im
time=2026-08-22T21:13:40.487+02:00 level=DEBUG msg="resynced omemo device list after PEP push" protocol=v2 from=rbdduiktozne@movim.eu jid=jimww@conversations.im
time=2026-08-22T21:13:40.540+02:00 level=DEBUG msg="resynced omemo device list after PEP push" protocol=v2 from=rbdduiktozne@movim.eu jid=jimww@conversations.im
time=2026-08-22T21:13:40.568+02:00 level=DEBUG msg="resynced omemo device list after PEP push" protocol=v1 from=rbdduiktozne@movim.eu jid=jimww@conversations.im
time=2026-08-22T21:13:40.575+02:00 level=DEBUG msg="resynced omemo device list after PEP push" protocol=v1 from=rbdduiktozne@movim.eu jid=jimww@conversations.im
time=2026-08-22T21:13:40.698+02:00 level=DEBUG msg="FetchOmemoDeviceListV1: fetched" peer=qr30bqqwv50lbb3x3tau@movim.eu count=7 devices="[1041050623 99377310 406890504 465880925 1294895317 1689625064 1425664679]"
time=2026-08-22T21:13:40.758+02:00 level=DEBUG msg="resynced omemo-v1 device list on connect" peer=qr30bqqwv50lbb3x3tau@movim.eu jid=rbdduiktozne@movim.eu
time=2026-08-22T21:13:40.759+02:00 level=DEBUG msg="connectAccountLive done" jid=rbdduiktozne@movim.eu elapsed=5.163337498s new_chats=0
time=2026-08-22T21:13:40.759+02:00 level=DEBUG msg="syncArchive starting" jid=rbdduiktozne@movim.eu
time=2026-08-22T21:13:40.759+02:00 level=DEBUG msg="syncArchive: contacts to check" jid=rbdduiktozne@movim.eu contacts=4
time=2026-08-22T21:13:40.759+02:00 level=DEBUG msg="received omemo device-list PEP push" protocol=v1 from="" jid=rbdduiktozne@movim.eu
time=2026-08-22T21:13:40.759+02:00 level=DEBUG msg="received omemo device-list PEP push" protocol=v1 from=qr30bqqwv50lbb3x3tau@movim.eu jid=rbdduiktozne@movim.eu
time=2026-08-22T21:13:40.760+02:00 level=DEBUG msg="received omemo device-list PEP push" protocol=v2 from="" jid=rbdduiktozne@movim.eu
time=2026-08-22T21:13:40.760+02:00 level=DEBUG msg="received omemo device-list PEP push" protocol=v2 from=qr30bqqwv50lbb3x3tau@movim.eu jid=rbdduiktozne@movim.eu
time=2026-08-22T21:13:40.760+02:00 level=DEBUG msg="received omemo device-list PEP push" protocol=v1 from=juliya@conversations.im jid=rbdduiktozne@movim.eu
time=2026-08-22T21:13:40.760+02:00 level=DEBUG msg="received omemo device-list PEP push" protocol=v1 from=jimww@conversations.im jid=rbdduiktozne@movim.eu
time=2026-08-22T21:13:40.760+02:00 level=DEBUG msg="received omemo device-list PEP push" protocol=v2 from=jimww@conversations.im jid=rbdduiktozne@movim.eu
time=2026-08-22T21:13:40.760+02:00 level=DEBUG msg="received omemo device-list PEP push" protocol=v2 from="" jid=rbdduiktozne@movim.eu
time=2026-08-22T21:13:40.760+02:00 level=DEBUG msg="received omemo device-list PEP push" protocol=v2 from=jimww@conversations.im jid=rbdduiktozne@movim.eu
time=2026-08-22T21:13:40.760+02:00 level=DEBUG msg="received omemo device-list PEP push" protocol=v1 from="" jid=rbdduiktozne@movim.eu
time=2026-08-22T21:13:40.760+02:00 level=DEBUG msg="received omemo device-list PEP push" protocol=v1 from=jimww@conversations.im jid=rbdduiktozne@movim.eu
time=2026-08-22T21:13:40.861+02:00 level=DEBUG msg="FetchOmemoDeviceListV1: fetched" peer=qr30bqqwv50lbb3x3tau@movim.eu count=7 devices="[1041050623 99377310 406890504 465880925 1294895317 1689625064 1425664679]"
time=2026-08-22T21:13:40.914+02:00 level=DEBUG msg="resynced omemo device list after PEP push" protocol=v1 from=qr30bqqwv50lbb3x3tau@movim.eu jid=rbdduiktozne@movim.eu
time=2026-08-22T21:13:40.976+02:00 level=DEBUG msg="mam page fetched" jid=rbdduiktozne@movim.eu peer=jimww@conversations.im page=0 elapsed=216.914746ms after=1786145008477310 items=0 complete=false err=<nil>
time=2026-08-22T21:13:40.976+02:00 level=DEBUG msg="syncArchiveForContact done" jid=rbdduiktozne@movim.eu peer=jimww@conversations.im elapsed=217.02989ms
time=2026-08-22T21:13:40.977+02:00 level=DEBUG msg="FetchOmemoDeviceList: fetched" peer=qr30bqqwv50lbb3x3tau@movim.eu count=9 devices="[3546796710 543807001 1136287838 804539282 766575397 1069781368 3439252694 3095662882 1110435295]"
time=2026-08-22T21:13:40.977+02:00 level=DEBUG msg="received omemo device-list PEP push" protocol=v1 from=qr30bqqwv50lbb3x3tau@movim.eu jid=rbdduiktozne@movim.eu
time=2026-08-22T21:13:41.046+02:00 level=DEBUG msg="resynced omemo device list after PEP push" protocol=v2 from=qr30bqqwv50lbb3x3tau@movim.eu jid=rbdduiktozne@movim.eu
time=2026-08-22T21:13:41.128+02:00 level=DEBUG msg="received omemo device-list PEP push" protocol=v2 from=qr30bqqwv50lbb3x3tau@movim.eu jid=rbdduiktozne@movim.eu
time=2026-08-22T21:13:41.129+02:00 level=DEBUG msg="FetchOmemoDeviceListV1: fetched" peer=juliya@conversations.im count=1 devices=[80731641]
time=2026-08-22T21:13:41.129+02:00 level=DEBUG msg="FetchOmemoDeviceList: fetched" peer=jimww@conversations.im count=2 devices="[454749576 1087746059]"
time=2026-08-22T21:13:41.129+02:00 level=DEBUG msg="FetchOmemoDeviceList: fetched" peer=jimww@conversations.im count=2 devices="[454749576 1087746059]"
time=2026-08-22T21:13:41.129+02:00 level=DEBUG msg="FetchOmemoDeviceListV1: fetched" peer=jimww@conversations.im count=2 devices="[396492910 3519373093]"
time=2026-08-22T21:13:41.129+02:00 level=DEBUG msg="FetchOmemoDeviceListV1: fetched" peer=jimww@conversations.im count=2 devices="[396492910 3519373093]"
time=2026-08-22T21:13:41.157+02:00 level=DEBUG msg="mam page fetched" jid=rbdduiktozne@movim.eu peer=juliya@conversations.im page=0 elapsed=180.787237ms after=1781027641892659 items=0 complete=false err=<nil>
time=2026-08-22T21:13:41.157+02:00 level=DEBUG msg="syncArchiveForContact done" jid=rbdduiktozne@movim.eu peer=juliya@conversations.im elapsed=180.889295ms
time=2026-08-22T21:13:41.158+02:00 level=DEBUG msg="FetchOmemoDeviceListV1: fetched" peer=qr30bqqwv50lbb3x3tau@movim.eu count=7 devices="[1041050623 99377310 406890504 465880925 1294895317 1689625064 1425664679]"
time=2026-08-22T21:13:41.158+02:00 level=DEBUG msg="FetchOmemoDeviceList: fetched" peer=qr30bqqwv50lbb3x3tau@movim.eu count=9 devices="[3546796710 543807001 1136287838 804539282 766575397 1069781368 3439252694 3095662882 1110435295]"
time=2026-08-22T21:13:41.161+02:00 level=DEBUG msg="resynced omemo device list after PEP push" protocol=v1 from=juliya@conversations.im jid=rbdduiktozne@movim.eu
time=2026-08-22T21:13:41.174+02:00 level=DEBUG msg="resynced omemo device list after PEP push" protocol=v1 from=jimww@conversations.im jid=rbdduiktozne@movim.eu
time=2026-08-22T21:13:41.228+02:00 level=DEBUG msg="resynced omemo device list after PEP push" protocol=v1 from=jimww@conversations.im jid=rbdduiktozne@movim.eu
time=2026-08-22T21:13:41.234+02:00 level=DEBUG msg="resynced omemo device list after PEP push" protocol=v2 from=jimww@conversations.im jid=rbdduiktozne@movim.eu
time=2026-08-22T21:13:41.248+02:00 level=DEBUG msg="resynced omemo device list after PEP push" protocol=v2 from=jimww@conversations.im jid=rbdduiktozne@movim.eu
time=2026-08-22T21:13:41.308+02:00 level=DEBUG msg="resynced omemo device list after PEP push" protocol=v1 from=qr30bqqwv50lbb3x3tau@movim.eu jid=rbdduiktozne@movim.eu
time=2026-08-22T21:13:41.336+02:00 level=DEBUG msg="resynced omemo device list after PEP push" protocol=v2 from=qr30bqqwv50lbb3x3tau@movim.eu jid=rbdduiktozne@movim.eu
time=2026-08-22T21:13:41.434+02:00 level=DEBUG msg="mam page fetched" jid=rbdduiktozne@movim.eu peer=qr30bqqwv50lbb3x3tau@movim.eu page=0 elapsed=276.550286ms after=1780827424944565 items=0 complete=false err=<nil>
time=2026-08-22T21:13:41.434+02:00 level=DEBUG msg="syncArchiveForContact done" jid=rbdduiktozne@movim.eu peer=qr30bqqwv50lbb3x3tau@movim.eu elapsed=276.637175ms
time=2026-08-22T21:13:41.470+02:00 level=DEBUG msg="mam page fetched" jid=rbdduiktozne@movim.eu peer=rbdduiktozne@movim.eu page=0 elapsed=36.229799ms after="" items=0 complete=false err=<nil>
time=2026-08-22T21:13:41.470+02:00 level=DEBUG msg="syncArchiveForContact done" jid=rbdduiktozne@movim.eu peer=rbdduiktozne@movim.eu elapsed=36.33385ms
time=2026-08-22T21:13:41.470+02:00 level=DEBUG msg="syncArchive done" jid=rbdduiktozne@movim.eu elapsed=711.246899ms
time=2026-08-22T21:13:47.321+02:00 level=DEBUG msg="focus state updated" accountJID="" chatAddress="" focused=true key=""
time=2026-08-22T21:13:47.497+02:00 level=DEBUG msg="focus state updated" accountJID=rbdduiktozne@movim.eu chatAddress=qr30bqqwv50lbb3x3tau@movim.eu focused=true key="rbdduiktozne@movim.eu\x00qr30bqqwv50lbb3x3tau@movim.eu"
time=2026-08-22T21:14:15.461+02:00 level=DEBUG msg="focus state updated" accountJID=rbdduiktozne@movim.eu chatAddress=qr30bqqwv50lbb3x3tau@movim.eu focused=false key="rbdduiktozne@movim.eu\x00qr30bqqwv50lbb3x3tau@movim.eu"
time=2026-08-22T22:57:43.899+02:00 level=WARN msg="account disconnected; reconnecting" jid=rbdduiktozne@movim.eu err="write tcp [2a02:a03f:c919:cd00:1784:e67:9b07:b34d]:41948->[2a03:4000:51:f44:4e1:2ff:fe00:4257]:5223: write: broken pipe"
time=2026-08-22T22:57:43.899+02:00 level=WARN msg="account disconnected; reconnecting" jid=jimww@conversations.im err="write tcp [2a02:a03f:c919:cd00:1784:e67:9b07:b34d]:33732->[2a00:1828:2000:215::50]:443: write: broken pipe"
time=2026-08-22T22:57:45.858+02:00 level=DEBUG msg="makeNodeOpen: reconfigured to open access" node=urn:xmpp:omemo:2:bundles:454749576
time=2026-08-22T22:57:46.086+02:00 level=DEBUG msg="FetchOmemoDeviceList: fetched" peer=jimww@conversations.im count=2 devices="[454749576 1087746059]"
time=2026-08-22T22:57:46.086+02:00 level=DEBUG msg="makeNodeOpen: reconfigured to open access" node=urn:xmpp:omemo:2:bundles:3970042472
time=2026-08-22T22:57:46.086+02:00 level=DEBUG msg="omemo setup: local device ID and current device list" protocol=v2 jid=jimww@conversations.im local_device=454749576 devices="[454749576 1087746059]"
time=2026-08-22T22:57:46.086+02:00 level=DEBUG msg="omemo setup: publishing device list" protocol=v2 jid=jimww@conversations.im devices="[454749576 1087746059]"
time=2026-08-22T22:57:46.203+02:00 level=DEBUG msg="FetchOmemoDeviceList: fetched" peer=rbdduiktozne@movim.eu count=2 devices="[3970042472 738931598]"
time=2026-08-22T22:57:46.203+02:00 level=DEBUG msg="omemo setup: local device ID and current device list" protocol=v2 jid=rbdduiktozne@movim.eu local_device=3970042472 devices="[3970042472 738931598]"
time=2026-08-22T22:57:46.203+02:00 level=DEBUG msg="omemo setup: publishing device list" protocol=v2 jid=rbdduiktozne@movim.eu devices="[3970042472 738931598]"
time=2026-08-22T22:57:46.437+02:00 level=DEBUG msg="makeNodeOpen: reconfigured to open access" node=urn:xmpp:omemo:2:devices
time=2026-08-22T22:57:46.741+02:00 level=DEBUG msg="makeNodeOpen: reconfigured to open access" node=urn:xmpp:omemo:2:devices
time=2026-08-22T22:57:46.741+02:00 level=DEBUG msg="FetchOmemoDeviceList: fetched" peer=jimww@conversations.im count=2 devices="[454749576 1087746059]"
time=2026-08-22T22:57:46.787+02:00 level=DEBUG msg="FetchOmemoDeviceList: fetched" peer=rbdduiktozne@movim.eu count=2 devices="[3970042472 738931598]"
time=2026-08-22T22:57:46.931+02:00 level=DEBUG msg="makeNodeOpen: reconfigured to open access" node=eu.siacs.conversations.axolotl.bundles:396492910
time=2026-08-22T22:57:46.931+02:00 level=DEBUG msg="makeNodeOpen: reconfigured to open access" node=eu.siacs.conversations.axolotl.bundles:1215632555
time=2026-08-22T22:57:46.976+02:00 level=DEBUG msg="FetchOmemoDeviceListV1: fetched" peer=rbdduiktozne@movim.eu count=4 devices="[652529220 1532489010 1215632555 281798428]"
time=2026-08-22T22:57:46.976+02:00 level=DEBUG msg="omemo setup: local device ID and current device list" protocol=v1 jid=rbdduiktozne@movim.eu local_device=1215632555 devices="[652529220 1532489010 1215632555 281798428]"
time=2026-08-22T22:57:46.976+02:00 level=DEBUG msg="omemo setup: publishing device list" protocol=v1 jid=rbdduiktozne@movim.eu devices="[652529220 1532489010 1215632555 281798428]"
time=2026-08-22T22:57:46.983+02:00 level=DEBUG msg="FetchOmemoDeviceListV1: fetched" peer=jimww@conversations.im count=2 devices="[396492910 3519373093]"
time=2026-08-22T22:57:46.983+02:00 level=DEBUG msg="omemo setup: local device ID and current device list" protocol=v1 jid=jimww@conversations.im local_device=396492910 devices="[396492910 3519373093]"
time=2026-08-22T22:57:46.983+02:00 level=DEBUG msg="omemo setup: publishing device list" protocol=v1 jid=jimww@conversations.im devices="[396492910 3519373093]"
time=2026-08-22T22:57:47.153+02:00 level=DEBUG msg="makeNodeOpen: reconfigured to open access" node=eu.siacs.conversations.axolotl.devicelist
time=2026-08-22T22:57:47.184+02:00 level=DEBUG msg="makeNodeOpen: reconfigured to open access" node=eu.siacs.conversations.axolotl.devicelist
time=2026-08-22T22:57:47.197+02:00 level=DEBUG msg="FetchOmemoDeviceListV1: fetched" peer=rbdduiktozne@movim.eu count=4 devices="[652529220 1532489010 1215632555 281798428]"
time=2026-08-22T22:57:47.234+02:00 level=DEBUG msg="FetchOmemoDeviceListV1: fetched" peer=jimww@conversations.im count=2 devices="[396492910 3519373093]"
time=2026-08-22T22:57:47.281+02:00 level=DEBUG msg="FetchOmemoDeviceList: fetched" peer=qr30bqqwv50lbb3x3tau@movim.eu count=9 devices="[3546796710 543807001 1136287838 804539282 766575397 1069781368 3439252694 3095662882 1110435295]"
time=2026-08-22T22:57:47.335+02:00 level=DEBUG msg="FetchOmemoDeviceList: fetched" peer=rbdduiktozne@movim.eu count=2 devices="[3970042472 738931598]"
time=2026-08-22T22:57:47.396+02:00 level=DEBUG msg="FetchOmemoDeviceListV1: fetched" peer=qr30bqqwv50lbb3x3tau@movim.eu count=7 devices="[1041050623 99377310 406890504 465880925 1294895317 1689625064 1425664679]"
time=2026-08-22T22:57:47.440+02:00 level=DEBUG msg="FetchOmemoDeviceListV1: fetched" peer=rbdduiktozne@movim.eu count=4 devices="[652529220 1532489010 1215632555 281798428]"
time=2026-08-22T22:57:47.453+02:00 level=DEBUG msg="resynced omemo-v1 device list on connect" peer=qr30bqqwv50lbb3x3tau@movim.eu jid=rbdduiktozne@movim.eu
time=2026-08-22T22:57:47.478+02:00 level=DEBUG msg="resynced omemo-v1 device list on connect" peer=rbdduiktozne@movim.eu jid=jimww@conversations.im
time=2026-08-22T22:57:47.499+02:00 level=DEBUG msg="FetchOmemoDeviceList: fetched" peer=rbdduiktozne@movim.eu count=2 devices="[3970042472 738931598]"
time=2026-08-22T22:57:47.540+02:00 level=DEBUG msg="FetchOmemoDeviceList: fetched" peer=jimww@conversations.im count=2 devices="[454749576 1087746059]"
time=2026-08-22T22:57:47.567+02:00 level=DEBUG msg="FetchOmemoDeviceListV1: fetched" peer=rbdduiktozne@movim.eu count=4 devices="[652529220 1532489010 1215632555 281798428]"
time=2026-08-22T22:57:47.599+02:00 level=DEBUG msg="resynced omemo-v1 device list on connect" peer=rbdduiktozne@movim.eu jid=rbdduiktozne@movim.eu
time=2026-08-22T22:57:47.610+02:00 level=DEBUG msg="FetchOmemoDeviceListV1: fetched" peer=jimww@conversations.im count=2 devices="[396492910 3519373093]"
time=2026-08-22T22:57:47.630+02:00 level=DEBUG msg="resynced omemo-v1 device list on connect" peer=jimww@conversations.im jid=jimww@conversations.im
time=2026-08-22T22:57:47.630+02:00 level=DEBUG msg="account reconnected" jid=jimww@conversations.im
time=2026-08-22T22:57:47.631+02:00 level=DEBUG msg="syncArchive: contacts to check" jid=jimww@conversations.im contacts=2
time=2026-08-22T22:57:47.667+02:00 level=DEBUG msg="FetchOmemoDeviceList: fetched" peer=jimww@conversations.im count=2 devices="[454749576 1087746059]"
time=2026-08-22T22:57:47.765+02:00 level=DEBUG msg="FetchOmemoDeviceListV1: fetched" peer=jimww@conversations.im count=2 devices="[396492910 3519373093]"
time=2026-08-22T22:57:47.784+02:00 level=DEBUG msg="resynced omemo-v1 device list on connect" peer=jimww@conversations.im jid=rbdduiktozne@movim.eu
time=2026-08-22T22:57:47.820+02:00 level=DEBUG msg="mam page fetched" jid=jimww@conversations.im peer=rbdduiktozne@movim.eu page=0 elapsed=188.73737ms after=1786145008487877 items=0 complete=false err=<nil>
time=2026-08-22T22:57:47.820+02:00 level=DEBUG msg="syncArchiveForContact done" jid=jimww@conversations.im peer=rbdduiktozne@movim.eu elapsed=188.82214ms
time=2026-08-22T22:57:47.914+02:00 level=DEBUG msg="mam page fetched" jid=jimww@conversations.im peer=jimww@conversations.im page=0 elapsed=93.890693ms after="" items=0 complete=false err=<nil>
time=2026-08-22T22:57:47.914+02:00 level=DEBUG msg="syncArchiveForContact done" jid=jimww@conversations.im peer=jimww@conversations.im elapsed=93.960555ms
time=2026-08-22T22:57:47.914+02:00 level=DEBUG msg="received omemo device-list PEP push" protocol=v1 from="" jid=jimww@conversations.im
time=2026-08-22T22:57:47.914+02:00 level=DEBUG msg="received omemo device-list PEP push" protocol=v2 from="" jid=jimww@conversations.im
time=2026-08-22T22:57:47.914+02:00 level=DEBUG msg="received omemo device-list PEP push" protocol=v1 from=rbdduiktozne@movim.eu jid=jimww@conversations.im
time=2026-08-22T22:57:47.914+02:00 level=DEBUG msg="received omemo device-list PEP push" protocol=v2 from=rbdduiktozne@movim.eu jid=jimww@conversations.im
time=2026-08-22T22:57:47.914+02:00 level=DEBUG msg="received omemo device-list PEP push" protocol=v1 from=rbdduiktozne@movim.eu jid=jimww@conversations.im
time=2026-08-22T22:57:47.914+02:00 level=DEBUG msg="received omemo device-list PEP push" protocol=v2 from=rbdduiktozne@movim.eu jid=jimww@conversations.im
time=2026-08-22T22:57:47.914+02:00 level=DEBUG msg="received omemo device-list PEP push" protocol=v1 from=rbdduiktozne@movim.eu jid=jimww@conversations.im
time=2026-08-22T22:57:47.914+02:00 level=DEBUG msg="received omemo device-list PEP push" protocol=v2 from=rbdduiktozne@movim.eu jid=jimww@conversations.im
time=2026-08-22T22:57:47.914+02:00 level=DEBUG msg="received omemo device-list PEP push" protocol=v2 from="" jid=jimww@conversations.im
time=2026-08-22T22:57:47.914+02:00 level=DEBUG msg="received omemo device-list PEP push" protocol=v2 from=rbdduiktozne@movim.eu jid=jimww@conversations.im
time=2026-08-22T22:57:47.914+02:00 level=DEBUG msg="received omemo device-list PEP push" protocol=v1 from="" jid=jimww@conversations.im
time=2026-08-22T22:57:47.914+02:00 level=DEBUG msg="received omemo device-list PEP push" protocol=v1 from=rbdduiktozne@movim.eu jid=jimww@conversations.im
time=2026-08-22T22:57:47.926+02:00 level=DEBUG msg="FetchOmemoDeviceListV1: fetched" peer=juliya@conversations.im count=1 devices=[80731641]
time=2026-08-22T22:57:47.947+02:00 level=DEBUG msg="resynced omemo-v1 device list on connect" peer=juliya@conversations.im jid=rbdduiktozne@movim.eu
time=2026-08-22T22:57:47.947+02:00 level=DEBUG msg="account reconnected" jid=rbdduiktozne@movim.eu
time=2026-08-22T22:57:47.948+02:00 level=DEBUG msg="syncArchive: contacts to check" jid=rbdduiktozne@movim.eu contacts=4
time=2026-08-22T22:57:47.998+02:00 level=DEBUG msg="FetchOmemoDeviceListV1: fetched" peer=rbdduiktozne@movim.eu count=4 devices="[652529220 1532489010 1215632555 281798428]"
time=2026-08-22T22:57:48.005+02:00 level=DEBUG msg="FetchOmemoDeviceListV1: fetched" peer=rbdduiktozne@movim.eu count=4 devices="[652529220 1532489010 1215632555 281798428]"
time=2026-08-22T22:57:48.005+02:00 level=DEBUG msg="FetchOmemoDeviceList: fetched" peer=rbdduiktozne@movim.eu count=2 devices="[3970042472 738931598]"
time=2026-08-22T22:57:48.005+02:00 level=DEBUG msg="FetchOmemoDeviceList: fetched" peer=rbdduiktozne@movim.eu count=2 devices="[3970042472 738931598]"
time=2026-08-22T22:57:48.015+02:00 level=DEBUG msg="FetchOmemoDeviceList: fetched" peer=rbdduiktozne@movim.eu count=2 devices="[3970042472 738931598]"
time=2026-08-22T22:57:48.015+02:00 level=DEBUG msg="FetchOmemoDeviceListV1: fetched" peer=rbdduiktozne@movim.eu count=4 devices="[652529220 1532489010 1215632555 281798428]"
time=2026-08-22T22:57:48.015+02:00 level=DEBUG msg="FetchOmemoDeviceList: fetched" peer=rbdduiktozne@movim.eu count=2 devices="[3970042472 738931598]"
time=2026-08-22T22:57:48.035+02:00 level=DEBUG msg="FetchOmemoDeviceListV1: fetched" peer=rbdduiktozne@movim.eu count=4 devices="[652529220 1532489010 1215632555 281798428]"
time=2026-08-22T22:57:48.037+02:00 level=DEBUG msg="resynced omemo device list after PEP push" protocol=v2 from=rbdduiktozne@movim.eu jid=jimww@conversations.im
time=2026-08-22T22:57:48.076+02:00 level=DEBUG msg="resynced omemo device list after PEP push" protocol=v2 from=rbdduiktozne@movim.eu jid=jimww@conversations.im
time=2026-08-22T22:57:48.083+02:00 level=DEBUG msg="resynced omemo device list after PEP push" protocol=v2 from=rbdduiktozne@movim.eu jid=jimww@conversations.im
time=2026-08-22T22:57:48.102+02:00 level=DEBUG msg="resynced omemo device list after PEP push" protocol=v1 from=rbdduiktozne@movim.eu jid=jimww@conversations.im
time=2026-08-22T22:57:48.102+02:00 level=DEBUG msg="resynced omemo device list after PEP push" protocol=v1 from=rbdduiktozne@movim.eu jid=jimww@conversations.im
time=2026-08-22T22:57:48.108+02:00 level=DEBUG msg="resynced omemo device list after PEP push" protocol=v1 from=rbdduiktozne@movim.eu jid=jimww@conversations.im
time=2026-08-22T22:57:48.115+02:00 level=DEBUG msg="resynced omemo device list after PEP push" protocol=v2 from=rbdduiktozne@movim.eu jid=jimww@conversations.im
time=2026-08-22T22:57:48.115+02:00 level=DEBUG msg="resynced omemo device list after PEP push" protocol=v1 from=rbdduiktozne@movim.eu jid=jimww@conversations.im
time=2026-08-22T22:57:48.326+02:00 level=DEBUG msg="mam page fetched" jid=rbdduiktozne@movim.eu peer=juliya@conversations.im page=0 elapsed=377.602943ms after=1781027641892659 items=0 complete=false err=<nil>
time=2026-08-22T22:57:48.326+02:00 level=DEBUG msg="syncArchiveForContact done" jid=rbdduiktozne@movim.eu peer=juliya@conversations.im elapsed=377.685669ms
time=2026-08-22T22:57:50.049+02:00 level=DEBUG msg="mam page fetched" jid=rbdduiktozne@movim.eu peer=qr30bqqwv50lbb3x3tau@movim.eu page=0 elapsed=1.723300069s after=1780827424944565 items=0 complete=false err=<nil>
time=2026-08-22T22:57:50.049+02:00 level=DEBUG msg="syncArchiveForContact done" jid=rbdduiktozne@movim.eu peer=qr30bqqwv50lbb3x3tau@movim.eu elapsed=1.723409174s
time=2026-08-22T22:57:50.094+02:00 level=DEBUG msg="mam page fetched" jid=rbdduiktozne@movim.eu peer=rbdduiktozne@movim.eu page=0 elapsed=44.641669ms after="" items=0 complete=false err=<nil>
time=2026-08-22T22:57:50.094+02:00 level=DEBUG msg="syncArchiveForContact done" jid=rbdduiktozne@movim.eu peer=rbdduiktozne@movim.eu elapsed=44.820898ms
time=2026-08-22T22:57:50.220+02:00 level=DEBUG msg="mam page fetched" jid=rbdduiktozne@movim.eu peer=jimww@conversations.im page=0 elapsed=126.106141ms after=1786145008477310 items=0 complete=false err=<nil>
time=2026-08-22T22:57:50.220+02:00 level=DEBUG msg="syncArchiveForContact done" jid=rbdduiktozne@movim.eu peer=jimww@conversations.im elapsed=126.233271ms
time=2026-08-22T22:57:50.221+02:00 level=DEBUG msg="received omemo device-list PEP push" protocol=v1 from="" jid=rbdduiktozne@movim.eu
time=2026-08-22T22:57:50.221+02:00 level=DEBUG msg="received omemo device-list PEP push" protocol=v2 from="" jid=rbdduiktozne@movim.eu
time=2026-08-22T22:57:50.221+02:00 level=DEBUG msg="received omemo device-list PEP push" protocol=v1 from=qr30bqqwv50lbb3x3tau@movim.eu jid=rbdduiktozne@movim.eu
time=2026-08-22T22:57:50.221+02:00 level=DEBUG msg="received omemo device-list PEP push" protocol=v2 from=qr30bqqwv50lbb3x3tau@movim.eu jid=rbdduiktozne@movim.eu
time=2026-08-22T22:57:50.221+02:00 level=DEBUG msg="received omemo device-list PEP push" protocol=v1 from=juliya@conversations.im jid=rbdduiktozne@movim.eu
time=2026-08-22T22:57:50.221+02:00 level=DEBUG msg="received omemo device-list PEP push" protocol=v1 from=jimww@conversations.im jid=rbdduiktozne@movim.eu
time=2026-08-22T22:57:50.221+02:00 level=DEBUG msg="received omemo device-list PEP push" protocol=v2 from=jimww@conversations.im jid=rbdduiktozne@movim.eu
time=2026-08-22T22:57:50.221+02:00 level=DEBUG msg="received omemo device-list PEP push" protocol=v1 from=jimww@conversations.im jid=rbdduiktozne@movim.eu
time=2026-08-22T22:57:50.221+02:00 level=DEBUG msg="received omemo device-list PEP push" protocol=v2 from=jimww@conversations.im jid=rbdduiktozne@movim.eu
time=2026-08-22T22:57:50.221+02:00 level=DEBUG msg="received omemo device-list PEP push" protocol=v2 from=jimww@conversations.im jid=rbdduiktozne@movim.eu
time=2026-08-22T22:57:50.221+02:00 level=DEBUG msg="received omemo device-list PEP push" protocol=v2 from="" jid=rbdduiktozne@movim.eu
time=2026-08-22T22:57:50.221+02:00 level=DEBUG msg="received omemo device-list PEP push" protocol=v1 from="" jid=rbdduiktozne@movim.eu
time=2026-08-22T22:57:50.221+02:00 level=DEBUG msg="received omemo device-list PEP push" protocol=v1 from=jimww@conversations.im jid=rbdduiktozne@movim.eu
time=2026-08-22T22:57:50.221+02:00 level=DEBUG msg="received omemo device-list PEP push" protocol=v1 from=qr30bqqwv50lbb3x3tau@movim.eu jid=rbdduiktozne@movim.eu
time=2026-08-22T22:57:50.221+02:00 level=DEBUG msg="received omemo device-list PEP push" protocol=v2 from=qr30bqqwv50lbb3x3tau@movim.eu jid=rbdduiktozne@movim.eu
time=2026-08-22T22:57:50.269+02:00 level=DEBUG msg="FetchOmemoDeviceListV1: fetched" peer=qr30bqqwv50lbb3x3tau@movim.eu count=7 devices="[1041050623 99377310 406890504 465880925 1294895317 1689625064 1425664679]"
time=2026-08-22T22:57:50.270+02:00 level=DEBUG msg="FetchOmemoDeviceList: fetched" peer=qr30bqqwv50lbb3x3tau@movim.eu count=9 devices="[3546796710 543807001 1136287838 804539282 766575397 1069781368 3439252694 3095662882 1110435295]"
time=2026-08-22T22:57:50.298+02:00 level=DEBUG msg="FetchOmemoDeviceListV1: fetched" peer=qr30bqqwv50lbb3x3tau@movim.eu count=7 devices="[1041050623 99377310 406890504 465880925 1294895317 1689625064 1425664679]"
time=2026-08-22T22:57:50.299+02:00 level=DEBUG msg="FetchOmemoDeviceList: fetched" peer=qr30bqqwv50lbb3x3tau@movim.eu count=9 devices="[3546796710 543807001 1136287838 804539282 766575397 1069781368 3439252694 3095662882 1110435295]"
time=2026-08-22T22:57:50.299+02:00 level=DEBUG msg="FetchOmemoDeviceListV1: fetched" peer=juliya@conversations.im count=1 devices=[80731641]
time=2026-08-22T22:57:50.312+02:00 level=DEBUG msg="FetchOmemoDeviceListV1: fetched" peer=jimww@conversations.im count=2 devices="[396492910 3519373093]"
time=2026-08-22T22:57:50.313+02:00 level=DEBUG msg="FetchOmemoDeviceList: fetched" peer=jimww@conversations.im count=2 devices="[454749576 1087746059]"
time=2026-08-22T22:57:50.313+02:00 level=DEBUG msg="FetchOmemoDeviceListV1: fetched" peer=jimww@conversations.im count=2 devices="[396492910 3519373093]"
time=2026-08-22T22:57:50.319+02:00 level=DEBUG msg="FetchOmemoDeviceList: fetched" peer=jimww@conversations.im count=2 devices="[454749576 1087746059]"
time=2026-08-22T22:57:50.323+02:00 level=DEBUG msg="resynced omemo device list after PEP push" protocol=v1 from=juliya@conversations.im jid=rbdduiktozne@movim.eu
time=2026-08-22T22:57:50.329+02:00 level=DEBUG msg="FetchOmemoDeviceList: fetched" peer=jimww@conversations.im count=2 devices="[454749576 1087746059]"
time=2026-08-22T22:57:50.329+02:00 level=DEBUG msg="FetchOmemoDeviceListV1: fetched" peer=jimww@conversations.im count=2 devices="[396492910 3519373093]"
time=2026-08-22T22:57:50.381+02:00 level=DEBUG msg="resynced omemo device list after PEP push" protocol=v2 from=jimww@conversations.im jid=rbdduiktozne@movim.eu
time=2026-08-22T22:57:50.388+02:00 level=DEBUG msg="resynced omemo device list after PEP push" protocol=v1 from=jimww@conversations.im jid=rbdduiktozne@movim.eu
time=2026-08-22T22:57:50.408+02:00 level=DEBUG msg="resynced omemo device list after PEP push" protocol=v2 from=jimww@conversations.im jid=rbdduiktozne@movim.eu
time=2026-08-22T22:57:50.421+02:00 level=DEBUG msg="resynced omemo device list after PEP push" protocol=v2 from=jimww@conversations.im jid=rbdduiktozne@movim.eu
time=2026-08-22T22:57:50.428+02:00 level=DEBUG msg="resynced omemo device list after PEP push" protocol=v1 from=jimww@conversations.im jid=rbdduiktozne@movim.eu
time=2026-08-22T22:57:50.442+02:00 level=DEBUG msg="resynced omemo device list after PEP push" protocol=v1 from=jimww@conversations.im jid=rbdduiktozne@movim.eu
time=2026-08-22T22:57:50.469+02:00 level=DEBUG msg="resynced omemo device list after PEP push" protocol=v1 from=qr30bqqwv50lbb3x3tau@movim.eu jid=rbdduiktozne@movim.eu
time=2026-08-22T22:57:50.482+02:00 level=DEBUG msg="resynced omemo device list after PEP push" protocol=v2 from=qr30bqqwv50lbb3x3tau@movim.eu jid=rbdduiktozne@movim.eu
time=2026-08-22T22:57:50.482+02:00 level=DEBUG msg="resynced omemo device list after PEP push" protocol=v2 from=qr30bqqwv50lbb3x3tau@movim.eu jid=rbdduiktozne@movim.eu
time=2026-08-22T22:57:50.482+02:00 level=DEBUG msg="resynced omemo device list after PEP push" protocol=v1 from=qr30bqqwv50lbb3x3tau@movim.eu jid=rbdduiktozne@movim.eu
time=2026-08-22T23:00:54.363+02:00 level=WARN msg="account disconnected; reconnecting" jid=jimww@conversations.im err="write tcp [2a07:b944::2:2]:46926->[2a00:1828:2000:215::50]:443: write: broken pipe"
time=2026-08-22T23:00:55.387+02:00 level=WARN msg="account disconnected; reconnecting" jid=rbdduiktozne@movim.eu err="write tcp [2a07:b944::2:2]:60220->[2a03:4000:51:f44:4e1:2ff:fe00:4257]:5223: write: broken pipe"
time=2026-08-22T23:00:56.760+02:00 level=DEBUG msg="makeNodeOpen: reconfigured to open access" node=urn:xmpp:omemo:2:bundles:3970042472
time=2026-08-22T23:00:56.913+02:00 level=DEBUG msg="FetchOmemoDeviceList: fetched" peer=rbdduiktozne@movim.eu count=2 devices="[3970042472 738931598]"
time=2026-08-22T23:00:56.913+02:00 level=DEBUG msg="omemo setup: local device ID and current device list" protocol=v2 jid=rbdduiktozne@movim.eu local_device=3970042472 devices="[3970042472 738931598]"
time=2026-08-22T23:00:56.913+02:00 level=DEBUG msg="omemo setup: publishing device list" protocol=v2 jid=rbdduiktozne@movim.eu devices="[3970042472 738931598]"
time=2026-08-22T23:00:57.060+02:00 level=DEBUG msg="makeNodeOpen: reconfigured to open access" node=urn:xmpp:omemo:2:devices
time=2026-08-22T23:00:57.090+02:00 level=DEBUG msg="FetchOmemoDeviceList: fetched" peer=rbdduiktozne@movim.eu count=2 devices="[3970042472 738931598]"
time=2026-08-22T23:00:57.383+02:00 level=DEBUG msg="makeNodeOpen: reconfigured to open access" node=eu.siacs.conversations.axolotl.bundles:1215632555
time=2026-08-22T23:00:57.411+02:00 level=DEBUG msg="FetchOmemoDeviceListV1: fetched" peer=rbdduiktozne@movim.eu count=4 devices="[652529220 1532489010 1215632555 281798428]"
time=2026-08-22T23:00:57.411+02:00 level=DEBUG msg="omemo setup: local device ID and current device list" protocol=v1 jid=rbdduiktozne@movim.eu local_device=1215632555 devices="[652529220 1532489010 1215632555 281798428]"
time=2026-08-22T23:00:57.411+02:00 level=DEBUG msg="omemo setup: publishing device list" protocol=v1 jid=rbdduiktozne@movim.eu devices="[652529220 1532489010 1215632555 281798428]"
time=2026-08-22T23:00:57.567+02:00 level=DEBUG msg="makeNodeOpen: reconfigured to open access" node=eu.siacs.conversations.axolotl.devicelist
time=2026-08-22T23:00:57.694+02:00 level=DEBUG msg="FetchOmemoDeviceListV1: fetched" peer=rbdduiktozne@movim.eu count=4 devices="[652529220 1532489010 1215632555 281798428]"
time=2026-08-22T23:00:57.981+02:00 level=DEBUG msg="FetchOmemoDeviceList: fetched" peer=jimww@conversations.im count=2 devices="[454749576 1087746059]"
time=2026-08-22T23:00:58.134+02:00 level=DEBUG msg="FetchOmemoDeviceListV1: fetched" peer=jimww@conversations.im count=2 devices="[396492910 3519373093]"
time=2026-08-22T23:00:58.164+02:00 level=DEBUG msg="resynced omemo-v1 device list on connect" peer=jimww@conversations.im jid=rbdduiktozne@movim.eu
time=2026-08-22T23:00:58.434+02:00 level=DEBUG msg="FetchOmemoDeviceListV1: fetched" peer=juliya@conversations.im count=1 devices=[80731641]
time=2026-08-22T23:00:58.456+02:00 level=DEBUG msg="resynced omemo-v1 device list on connect" peer=juliya@conversations.im jid=rbdduiktozne@movim.eu
time=2026-08-22T23:00:58.581+02:00 level=DEBUG msg="FetchOmemoDeviceList: fetched" peer=qr30bqqwv50lbb3x3tau@movim.eu count=9 devices="[3546796710 543807001 1136287838 804539282 766575397 1069781368 3439252694 3095662882 1110435295]"
time=2026-08-22T23:00:58.762+02:00 level=DEBUG msg="FetchOmemoDeviceListV1: fetched" peer=qr30bqqwv50lbb3x3tau@movim.eu count=7 devices="[1041050623 99377310 406890504 465880925 1294895317 1689625064 1425664679]"
time=2026-08-22T23:00:58.825+02:00 level=DEBUG msg="resynced omemo-v1 device list on connect" peer=qr30bqqwv50lbb3x3tau@movim.eu jid=rbdduiktozne@movim.eu
time=2026-08-22T23:00:58.911+02:00 level=DEBUG msg="FetchOmemoDeviceList: fetched" peer=rbdduiktozne@movim.eu count=2 devices="[3970042472 738931598]"
time=2026-08-22T23:00:59.091+02:00 level=DEBUG msg="FetchOmemoDeviceListV1: fetched" peer=rbdduiktozne@movim.eu count=4 devices="[652529220 1532489010 1215632555 281798428]"
time=2026-08-22T23:00:59.133+02:00 level=DEBUG msg="resynced omemo-v1 device list on connect" peer=rbdduiktozne@movim.eu jid=rbdduiktozne@movim.eu
time=2026-08-22T23:00:59.133+02:00 level=DEBUG msg="account reconnected" jid=rbdduiktozne@movim.eu
time=2026-08-22T23:00:59.134+02:00 level=DEBUG msg="syncArchive: contacts to check" jid=rbdduiktozne@movim.eu contacts=4
time=2026-08-22T23:00:59.409+02:00 level=DEBUG msg="mam page fetched" jid=rbdduiktozne@movim.eu peer=qr30bqqwv50lbb3x3tau@movim.eu page=0 elapsed=274.825763ms after=1780827424944565 items=0 complete=false err=<nil>
time=2026-08-22T23:00:59.409+02:00 level=DEBUG msg="syncArchiveForContact done" jid=rbdduiktozne@movim.eu peer=qr30bqqwv50lbb3x3tau@movim.eu elapsed=274.928006ms
time=2026-08-22T23:00:59.438+02:00 level=DEBUG msg="mam page fetched" jid=rbdduiktozne@movim.eu peer=rbdduiktozne@movim.eu page=0 elapsed=29.06412ms after="" items=0 complete=false err=<nil>
time=2026-08-22T23:00:59.438+02:00 level=DEBUG msg="syncArchiveForContact done" jid=rbdduiktozne@movim.eu peer=rbdduiktozne@movim.eu elapsed=29.174469ms
time=2026-08-22T23:00:59.497+02:00 level=DEBUG msg="mam page fetched" jid=rbdduiktozne@movim.eu peer=jimww@conversations.im page=0 elapsed=59.245999ms after=1786145008477310 items=0 complete=false err=<nil>
time=2026-08-22T23:00:59.498+02:00 level=DEBUG msg="syncArchiveForContact done" jid=rbdduiktozne@movim.eu peer=jimww@conversations.im elapsed=59.357961ms
time=2026-08-22T23:00:59.544+02:00 level=DEBUG msg="mam page fetched" jid=rbdduiktozne@movim.eu peer=juliya@conversations.im page=0 elapsed=46.413713ms after=1781027641892659 items=0 complete=false err=<nil>
time=2026-08-22T23:00:59.544+02:00 level=DEBUG msg="syncArchiveForContact done" jid=rbdduiktozne@movim.eu peer=juliya@conversations.im elapsed=46.500285ms
time=2026-08-22T23:00:59.544+02:00 level=DEBUG msg="received omemo device-list PEP push" protocol=v1 from=qr30bqqwv50lbb3x3tau@movim.eu jid=rbdduiktozne@movim.eu
time=2026-08-22T23:00:59.544+02:00 level=DEBUG msg="received omemo device-list PEP push" protocol=v2 from=qr30bqqwv50lbb3x3tau@movim.eu jid=rbdduiktozne@movim.eu
time=2026-08-22T23:00:59.544+02:00 level=DEBUG msg="received omemo device-list PEP push" protocol=v1 from="" jid=rbdduiktozne@movim.eu
time=2026-08-22T23:00:59.544+02:00 level=DEBUG msg="received omemo device-list PEP push" protocol=v2 from="" jid=rbdduiktozne@movim.eu
time=2026-08-22T23:00:59.544+02:00 level=DEBUG msg="received omemo device-list PEP push" protocol=v1 from=juliya@conversations.im jid=rbdduiktozne@movim.eu
time=2026-08-22T23:00:59.544+02:00 level=DEBUG msg="received omemo device-list PEP push" protocol=v1 from=jimww@conversations.im jid=rbdduiktozne@movim.eu
time=2026-08-22T23:00:59.544+02:00 level=DEBUG msg="received omemo device-list PEP push" protocol=v2 from=jimww@conversations.im jid=rbdduiktozne@movim.eu
time=2026-08-22T23:00:59.544+02:00 level=DEBUG msg="received omemo device-list PEP push" protocol=v1 from=jimww@conversations.im jid=rbdduiktozne@movim.eu
time=2026-08-22T23:00:59.544+02:00 level=DEBUG msg="received omemo device-list PEP push" protocol=v2 from=jimww@conversations.im jid=rbdduiktozne@movim.eu
time=2026-08-22T23:00:59.544+02:00 level=DEBUG msg="received omemo device-list PEP push" protocol=v2 from="" jid=rbdduiktozne@movim.eu
time=2026-08-22T23:00:59.544+02:00 level=DEBUG msg="received omemo device-list PEP push" protocol=v1 from="" jid=rbdduiktozne@movim.eu
time=2026-08-22T23:00:59.545+02:00 level=DEBUG msg="received omemo device-list PEP push" protocol=v1 from=qr30bqqwv50lbb3x3tau@movim.eu jid=rbdduiktozne@movim.eu
time=2026-08-22T23:00:59.545+02:00 level=DEBUG msg="received omemo device-list PEP push" protocol=v2 from=qr30bqqwv50lbb3x3tau@movim.eu jid=rbdduiktozne@movim.eu
time=2026-08-22T23:00:59.572+02:00 level=DEBUG msg="FetchOmemoDeviceListV1: fetched" peer=qr30bqqwv50lbb3x3tau@movim.eu count=7 devices="[1041050623 99377310 406890504 465880925 1294895317 1689625064 1425664679]"
time=2026-08-22T23:00:59.576+02:00 level=DEBUG msg="FetchOmemoDeviceList: fetched" peer=qr30bqqwv50lbb3x3tau@movim.eu count=9 devices="[3546796710 543807001 1136287838 804539282 766575397 1069781368 3439252694 3095662882 1110435295]"
time=2026-08-22T23:00:59.582+02:00 level=DEBUG msg="FetchOmemoDeviceListV1: fetched" peer=qr30bqqwv50lbb3x3tau@movim.eu count=7 devices="[1041050623 99377310 406890504 465880925 1294895317 1689625064 1425664679]"
time=2026-08-22T23:00:59.583+02:00 level=DEBUG msg="FetchOmemoDeviceList: fetched" peer=qr30bqqwv50lbb3x3tau@movim.eu count=9 devices="[3546796710 543807001 1136287838 804539282 766575397 1069781368 3439252694 3095662882 1110435295]"
time=2026-08-22T23:00:59.600+02:00 level=DEBUG msg="FetchOmemoDeviceListV1: fetched" peer=juliya@conversations.im count=1 devices=[80731641]
time=2026-08-22T23:00:59.622+02:00 level=DEBUG msg="FetchOmemoDeviceListV1: fetched" peer=jimww@conversations.im count=2 devices="[396492910 3519373093]"
time=2026-08-22T23:00:59.622+02:00 level=DEBUG msg="FetchOmemoDeviceListV1: fetched" peer=jimww@conversations.im count=2 devices="[396492910 3519373093]"
time=2026-08-22T23:00:59.622+02:00 level=DEBUG msg="FetchOmemoDeviceList: fetched" peer=jimww@conversations.im count=2 devices="[454749576 1087746059]"
time=2026-08-22T23:00:59.622+02:00 level=DEBUG msg="FetchOmemoDeviceList: fetched" peer=jimww@conversations.im count=2 devices="[454749576 1087746059]"
time=2026-08-22T23:00:59.631+02:00 level=DEBUG msg="resynced omemo device list after PEP push" protocol=v1 from=juliya@conversations.im jid=rbdduiktozne@movim.eu
time=2026-08-22T23:00:59.676+02:00 level=DEBUG msg="resynced omemo device list after PEP push" protocol=v2 from=jimww@conversations.im jid=rbdduiktozne@movim.eu
time=2026-08-22T23:00:59.696+02:00 level=DEBUG msg="resynced omemo device list after PEP push" protocol=v1 from=jimww@conversations.im jid=rbdduiktozne@movim.eu
time=2026-08-22T23:00:59.717+02:00 level=DEBUG msg="resynced omemo device list after PEP push" protocol=v2 from=jimww@conversations.im jid=rbdduiktozne@movim.eu
time=2026-08-22T23:00:59.731+02:00 level=DEBUG msg="resynced omemo device list after PEP push" protocol=v1 from=jimww@conversations.im jid=rbdduiktozne@movim.eu
time=2026-08-22T23:00:59.759+02:00 level=DEBUG msg="resynced omemo device list after PEP push" protocol=v1 from=qr30bqqwv50lbb3x3tau@movim.eu jid=rbdduiktozne@movim.eu
time=2026-08-22T23:00:59.774+02:00 level=DEBUG msg="resynced omemo device list after PEP push" protocol=v2 from=qr30bqqwv50lbb3x3tau@movim.eu jid=rbdduiktozne@movim.eu
time=2026-08-22T23:00:59.774+02:00 level=DEBUG msg="resynced omemo device list after PEP push" protocol=v2 from=qr30bqqwv50lbb3x3tau@movim.eu jid=rbdduiktozne@movim.eu
time=2026-08-22T23:00:59.774+02:00 level=DEBUG msg="resynced omemo device list after PEP push" protocol=v1 from=qr30bqqwv50lbb3x3tau@movim.eu jid=rbdduiktozne@movim.eu
time=2026-08-22T23:01:16.365+02:00 level=DEBUG msg="received omemo device-list PEP push" protocol=v1 from=jimww@conversations.im jid=rbdduiktozne@movim.eu
time=2026-08-22T23:01:16.365+02:00 level=DEBUG msg="received omemo device-list PEP push" protocol=v2 from=jimww@conversations.im jid=rbdduiktozne@movim.eu
time=2026-08-22T23:01:16.440+02:00 level=DEBUG msg="FetchOmemoDeviceListV1: fetched" peer=jimww@conversations.im count=2 devices="[396492910 3519373093]"
time=2026-08-22T23:01:16.461+02:00 level=DEBUG msg="FetchOmemoDeviceList: fetched" peer=jimww@conversations.im count=2 devices="[454749576 1087746059]"
time=2026-08-22T23:01:16.467+02:00 level=DEBUG msg="resynced omemo device list after PEP push" protocol=v1 from=jimww@conversations.im jid=rbdduiktozne@movim.eu
time=2026-08-22T23:01:16.471+02:00 level=DEBUG msg="makeNodeOpen: reconfigured to open access" node=urn:xmpp:omemo:2:bundles:454749576
time=2026-08-22T23:01:16.487+02:00 level=DEBUG msg="resynced omemo device list after PEP push" protocol=v2 from=jimww@conversations.im jid=rbdduiktozne@movim.eu
time=2026-08-22T23:01:16.665+02:00 level=DEBUG msg="FetchOmemoDeviceList: fetched" peer=jimww@conversations.im count=2 devices="[454749576 1087746059]"
time=2026-08-22T23:01:16.665+02:00 level=DEBUG msg="omemo setup: local device ID and current device list" protocol=v2 jid=jimww@conversations.im local_device=454749576 devices="[454749576 1087746059]"
time=2026-08-22T23:01:16.665+02:00 level=DEBUG msg="omemo setup: publishing device list" protocol=v2 jid=jimww@conversations.im devices="[454749576 1087746059]"
time=2026-08-22T23:01:16.710+02:00 level=DEBUG msg="received omemo device-list PEP push" protocol=v2 from=jimww@conversations.im jid=rbdduiktozne@movim.eu
time=2026-08-22T23:01:16.768+02:00 level=DEBUG msg="makeNodeOpen: reconfigured to open access" node=urn:xmpp:omemo:2:devices
time=2026-08-22T23:01:16.768+02:00 level=DEBUG msg="FetchOmemoDeviceList: fetched" peer=jimww@conversations.im count=2 devices="[454749576 1087746059]"
time=2026-08-22T23:01:16.796+02:00 level=DEBUG msg="resynced omemo device list after PEP push" protocol=v2 from=jimww@conversations.im jid=rbdduiktozne@movim.eu
time=2026-08-22T23:01:16.812+02:00 level=DEBUG msg="FetchOmemoDeviceList: fetched" peer=jimww@conversations.im count=2 devices="[454749576 1087746059]"
time=2026-08-22T23:01:17.180+02:00 level=DEBUG msg="makeNodeOpen: reconfigured to open access" node=eu.siacs.conversations.axolotl.bundles:396492910
time=2026-08-22T23:01:17.560+02:00 level=DEBUG msg="FetchOmemoDeviceListV1: fetched" peer=jimww@conversations.im count=2 devices="[396492910 3519373093]"
time=2026-08-22T23:01:17.560+02:00 level=DEBUG msg="omemo setup: local device ID and current device list" protocol=v1 jid=jimww@conversations.im local_device=396492910 devices="[396492910 3519373093]"
time=2026-08-22T23:01:17.560+02:00 level=DEBUG msg="omemo setup: publishing device list" protocol=v1 jid=jimww@conversations.im devices="[396492910 3519373093]"
time=2026-08-22T23:01:17.795+02:00 level=DEBUG msg="received omemo device-list PEP push" protocol=v1 from=jimww@conversations.im jid=rbdduiktozne@movim.eu
time=2026-08-22T23:01:18.063+02:00 level=DEBUG msg="makeNodeOpen: reconfigured to open access" node=eu.siacs.conversations.axolotl.devicelist
time=2026-08-22T23:01:18.063+02:00 level=DEBUG msg="FetchOmemoDeviceListV1: fetched" peer=jimww@conversations.im count=2 devices="[396492910 3519373093]"
time=2026-08-22T23:01:18.091+02:00 level=DEBUG msg="resynced omemo device list after PEP push" protocol=v1 from=jimww@conversations.im jid=rbdduiktozne@movim.eu
time=2026-08-22T23:01:18.106+02:00 level=DEBUG msg="FetchOmemoDeviceListV1: fetched" peer=jimww@conversations.im count=2 devices="[396492910 3519373093]"
time=2026-08-22T23:01:18.303+02:00 level=DEBUG msg="FetchOmemoDeviceList: fetched" peer=rbdduiktozne@movim.eu count=2 devices="[3970042472 738931598]"
time=2026-08-22T23:01:18.686+02:00 level=DEBUG msg="FetchOmemoDeviceListV1: fetched" peer=rbdduiktozne@movim.eu count=4 devices="[652529220 1532489010 1215632555 281798428]"
time=2026-08-22T23:01:18.726+02:00 level=DEBUG msg="resynced omemo-v1 device list on connect" peer=rbdduiktozne@movim.eu jid=jimww@conversations.im
time=2026-08-22T23:01:19.025+02:00 level=DEBUG msg="FetchOmemoDeviceList: fetched" peer=jimww@conversations.im count=2 devices="[454749576 1087746059]"
time=2026-08-22T23:01:19.403+02:00 level=DEBUG msg="FetchOmemoDeviceListV1: fetched" peer=jimww@conversations.im count=2 devices="[396492910 3519373093]"
time=2026-08-22T23:01:19.431+02:00 level=DEBUG msg="resynced omemo-v1 device list on connect" peer=jimww@conversations.im jid=jimww@conversations.im
time=2026-08-22T23:01:19.431+02:00 level=DEBUG msg="account reconnected" jid=jimww@conversations.im
time=2026-08-22T23:01:19.431+02:00 level=DEBUG msg="syncArchive: contacts to check" jid=jimww@conversations.im contacts=2
time=2026-08-22T23:01:20.020+02:00 level=DEBUG msg="mam page fetched" jid=jimww@conversations.im peer=rbdduiktozne@movim.eu page=0 elapsed=588.591804ms after=1786145008487877 items=0 complete=false err=<nil>
time=2026-08-22T23:01:20.020+02:00 level=DEBUG msg="syncArchiveForContact done" jid=jimww@conversations.im peer=rbdduiktozne@movim.eu elapsed=588.666054ms
time=2026-08-22T23:01:20.253+02:00 level=DEBUG msg="mam page fetched" jid=jimww@conversations.im peer=jimww@conversations.im page=0 elapsed=232.804669ms after="" items=0 complete=false err=<nil>
time=2026-08-22T23:01:20.253+02:00 level=DEBUG msg="syncArchiveForContact done" jid=jimww@conversations.im peer=jimww@conversations.im elapsed=232.905709ms
time=2026-08-22T23:01:20.253+02:00 level=DEBUG msg="received omemo device-list PEP push" protocol=v1 from="" jid=jimww@conversations.im
time=2026-08-22T23:01:20.253+02:00 level=DEBUG msg="received omemo device-list PEP push" protocol=v2 from="" jid=jimww@conversations.im
time=2026-08-22T23:01:20.253+02:00 level=DEBUG msg="received omemo device-list PEP push" protocol=v1 from=rbdduiktozne@movim.eu jid=jimww@conversations.im
time=2026-08-22T23:01:20.253+02:00 level=DEBUG msg="received omemo device-list PEP push" protocol=v2 from=rbdduiktozne@movim.eu jid=jimww@conversations.im
time=2026-08-22T23:01:20.253+02:00 level=DEBUG msg="received omemo device-list PEP push" protocol=v1 from=rbdduiktozne@movim.eu jid=jimww@conversations.im
time=2026-08-22T23:01:20.253+02:00 level=DEBUG msg="received omemo device-list PEP push" protocol=v2 from=rbdduiktozne@movim.eu jid=jimww@conversations.im
time=2026-08-22T23:01:20.253+02:00 level=DEBUG msg="received omemo device-list PEP push" protocol=v1 from=rbdduiktozne@movim.eu jid=jimww@conversations.im
time=2026-08-22T23:01:20.253+02:00 level=DEBUG msg="received omemo device-list PEP push" protocol=v2 from=rbdduiktozne@movim.eu jid=jimww@conversations.im
time=2026-08-22T23:01:20.253+02:00 level=DEBUG msg="received omemo device-list PEP push" protocol=v1 from=rbdduiktozne@movim.eu jid=jimww@conversations.im
time=2026-08-22T23:01:20.253+02:00 level=DEBUG msg="received omemo device-list PEP push" protocol=v2 from=rbdduiktozne@movim.eu jid=jimww@conversations.im
time=2026-08-22T23:01:20.253+02:00 level=DEBUG msg="received omemo device-list PEP push" protocol=v2 from="" jid=jimww@conversations.im
time=2026-08-22T23:01:20.253+02:00 level=DEBUG msg="received omemo device-list PEP push" protocol=v1 from="" jid=jimww@conversations.im
time=2026-08-22T23:01:20.633+02:00 level=DEBUG msg="FetchOmemoDeviceListV1: fetched" peer=rbdduiktozne@movim.eu count=4 devices="[652529220 1532489010 1215632555 281798428]"
time=2026-08-22T23:01:20.633+02:00 level=DEBUG msg="FetchOmemoDeviceList: fetched" peer=rbdduiktozne@movim.eu count=2 devices="[3970042472 738931598]"
time=2026-08-22T23:01:20.633+02:00 level=DEBUG msg="FetchOmemoDeviceListV1: fetched" peer=rbdduiktozne@movim.eu count=4 devices="[652529220 1532489010 1215632555 281798428]"
time=2026-08-22T23:01:20.633+02:00 level=DEBUG msg="FetchOmemoDeviceList: fetched" peer=rbdduiktozne@movim.eu count=2 devices="[3970042472 738931598]"
time=2026-08-22T23:01:20.634+02:00 level=DEBUG msg="FetchOmemoDeviceList: fetched" peer=rbdduiktozne@movim.eu count=2 devices="[3970042472 738931598]"
time=2026-08-22T23:01:20.634+02:00 level=DEBUG msg="FetchOmemoDeviceList: fetched" peer=rbdduiktozne@movim.eu count=2 devices="[3970042472 738931598]"
time=2026-08-22T23:01:20.634+02:00 level=DEBUG msg="FetchOmemoDeviceListV1: fetched" peer=rbdduiktozne@movim.eu count=4 devices="[652529220 1532489010 1215632555 281798428]"
time=2026-08-22T23:01:20.634+02:00 level=DEBUG msg="FetchOmemoDeviceListV1: fetched" peer=rbdduiktozne@movim.eu count=4 devices="[652529220 1532489010 1215632555 281798428]"
time=2026-08-22T23:01:20.720+02:00 level=DEBUG msg="resynced omemo device list after PEP push" protocol=v2 from=rbdduiktozne@movim.eu jid=jimww@conversations.im
time=2026-08-22T23:01:20.727+02:00 level=DEBUG msg="resynced omemo device list after PEP push" protocol=v2 from=rbdduiktozne@movim.eu jid=jimww@conversations.im
time=2026-08-22T23:01:20.727+02:00 level=DEBUG msg="resynced omemo device list after PEP push" protocol=v2 from=rbdduiktozne@movim.eu jid=jimww@conversations.im
time=2026-08-22T23:01:20.734+02:00 level=DEBUG msg="resynced omemo device list after PEP push" protocol=v1 from=rbdduiktozne@movim.eu jid=jimww@conversations.im
time=2026-08-22T23:01:20.734+02:00 level=DEBUG msg="resynced omemo device list after PEP push" protocol=v1 from=rbdduiktozne@movim.eu jid=jimww@conversations.im
time=2026-08-22T23:01:20.734+02:00 level=DEBUG msg="resynced omemo device list after PEP push" protocol=v1 from=rbdduiktozne@movim.eu jid=jimww@conversations.im
time=2026-08-22T23:01:20.734+02:00 level=DEBUG msg="resynced omemo device list after PEP push" protocol=v2 from=rbdduiktozne@movim.eu jid=jimww@conversations.im
time=2026-08-22T23:01:20.734+02:00 level=DEBUG msg="resynced omemo device list after PEP push" protocol=v1 from=rbdduiktozne@movim.eu jid=jimww@conversations.im
time=2026-08-23T01:05:17.787+02:00 level=WARN msg="account disconnected; reconnecting" jid=jimww@conversations.im err="write tcp [2a02:a03f:c919:cd00:1784:e67:9b07:b34d]:58396->[2a00:1828:2000:215::44]:5222: write: broken pipe"
time=2026-08-23T01:05:19.835+02:00 level=WARN msg="account disconnected; reconnecting" jid=rbdduiktozne@movim.eu err="write tcp [2a02:a03f:c919:cd00:1784:e67:9b07:b34d]:33206->[2a03:4000:51:f44:4e1:2ff:fe00:4257]:5223: write: broken pipe"
time=2026-08-23T01:05:25.666+02:00 level=DEBUG msg="makeNodeOpen: reconfigured to open access" node=urn:xmpp:omemo:2:bundles:454749576
time=2026-08-23T01:05:26.049+02:00 level=DEBUG msg="FetchOmemoDeviceList: fetched" peer=jimww@conversations.im count=2 devices="[454749576 1087746059]"
time=2026-08-23T01:05:26.049+02:00 level=DEBUG msg="omemo setup: local device ID and current device list" protocol=v2 jid=jimww@conversations.im local_device=454749576 devices="[454749576 1087746059]"
time=2026-08-23T01:05:26.049+02:00 level=DEBUG msg="omemo setup: publishing device list" protocol=v2 jid=jimww@conversations.im devices="[454749576 1087746059]"
time=2026-08-23T01:05:26.765+02:00 level=DEBUG msg="makeNodeOpen: reconfigured to open access" node=urn:xmpp:omemo:2:devices
time=2026-08-23T01:05:26.816+02:00 level=DEBUG msg="FetchOmemoDeviceList: fetched" peer=jimww@conversations.im count=2 devices="[454749576 1087746059]"
time=2026-08-23T01:05:27.493+02:00 level=DEBUG msg="makeNodeOpen: reconfigured to open access" node=eu.siacs.conversations.axolotl.bundles:396492910
time=2026-08-23T01:05:27.714+02:00 level=DEBUG msg="FetchOmemoDeviceListV1: fetched" peer=jimww@conversations.im count=2 devices="[396492910 3519373093]"
time=2026-08-23T01:05:27.714+02:00 level=DEBUG msg="omemo setup: local device ID and current device list" protocol=v1 jid=jimww@conversations.im local_device=396492910 devices="[396492910 3519373093]"
time=2026-08-23T01:05:27.714+02:00 level=DEBUG msg="omemo setup: publishing device list" protocol=v1 jid=jimww@conversations.im devices="[396492910 3519373093]"
time=2026-08-23T01:05:28.332+02:00 level=DEBUG msg="makeNodeOpen: reconfigured to open access" node=urn:xmpp:omemo:2:bundles:3970042472
time=2026-08-23T01:05:28.332+02:00 level=DEBUG msg="makeNodeOpen: reconfigured to open access" node=eu.siacs.conversations.axolotl.devicelist
time=2026-08-23T01:05:28.711+02:00 level=DEBUG msg="FetchOmemoDeviceListV1: fetched" peer=jimww@conversations.im count=2 devices="[396492910 3519373093]"
time=2026-08-23T01:05:28.711+02:00 level=DEBUG msg="FetchOmemoDeviceList: fetched" peer=rbdduiktozne@movim.eu count=2 devices="[3970042472 738931598]"
time=2026-08-23T01:05:28.711+02:00 level=DEBUG msg="omemo setup: local device ID and current device list" protocol=v2 jid=rbdduiktozne@movim.eu local_device=3970042472 devices="[3970042472 738931598]"
time=2026-08-23T01:05:28.711+02:00 level=DEBUG msg="omemo setup: publishing device list" protocol=v2 jid=rbdduiktozne@movim.eu devices="[3970042472 738931598]"
time=2026-08-23T01:05:28.798+02:00 level=DEBUG msg="makeNodeOpen: reconfigured to open access" node=urn:xmpp:omemo:2:devices
time=2026-08-23T01:05:28.798+02:00 level=DEBUG msg="FetchOmemoDeviceList: fetched" peer=jimww@conversations.im count=2 devices="[454749576 1087746059]"
time=2026-08-23T01:05:28.826+02:00 level=DEBUG msg="FetchOmemoDeviceList: fetched" peer=rbdduiktozne@movim.eu count=2 devices="[3970042472 738931598]"
time=2026-08-23T01:05:28.852+02:00 level=DEBUG msg="FetchOmemoDeviceListV1: fetched" peer=jimww@conversations.im count=2 devices="[396492910 3519373093]"
time=2026-08-23T01:05:28.872+02:00 level=DEBUG msg="resynced omemo-v1 device list on connect" peer=jimww@conversations.im jid=jimww@conversations.im
time=2026-08-23T01:05:29.045+02:00 level=DEBUG msg="makeNodeOpen: reconfigured to open access" node=eu.siacs.conversations.axolotl.bundles:1215632555
time=2026-08-23T01:05:29.045+02:00 level=DEBUG msg="FetchOmemoDeviceList: fetched" peer=rbdduiktozne@movim.eu count=2 devices="[3970042472 738931598]"
time=2026-08-23T01:05:29.079+02:00 level=DEBUG msg="FetchOmemoDeviceListV1: fetched" peer=rbdduiktozne@movim.eu count=4 devices="[652529220 1532489010 1215632555 281798428]"
time=2026-08-23T01:05:29.079+02:00 level=DEBUG msg="omemo setup: local device ID and current device list" protocol=v1 jid=rbdduiktozne@movim.eu local_device=1215632555 devices="[652529220 1532489010 1215632555 281798428]"
time=2026-08-23T01:05:29.079+02:00 level=DEBUG msg="omemo setup: publishing device list" protocol=v1 jid=rbdduiktozne@movim.eu devices="[652529220 1532489010 1215632555 281798428]"
time=2026-08-23T01:05:29.428+02:00 level=DEBUG msg="FetchOmemoDeviceListV1: fetched" peer=rbdduiktozne@movim.eu count=4 devices="[652529220 1532489010 1215632555 281798428]"
time=2026-08-23T01:05:29.469+02:00 level=DEBUG msg="resynced omemo-v1 device list on connect" peer=rbdduiktozne@movim.eu jid=jimww@conversations.im
time=2026-08-23T01:05:29.469+02:00 level=DEBUG msg="account reconnected" jid=jimww@conversations.im
time=2026-08-23T01:05:29.470+02:00 level=DEBUG msg="syncArchive: contacts to check" jid=jimww@conversations.im contacts=2
time=2026-08-23T01:05:29.473+02:00 level=DEBUG msg="makeNodeOpen: reconfigured to open access" node=eu.siacs.conversations.axolotl.devicelist
time=2026-08-23T01:05:29.501+02:00 level=DEBUG msg="FetchOmemoDeviceListV1: fetched" peer=rbdduiktozne@movim.eu count=4 devices="[652529220 1532489010 1215632555 281798428]"
time=2026-08-23T01:05:29.543+02:00 level=DEBUG msg="mam page fetched" jid=jimww@conversations.im peer=jimww@conversations.im page=0 elapsed=73.390082ms after="" items=0 complete=false err=<nil>
time=2026-08-23T01:05:29.544+02:00 level=DEBUG msg="syncArchiveForContact done" jid=jimww@conversations.im peer=jimww@conversations.im elapsed=73.561696ms
time=2026-08-23T01:05:29.563+02:00 level=DEBUG msg="FetchOmemoDeviceList: fetched" peer=rbdduiktozne@movim.eu count=2 devices="[3970042472 738931598]"
time=2026-08-23T01:05:29.609+02:00 level=DEBUG msg="FetchOmemoDeviceListV1: fetched" peer=rbdduiktozne@movim.eu count=4 devices="[652529220 1532489010 1215632555 281798428]"
time=2026-08-23T01:05:29.622+02:00 level=DEBUG msg="mam page fetched" jid=jimww@conversations.im peer=rbdduiktozne@movim.eu page=0 elapsed=78.373277ms after=1786145008487877 items=0 complete=false err=<nil>
time=2026-08-23T01:05:29.622+02:00 level=DEBUG msg="syncArchiveForContact done" jid=jimww@conversations.im peer=rbdduiktozne@movim.eu elapsed=78.46525ms
time=2026-08-23T01:05:29.622+02:00 level=DEBUG msg="received omemo device-list PEP push" protocol=v1 from="" jid=jimww@conversations.im
time=2026-08-23T01:05:29.622+02:00 level=DEBUG msg="received omemo device-list PEP push" protocol=v2 from="" jid=jimww@conversations.im
time=2026-08-23T01:05:29.622+02:00 level=DEBUG msg="received omemo device-list PEP push" protocol=v1 from=rbdduiktozne@movim.eu jid=jimww@conversations.im
time=2026-08-23T01:05:29.622+02:00 level=DEBUG msg="received omemo device-list PEP push" protocol=v2 from=rbdduiktozne@movim.eu jid=jimww@conversations.im
time=2026-08-23T01:05:29.622+02:00 level=DEBUG msg="received omemo device-list PEP push" protocol=v1 from=rbdduiktozne@movim.eu jid=jimww@conversations.im
time=2026-08-23T01:05:29.622+02:00 level=DEBUG msg="received omemo device-list PEP push" protocol=v2 from=rbdduiktozne@movim.eu jid=jimww@conversations.im
time=2026-08-23T01:05:29.622+02:00 level=DEBUG msg="received omemo device-list PEP push" protocol=v2 from="" jid=jimww@conversations.im
time=2026-08-23T01:05:29.622+02:00 level=DEBUG msg="received omemo device-list PEP push" protocol=v1 from=rbdduiktozne@movim.eu jid=jimww@conversations.im
time=2026-08-23T01:05:29.623+02:00 level=DEBUG msg="received omemo device-list PEP push" protocol=v2 from=rbdduiktozne@movim.eu jid=jimww@conversations.im
time=2026-08-23T01:05:29.623+02:00 level=DEBUG msg="received omemo device-list PEP push" protocol=v1 from="" jid=jimww@conversations.im
time=2026-08-23T01:05:29.623+02:00 level=DEBUG msg="received omemo device-list PEP push" protocol=v2 from=rbdduiktozne@movim.eu jid=jimww@conversations.im
time=2026-08-23T01:05:29.623+02:00 level=DEBUG msg="received omemo device-list PEP push" protocol=v1 from=rbdduiktozne@movim.eu jid=jimww@conversations.im
time=2026-08-23T01:05:29.641+02:00 level=DEBUG msg="resynced omemo-v1 device list on connect" peer=rbdduiktozne@movim.eu jid=rbdduiktozne@movim.eu
time=2026-08-23T01:05:29.680+02:00 level=DEBUG msg="FetchOmemoDeviceList: fetched" peer=rbdduiktozne@movim.eu count=2 devices="[3970042472 738931598]"
time=2026-08-23T01:05:29.687+02:00 level=DEBUG msg="FetchOmemoDeviceListV1: fetched" peer=rbdduiktozne@movim.eu count=4 devices="[652529220 1532489010 1215632555 281798428]"
time=2026-08-23T01:05:29.687+02:00 level=DEBUG msg="FetchOmemoDeviceListV1: fetched" peer=rbdduiktozne@movim.eu count=4 devices="[652529220 1532489010 1215632555 281798428]"
time=2026-08-23T01:05:29.703+02:00 level=DEBUG msg="FetchOmemoDeviceList: fetched" peer=rbdduiktozne@movim.eu count=2 devices="[3970042472 738931598]"
time=2026-08-23T01:05:29.703+02:00 level=DEBUG msg="FetchOmemoDeviceListV1: fetched" peer=rbdduiktozne@movim.eu count=4 devices="[652529220 1532489010 1215632555 281798428]"
time=2026-08-23T01:05:29.703+02:00 level=DEBUG msg="FetchOmemoDeviceList: fetched" peer=rbdduiktozne@movim.eu count=2 devices="[3970042472 738931598]"
time=2026-08-23T01:05:29.703+02:00 level=DEBUG msg="FetchOmemoDeviceList: fetched" peer=rbdduiktozne@movim.eu count=2 devices="[3970042472 738931598]"
time=2026-08-23T01:05:29.706+02:00 level=DEBUG msg="FetchOmemoDeviceList: fetched" peer=jimww@conversations.im count=2 devices="[454749576 1087746059]"
time=2026-08-23T01:05:29.718+02:00 level=DEBUG msg="FetchOmemoDeviceListV1: fetched" peer=rbdduiktozne@movim.eu count=4 devices="[652529220 1532489010 1215632555 281798428]"
time=2026-08-23T01:05:29.746+02:00 level=DEBUG msg="resynced omemo device list after PEP push" protocol=v2 from=rbdduiktozne@movim.eu jid=jimww@conversations.im
time=2026-08-23T01:05:29.746+02:00 level=DEBUG msg="resynced omemo device list after PEP push" protocol=v2 from=rbdduiktozne@movim.eu jid=jimww@conversations.im
time=2026-08-23T01:05:29.778+02:00 level=DEBUG msg="resynced omemo device list after PEP push" protocol=v1 from=rbdduiktozne@movim.eu jid=jimww@conversations.im
time=2026-08-23T01:05:29.785+02:00 level=DEBUG msg="resynced omemo device list after PEP push" protocol=v2 from=rbdduiktozne@movim.eu jid=jimww@conversations.im
time=2026-08-23T01:05:29.791+02:00 level=DEBUG msg="resynced omemo device list after PEP push" protocol=v2 from=rbdduiktozne@movim.eu jid=jimww@conversations.im
time=2026-08-23T01:05:29.812+02:00 level=DEBUG msg="resynced omemo device list after PEP push" protocol=v1 from=rbdduiktozne@movim.eu jid=jimww@conversations.im
time=2026-08-23T01:05:29.839+02:00 level=DEBUG msg="resynced omemo device list after PEP push" protocol=v1 from=rbdduiktozne@movim.eu jid=jimww@conversations.im
time=2026-08-23T01:05:29.839+02:00 level=DEBUG msg="resynced omemo device list after PEP push" protocol=v1 from=rbdduiktozne@movim.eu jid=jimww@conversations.im
time=2026-08-23T01:05:30.069+02:00 level=DEBUG msg="FetchOmemoDeviceListV1: fetched" peer=jimww@conversations.im count=2 devices="[396492910 3519373093]"
time=2026-08-23T01:05:30.098+02:00 level=DEBUG msg="resynced omemo-v1 device list on connect" peer=jimww@conversations.im jid=rbdduiktozne@movim.eu
time=2026-08-23T01:05:30.684+02:00 level=DEBUG msg="FetchOmemoDeviceListV1: fetched" peer=juliya@conversations.im count=1 devices=[80731641]
time=2026-08-23T01:05:30.706+02:00 level=DEBUG msg="resynced omemo-v1 device list on connect" peer=juliya@conversations.im jid=rbdduiktozne@movim.eu
time=2026-08-23T01:05:30.783+02:00 level=DEBUG msg="FetchOmemoDeviceList: fetched" peer=qr30bqqwv50lbb3x3tau@movim.eu count=9 devices="[3546796710 543807001 1136287838 804539282 766575397 1069781368 3439252694 3095662882 1110435295]"
time=2026-08-23T01:05:30.880+02:00 level=DEBUG msg="FetchOmemoDeviceListV1: fetched" peer=qr30bqqwv50lbb3x3tau@movim.eu count=7 devices="[1041050623 99377310 406890504 465880925 1294895317 1689625064 1425664679]"
time=2026-08-23T01:05:30.933+02:00 level=DEBUG msg="resynced omemo-v1 device list on connect" peer=qr30bqqwv50lbb3x3tau@movim.eu jid=rbdduiktozne@movim.eu
time=2026-08-23T01:05:30.933+02:00 level=DEBUG msg="account reconnected" jid=rbdduiktozne@movim.eu
time=2026-08-23T01:05:30.934+02:00 level=DEBUG msg="syncArchive: contacts to check" jid=rbdduiktozne@movim.eu contacts=4
time=2026-08-23T01:05:30.964+02:00 level=DEBUG msg="mam page fetched" jid=rbdduiktozne@movim.eu peer=rbdduiktozne@movim.eu page=0 elapsed=30.148026ms after="" items=0 complete=false err=<nil>
time=2026-08-23T01:05:30.964+02:00 level=DEBUG msg="syncArchiveForContact done" jid=rbdduiktozne@movim.eu peer=rbdduiktozne@movim.eu elapsed=30.245199ms
time=2026-08-23T01:05:31.067+02:00 level=DEBUG msg="mam page fetched" jid=rbdduiktozne@movim.eu peer=jimww@conversations.im page=0 elapsed=102.763686ms after=1786145008477310 items=0 complete=false err=<nil>
time=2026-08-23T01:05:31.067+02:00 level=DEBUG msg="syncArchiveForContact done" jid=rbdduiktozne@movim.eu peer=jimww@conversations.im elapsed=102.859296ms
time=2026-08-23T01:05:31.321+02:00 level=DEBUG msg="mam page fetched" jid=rbdduiktozne@movim.eu peer=juliya@conversations.im page=0 elapsed=253.836292ms after=1781027641892659 items=0 complete=false err=<nil>
time=2026-08-23T01:05:31.321+02:00 level=DEBUG msg="syncArchiveForContact done" jid=rbdduiktozne@movim.eu peer=juliya@conversations.im elapsed=253.933716ms
time=2026-08-23T01:05:32.529+02:00 level=DEBUG msg="mam page fetched" jid=rbdduiktozne@movim.eu peer=qr30bqqwv50lbb3x3tau@movim.eu page=0 elapsed=1.207797754s after=1780827424944565 items=0 complete=false err=<nil>
time=2026-08-23T01:05:32.529+02:00 level=DEBUG msg="syncArchiveForContact done" jid=rbdduiktozne@movim.eu peer=qr30bqqwv50lbb3x3tau@movim.eu elapsed=1.207895088s
time=2026-08-23T01:05:32.529+02:00 level=DEBUG msg="received omemo device-list PEP push" protocol=v1 from="" jid=rbdduiktozne@movim.eu
time=2026-08-23T01:05:32.529+02:00 level=DEBUG msg="received omemo device-list PEP push" protocol=v2 from="" jid=rbdduiktozne@movim.eu
time=2026-08-23T01:05:32.529+02:00 level=DEBUG msg="received omemo device-list PEP push" protocol=v1 from=qr30bqqwv50lbb3x3tau@movim.eu jid=rbdduiktozne@movim.eu
time=2026-08-23T01:05:32.529+02:00 level=DEBUG msg="received omemo device-list PEP push" protocol=v2 from=qr30bqqwv50lbb3x3tau@movim.eu jid=rbdduiktozne@movim.eu
time=2026-08-23T01:05:32.529+02:00 level=DEBUG msg="received omemo device-list PEP push" protocol=v1 from=juliya@conversations.im jid=rbdduiktozne@movim.eu
time=2026-08-23T01:05:32.529+02:00 level=DEBUG msg="received omemo device-list PEP push" protocol=v1 from=jimww@conversations.im jid=rbdduiktozne@movim.eu
time=2026-08-23T01:05:32.529+02:00 level=DEBUG msg="received omemo device-list PEP push" protocol=v2 from=jimww@conversations.im jid=rbdduiktozne@movim.eu
time=2026-08-23T01:05:32.529+02:00 level=DEBUG msg="received omemo device-list PEP push" protocol=v1 from=jimww@conversations.im jid=rbdduiktozne@movim.eu
time=2026-08-23T01:05:32.529+02:00 level=DEBUG msg="received omemo device-list PEP push" protocol=v2 from=jimww@conversations.im jid=rbdduiktozne@movim.eu
time=2026-08-23T01:05:32.529+02:00 level=DEBUG msg="received omemo device-list PEP push" protocol=v1 from=jimww@conversations.im jid=rbdduiktozne@movim.eu
time=2026-08-23T01:05:32.530+02:00 level=DEBUG msg="received omemo device-list PEP push" protocol=v2 from="" jid=rbdduiktozne@movim.eu
time=2026-08-23T01:05:32.530+02:00 level=DEBUG msg="received omemo device-list PEP push" protocol=v1 from="" jid=rbdduiktozne@movim.eu
time=2026-08-23T01:05:32.530+02:00 level=DEBUG msg="received omemo device-list PEP push" protocol=v1 from=qr30bqqwv50lbb3x3tau@movim.eu jid=rbdduiktozne@movim.eu
time=2026-08-23T01:05:32.530+02:00 level=DEBUG msg="received omemo device-list PEP push" protocol=v2 from=qr30bqqwv50lbb3x3tau@movim.eu jid=rbdduiktozne@movim.eu
time=2026-08-23T01:05:32.558+02:00 level=DEBUG msg="FetchOmemoDeviceListV1: fetched" peer=qr30bqqwv50lbb3x3tau@movim.eu count=7 devices="[1041050623 99377310 406890504 465880925 1294895317 1689625064 1425664679]"
time=2026-08-23T01:05:32.596+02:00 level=DEBUG msg="FetchOmemoDeviceList: fetched" peer=qr30bqqwv50lbb3x3tau@movim.eu count=9 devices="[3546796710 543807001 1136287838 804539282 766575397 1069781368 3439252694 3095662882 1110435295]"
time=2026-08-23T01:05:32.596+02:00 level=DEBUG msg="FetchOmemoDeviceListV1: fetched" peer=qr30bqqwv50lbb3x3tau@movim.eu count=7 devices="[1041050623 99377310 406890504 465880925 1294895317 1689625064 1425664679]"
time=2026-08-23T01:05:32.596+02:00 level=DEBUG msg="FetchOmemoDeviceList: fetched" peer=qr30bqqwv50lbb3x3tau@movim.eu count=9 devices="[3546796710 543807001 1136287838 804539282 766575397 1069781368 3439252694 3095662882 1110435295]"
time=2026-08-23T01:05:32.596+02:00 level=DEBUG msg="FetchOmemoDeviceList: fetched" peer=jimww@conversations.im count=2 devices="[454749576 1087746059]"
time=2026-08-23T01:05:32.597+02:00 level=DEBUG msg="FetchOmemoDeviceListV1: fetched" peer=jimww@conversations.im count=2 devices="[396492910 3519373093]"
time=2026-08-23T01:05:32.597+02:00 level=DEBUG msg="FetchOmemoDeviceListV1: fetched" peer=juliya@conversations.im count=1 devices=[80731641]
time=2026-08-23T01:05:32.597+02:00 level=DEBUG msg="FetchOmemoDeviceListV1: fetched" peer=jimww@conversations.im count=2 devices="[396492910 3519373093]"
time=2026-08-23T01:05:32.613+02:00 level=DEBUG msg="FetchOmemoDeviceList: fetched" peer=jimww@conversations.im count=2 devices="[454749576 1087746059]"
time=2026-08-23T01:05:32.613+02:00 level=DEBUG msg="FetchOmemoDeviceListV1: fetched" peer=jimww@conversations.im count=2 devices="[396492910 3519373093]"
time=2026-08-23T01:05:32.645+02:00 level=DEBUG msg="resynced omemo device list after PEP push" protocol=v1 from=juliya@conversations.im jid=rbdduiktozne@movim.eu
time=2026-08-23T01:05:32.665+02:00 level=DEBUG msg="resynced omemo device list after PEP push" protocol=v2 from=jimww@conversations.im jid=rbdduiktozne@movim.eu
time=2026-08-23T01:05:32.712+02:00 level=DEBUG msg="resynced omemo device list after PEP push" protocol=v1 from=jimww@conversations.im jid=rbdduiktozne@movim.eu
time=2026-08-23T01:05:32.726+02:00 level=DEBUG msg="resynced omemo device list after PEP push" protocol=v2 from=jimww@conversations.im jid=rbdduiktozne@movim.eu
time=2026-08-23T01:05:32.739+02:00 level=DEBUG msg="resynced omemo device list after PEP push" protocol=v1 from=jimww@conversations.im jid=rbdduiktozne@movim.eu
time=2026-08-23T01:05:32.746+02:00 level=DEBUG msg="resynced omemo device list after PEP push" protocol=v1 from=qr30bqqwv50lbb3x3tau@movim.eu jid=rbdduiktozne@movim.eu
time=2026-08-23T01:05:32.759+02:00 level=DEBUG msg="resynced omemo device list after PEP push" protocol=v1 from=jimww@conversations.im jid=rbdduiktozne@movim.eu
time=2026-08-23T01:05:32.786+02:00 level=DEBUG msg="resynced omemo device list after PEP push" protocol=v1 from=qr30bqqwv50lbb3x3tau@movim.eu jid=rbdduiktozne@movim.eu
time=2026-08-23T01:05:32.793+02:00 level=DEBUG msg="resynced omemo device list after PEP push" protocol=v2 from=qr30bqqwv50lbb3x3tau@movim.eu jid=rbdduiktozne@movim.eu
time=2026-08-23T01:05:32.793+02:00 level=DEBUG msg="resynced omemo device list after PEP push" protocol=v2 from=qr30bqqwv50lbb3x3tau@movim.eu jid=rbdduiktozne@movim.eu
time=2026-08-23T01:24:15.679+02:00 level=DEBUG msg="received omemo device-list PEP push" protocol=v2 from=qr30bqqwv50lbb3x3tau@movim.eu jid=rbdduiktozne@movim.eu
time=2026-08-23T01:24:16.061+02:00 level=DEBUG msg="received omemo device-list PEP push" protocol=v1 from=qr30bqqwv50lbb3x3tau@movim.eu jid=rbdduiktozne@movim.eu
time=2026-08-23T01:24:16.061+02:00 level=DEBUG msg="FetchOmemoDeviceList: fetched" peer=qr30bqqwv50lbb3x3tau@movim.eu count=9 devices="[3546796710 543807001 1136287838 804539282 766575397 1069781368 3439252694 3095662882 1110435295]"
time=2026-08-23T01:24:16.137+02:00 level=DEBUG msg="resynced omemo device list after PEP push" protocol=v2 from=qr30bqqwv50lbb3x3tau@movim.eu jid=rbdduiktozne@movim.eu
time=2026-08-23T01:24:16.296+02:00 level=DEBUG msg="FetchOmemoDeviceListV1: fetched" peer=qr30bqqwv50lbb3x3tau@movim.eu count=7 devices="[1041050623 99377310 406890504 465880925 1294895317 1689625064 1425664679]"
time=2026-08-23T01:24:16.358+02:00 level=DEBUG msg="resynced omemo device list after PEP push" protocol=v1 from=qr30bqqwv50lbb3x3tau@movim.eu jid=rbdduiktozne@movim.eu
time=2026-08-23T01:27:52.527+02:00 level=DEBUG msg="received omemo device-list PEP push" protocol=v2 from=qr30bqqwv50lbb3x3tau@movim.eu jid=rbdduiktozne@movim.eu
time=2026-08-23T01:27:52.555+02:00 level=DEBUG msg="FetchOmemoDeviceList: fetched" peer=qr30bqqwv50lbb3x3tau@movim.eu count=9 devices="[3546796710 543807001 1136287838 804539282 766575397 1069781368 3439252694 3095662882 1110435295]"
time=2026-08-23T01:27:52.622+02:00 level=DEBUG msg="resynced omemo device list after PEP push" protocol=v2 from=qr30bqqwv50lbb3x3tau@movim.eu jid=rbdduiktozne@movim.eu
time=2026-08-23T01:27:52.709+02:00 level=DEBUG msg="received omemo device-list PEP push" protocol=v1 from=qr30bqqwv50lbb3x3tau@movim.eu jid=rbdduiktozne@movim.eu
time=2026-08-23T01:27:52.748+02:00 level=DEBUG msg="FetchOmemoDeviceListV1: fetched" peer=qr30bqqwv50lbb3x3tau@movim.eu count=7 devices="[1041050623 99377310 406890504 465880925 1294895317 1689625064 1425664679]"
time=2026-08-23T01:27:52.808+02:00 level=DEBUG msg="resynced omemo device list after PEP push" protocol=v1 from=qr30bqqwv50lbb3x3tau@movim.eu jid=rbdduiktozne@movim.eu
time=2026-08-23T02:14:40.668+02:00 level=INFO msg="kage starting" version=0.5.0-1427deb18ebdd58c7ed5ad8ac7f99c9752515325 log_file=/home/jim/.config/kage/debug.log
time=2026-08-23T02:14:40.669+02:00 level=DEBUG msg="local roster loaded" jid=rbdduiktozne@movim.eu contacts=3
time=2026-08-23T02:14:40.674+02:00 level=DEBUG msg="loadHistoryWindow done" jid=rbdduiktozne@movim.eu peer=jimww@conversations.im elapsed=4.323078ms messages=60 more=true
time=2026-08-23T02:14:40.678+02:00 level=DEBUG msg="loadHistoryWindow done" jid=rbdduiktozne@movim.eu peer=juliya@conversations.im elapsed=4.500602ms messages=60 more=true
time=2026-08-23T02:14:40.683+02:00 level=DEBUG msg="loadHistoryWindow done" jid=rbdduiktozne@movim.eu peer=qr30bqqwv50lbb3x3tau@movim.eu elapsed=4.808883ms messages=60 more=true
time=2026-08-23T02:14:40.684+02:00 level=DEBUG msg="local roster loaded" jid=jimww@conversations.im contacts=1
time=2026-08-23T02:14:40.691+02:00 level=DEBUG msg="loadHistoryWindow done" jid=jimww@conversations.im peer=rbdduiktozne@movim.eu elapsed=6.381197ms messages=60 more=true
time=2026-08-23T02:14:40.758+02:00 level=DEBUG msg="focus state updated" accountJID=rbdduiktozne@movim.eu chatAddress=jimww@conversations.im focused=true key="rbdduiktozne@movim.eu\x00jimww@conversations.im"
time=2026-08-23T02:14:40.811+02:00 level=DEBUG msg="focus state updated" accountJID=rbdduiktozne@movim.eu chatAddress=qr30bqqwv50lbb3x3tau@movim.eu focused=true key="rbdduiktozne@movim.eu\x00qr30bqqwv50lbb3x3tau@movim.eu"
time=2026-08-23T02:14:41.690+02:00 level=DEBUG msg="focus state updated" accountJID=rbdduiktozne@movim.eu chatAddress=qr30bqqwv50lbb3x3tau@movim.eu focused=false key="rbdduiktozne@movim.eu\x00qr30bqqwv50lbb3x3tau@movim.eu"
time=2026-08-23T02:14:46.279+02:00 level=INFO msg="kage background service: SIGTERM received, shutting down"
time=2026-08-23T02:14:46.279+02:00 level=DEBUG msg="background: socket accept loop ended" err="accept unix /home/jim/.config/kage/kage.sock: use of closed network connection"
time=2026-08-23T02:14:46.291+02:00 level=INFO msg="kage background service: exiting"
time=2026-08-23T02:14:47.365+02:00 level=INFO msg="kage starting" version=0.5.0-1427deb18ebdd58c7ed5ad8ac7f99c9752515325 log_file=/home/jim/.config/kage/debug.log
time=2026-08-23T02:14:47.428+02:00 level=INFO msg="kage starting" version=0.5.0-1427deb18ebdd58c7ed5ad8ac7f99c9752515325 log_file=/home/jim/.config/kage/debug.log
time=2026-08-23T02:14:47.436+02:00 level=INFO msg="kage background service: starting version=0.5.0-1427deb18ebdd58c7ed5ad8ac7f99c9752515325 for 2 account(s)"
time=2026-08-23T02:14:47.584+02:00 level=DEBUG msg="connectAccountLocal starting" jid=jimww@conversations.im
time=2026-08-23T02:14:47.584+02:00 level=DEBUG msg="connectAccountLocal starting" jid=rbdduiktozne@movim.eu
time=2026-08-23T02:14:47.585+02:00 level=DEBUG msg="local roster loaded" jid=jimww@conversations.im contacts=1
time=2026-08-23T02:14:47.585+02:00 level=DEBUG msg="local roster loaded" jid=rbdduiktozne@movim.eu contacts=3
time=2026-08-23T02:14:47.605+02:00 level=DEBUG msg="loadHistoryWindow done" jid=jimww@conversations.im peer=rbdduiktozne@movim.eu elapsed=10.231434ms messages=60 more=true
time=2026-08-23T02:14:47.605+02:00 level=DEBUG msg="connectAccountLocal done" jid=jimww@conversations.im elapsed=20.866088ms chats=1
time=2026-08-23T02:14:47.606+02:00 level=DEBUG msg="connectAccountLive starting" jid=jimww@conversations.im
time=2026-08-23T02:14:47.606+02:00 level=DEBUG msg="resolving password" jid=jimww@conversations.im
time=2026-08-23T02:14:47.606+02:00 level=DEBUG msg="loadHistoryWindow done" jid=rbdduiktozne@movim.eu peer=jimww@conversations.im elapsed=10.997297ms messages=60 more=true
time=2026-08-23T02:14:47.612+02:00 level=DEBUG msg="loadHistoryWindow done" jid=rbdduiktozne@movim.eu peer=juliya@conversations.im elapsed=5.495177ms messages=60 more=true
time=2026-08-23T02:14:47.616+02:00 level=DEBUG msg="loadHistoryWindow done" jid=rbdduiktozne@movim.eu peer=qr30bqqwv50lbb3x3tau@movim.eu elapsed=3.914197ms messages=60 more=true
time=2026-08-23T02:14:47.616+02:00 level=DEBUG msg="connectAccountLocal done" jid=rbdduiktozne@movim.eu elapsed=31.291196ms chats=3
time=2026-08-23T02:14:47.617+02:00 level=DEBUG msg="connectAccountLive starting" jid=rbdduiktozne@movim.eu
time=2026-08-23T02:14:47.617+02:00 level=DEBUG msg="resolving password" jid=rbdduiktozne@movim.eu
time=2026-08-23T02:14:47.617+02:00 level=DEBUG msg="password resolved" jid=jimww@conversations.im elapsed=10.941121ms
time=2026-08-23T02:14:47.617+02:00 level=DEBUG msg=dialing jid=jimww@conversations.im
time=2026-08-23T02:14:47.630+02:00 level=DEBUG msg="password resolved" jid=rbdduiktozne@movim.eu elapsed=13.488623ms
time=2026-08-23T02:14:47.630+02:00 level=DEBUG msg=dialing jid=rbdduiktozne@movim.eu
time=2026-08-23T02:14:47.747+02:00 level=DEBUG msg="local roster loaded" jid=rbdduiktozne@movim.eu contacts=3
time=2026-08-23T02:14:47.752+02:00 level=DEBUG msg="loadHistoryWindow done" jid=rbdduiktozne@movim.eu peer=jimww@conversations.im elapsed=3.957179ms messages=60 more=true
time=2026-08-23T02:14:47.756+02:00 level=DEBUG msg="loadHistoryWindow done" jid=rbdduiktozne@movim.eu peer=juliya@conversations.im elapsed=3.859945ms messages=60 more=true
time=2026-08-23T02:14:47.760+02:00 level=DEBUG msg="loadHistoryWindow done" jid=rbdduiktozne@movim.eu peer=qr30bqqwv50lbb3x3tau@movim.eu elapsed=4.264037ms messages=60 more=true
time=2026-08-23T02:14:47.760+02:00 level=DEBUG msg="local roster loaded" jid=jimww@conversations.im contacts=1
time=2026-08-23T02:14:47.764+02:00 level=DEBUG msg="loadHistoryWindow done" jid=jimww@conversations.im peer=rbdduiktozne@movim.eu elapsed=3.320849ms messages=60 more=true
time=2026-08-23T02:14:47.805+02:00 level=DEBUG msg="focus state updated" accountJID=rbdduiktozne@movim.eu chatAddress=jimww@conversations.im focused=true key="rbdduiktozne@movim.eu\x00jimww@conversations.im"
time=2026-08-23T02:14:47.854+02:00 level=DEBUG msg="focus state updated" accountJID=rbdduiktozne@movim.eu chatAddress=qr30bqqwv50lbb3x3tau@movim.eu focused=true key="rbdduiktozne@movim.eu\x00qr30bqqwv50lbb3x3tau@movim.eu"
time=2026-08-23T02:14:48.432+02:00 level=DEBUG msg=dialed jid=rbdduiktozne@movim.eu elapsed=801.997225ms
time=2026-08-23T02:14:48.432+02:00 level=DEBUG msg="publishOwnGPGKey starting" jid=rbdduiktozne@movim.eu
time=2026-08-23T02:14:48.432+02:00 level=DEBUG msg="gpg: running" args="[--batch --export 84E78B81883125DEF4FFBD7735AE71B304C67013]" stdin_bytes=0 timeout=10s
time=2026-08-23T02:14:48.451+02:00 level=DEBUG msg="gpg: finished" args="[--batch --export 84E78B81883125DEF4FFBD7735AE71B304C67013]" elapsed=18.788773ms err=<nil>
time=2026-08-23T02:14:48.451+02:00 level=WARN msg="exporting own gpg key" err="gpg export: no key found for 84E78B81883125DEF4FFBD7735AE71B304C67013"
time=2026-08-23T02:14:48.451+02:00 level=DEBUG msg="publishOwnGPGKey done" jid=rbdduiktozne@movim.eu elapsed=19.027943ms
time=2026-08-23T02:14:48.451+02:00 level=DEBUG msg="setupOmemo starting" jid=rbdduiktozne@movim.eu
time=2026-08-23T02:14:48.470+02:00 level=DEBUG msg=dialed jid=jimww@conversations.im elapsed=853.444582ms
time=2026-08-23T02:14:48.470+02:00 level=DEBUG msg="publishOwnGPGKey starting" jid=jimww@conversations.im
time=2026-08-23T02:14:48.470+02:00 level=DEBUG msg="gpg: running" args="[--batch --export 84E78B81883125DEF4FFBD7735AE71B304C67013]" stdin_bytes=0 timeout=10s
time=2026-08-23T02:14:48.479+02:00 level=DEBUG msg="gpg: finished" args="[--batch --export 84E78B81883125DEF4FFBD7735AE71B304C67013]" elapsed=8.763036ms err=<nil>
time=2026-08-23T02:14:48.479+02:00 level=WARN msg="exporting own gpg key" err="gpg export: no key found for 84E78B81883125DEF4FFBD7735AE71B304C67013"
time=2026-08-23T02:14:48.479+02:00 level=DEBUG msg="publishOwnGPGKey done" jid=jimww@conversations.im elapsed=8.963674ms
time=2026-08-23T02:14:48.479+02:00 level=DEBUG msg="setupOmemo starting" jid=jimww@conversations.im
time=2026-08-23T02:14:48.527+02:00 level=DEBUG msg="makeNodeOpen: reconfigured to open access" node=urn:xmpp:omemo:2:bundles:3970042472
time=2026-08-23T02:14:48.565+02:00 level=DEBUG msg="makeNodeOpen: reconfigured to open access" node=urn:xmpp:omemo:2:bundles:454749576
time=2026-08-23T02:14:48.566+02:00 level=DEBUG msg="FetchOmemoDeviceList: fetched" peer=rbdduiktozne@movim.eu count=2 devices="[3970042472 738931598]"
time=2026-08-23T02:14:48.566+02:00 level=DEBUG msg="omemo setup: local device ID and current device list" protocol=v2 jid=rbdduiktozne@movim.eu local_device=3970042472 devices="[3970042472 738931598]"
time=2026-08-23T02:14:48.566+02:00 level=DEBUG msg="omemo setup: publishing device list" protocol=v2 jid=rbdduiktozne@movim.eu devices="[3970042472 738931598]"
time=2026-08-23T02:14:48.602+02:00 level=DEBUG msg="FetchOmemoDeviceList: fetched" peer=jimww@conversations.im count=2 devices="[454749576 1087746059]"
time=2026-08-23T02:14:48.602+02:00 level=DEBUG msg="omemo setup: local device ID and current device list" protocol=v2 jid=jimww@conversations.im local_device=454749576 devices="[454749576 1087746059]"
time=2026-08-23T02:14:48.602+02:00 level=DEBUG msg="omemo setup: publishing device list" protocol=v2 jid=jimww@conversations.im devices="[454749576 1087746059]"
time=2026-08-23T02:14:48.629+02:00 level=DEBUG msg="makeNodeOpen: reconfigured to open access" node=urn:xmpp:omemo:2:devices
time=2026-08-23T02:14:48.658+02:00 level=DEBUG msg="FetchOmemoDeviceList: fetched" peer=rbdduiktozne@movim.eu count=2 devices="[3970042472 738931598]"
time=2026-08-23T02:14:48.676+02:00 level=DEBUG msg="makeNodeOpen: reconfigured to open access" node=urn:xmpp:omemo:2:devices
time=2026-08-23T02:14:48.713+02:00 level=DEBUG msg="FetchOmemoDeviceList: fetched" peer=jimww@conversations.im count=2 devices="[454749576 1087746059]"
time=2026-08-23T02:14:48.783+02:00 level=DEBUG msg="makeNodeOpen: reconfigured to open access" node=eu.siacs.conversations.axolotl.bundles:1215632555
time=2026-08-23T02:14:48.811+02:00 level=DEBUG msg="FetchOmemoDeviceListV1: fetched" peer=rbdduiktozne@movim.eu count=4 devices="[652529220 1532489010 1215632555 281798428]"
time=2026-08-23T02:14:48.811+02:00 level=DEBUG msg="omemo setup: local device ID and current device list" protocol=v1 jid=rbdduiktozne@movim.eu local_device=1215632555 devices="[652529220 1532489010 1215632555 281798428]"
time=2026-08-23T02:14:48.811+02:00 level=DEBUG msg="omemo setup: publishing device list" protocol=v1 jid=rbdduiktozne@movim.eu devices="[652529220 1532489010 1215632555 281798428]"
time=2026-08-23T02:14:48.819+02:00 level=DEBUG msg="makeNodeOpen: reconfigured to open access" node=eu.siacs.conversations.axolotl.bundles:396492910
time=2026-08-23T02:14:48.854+02:00 level=DEBUG msg="FetchOmemoDeviceListV1: fetched" peer=jimww@conversations.im count=2 devices="[396492910 3519373093]"
time=2026-08-23T02:14:48.854+02:00 level=DEBUG msg="omemo setup: local device ID and current device list" protocol=v1 jid=jimww@conversations.im local_device=396492910 devices="[396492910 3519373093]"
time=2026-08-23T02:14:48.854+02:00 level=DEBUG msg="omemo setup: publishing device list" protocol=v1 jid=jimww@conversations.im devices="[396492910 3519373093]"
time=2026-08-23T02:14:48.872+02:00 level=DEBUG msg="makeNodeOpen: reconfigured to open access" node=eu.siacs.conversations.axolotl.devicelist
time=2026-08-23T02:14:48.900+02:00 level=DEBUG msg="FetchOmemoDeviceListV1: fetched" peer=rbdduiktozne@movim.eu count=4 devices="[652529220 1532489010 1215632555 281798428]"
time=2026-08-23T02:14:48.925+02:00 level=DEBUG msg="makeNodeOpen: reconfigured to open access" node=eu.siacs.conversations.axolotl.devicelist
time=2026-08-23T02:14:48.941+02:00 level=DEBUG msg="setupOmemo done" jid=rbdduiktozne@movim.eu elapsed=489.332293ms
time=2026-08-23T02:14:48.941+02:00 level=DEBUG msg="fetching live roster" jid=rbdduiktozne@movim.eu
time=2026-08-23T02:14:48.962+02:00 level=DEBUG msg="FetchOmemoDeviceListV1: fetched" peer=jimww@conversations.im count=2 devices="[396492910 3519373093]"
time=2026-08-23T02:14:48.966+02:00 level=DEBUG msg="live roster fetched" jid=rbdduiktozne@movim.eu elapsed=24.736102ms contacts=3
time=2026-08-23T02:14:48.983+02:00 level=DEBUG msg="setupOmemo done" jid=jimww@conversations.im elapsed=503.834716ms
time=2026-08-23T02:14:48.983+02:00 level=DEBUG msg="fetching live roster" jid=jimww@conversations.im
time=2026-08-23T02:14:49.008+02:00 level=DEBUG msg="focus state updated" accountJID="" chatAddress="" focused=true key=""
time=2026-08-23T02:14:49.017+02:00 level=DEBUG msg="live roster fetched" jid=jimww@conversations.im elapsed=33.379623ms contacts=1
time=2026-08-23T02:14:49.033+02:00 level=DEBUG msg="FetchOmemoDeviceList: fetched" peer=jimww@conversations.im count=2 devices="[454749576 1087746059]"
time=2026-08-23T02:14:49.080+02:00 level=DEBUG msg="FetchOmemoDeviceList: fetched" peer=rbdduiktozne@movim.eu count=2 devices="[3970042472 738931598]"
time=2026-08-23T02:14:49.108+02:00 level=DEBUG msg="FetchOmemoDeviceListV1: fetched" peer=jimww@conversations.im count=2 devices="[396492910 3519373093]"
time=2026-08-23T02:14:49.128+02:00 level=DEBUG msg="resynced omemo-v1 device list on connect" peer=jimww@conversations.im jid=rbdduiktozne@movim.eu
time=2026-08-23T02:14:49.160+02:00 level=DEBUG msg="FetchOmemoDeviceListV1: fetched" peer=rbdduiktozne@movim.eu count=4 devices="[652529220 1532489010 1215632555 281798428]"
time=2026-08-23T02:14:49.194+02:00 level=DEBUG msg="resynced omemo-v1 device list on connect" peer=rbdduiktozne@movim.eu jid=jimww@conversations.im
time=2026-08-23T02:14:49.194+02:00 level=DEBUG msg="connectAccountLive done" jid=jimww@conversations.im elapsed=1.588265867s new_chats=0
time=2026-08-23T02:14:49.194+02:00 level=DEBUG msg="syncArchive starting" jid=jimww@conversations.im
time=2026-08-23T02:14:49.195+02:00 level=DEBUG msg="received omemo device-list PEP push" protocol=v1 from="" jid=jimww@conversations.im
time=2026-08-23T02:14:49.195+02:00 level=DEBUG msg="received omemo device-list PEP push" protocol=v2 from="" jid=jimww@conversations.im
time=2026-08-23T02:14:49.195+02:00 level=DEBUG msg="received omemo device-list PEP push" protocol=v1 from=rbdduiktozne@movim.eu jid=jimww@conversations.im
time=2026-08-23T02:14:49.195+02:00 level=DEBUG msg="received omemo device-list PEP push" protocol=v2 from=rbdduiktozne@movim.eu jid=jimww@conversations.im
time=2026-08-23T02:14:49.195+02:00 level=DEBUG msg="received omemo device-list PEP push" protocol=v1 from=rbdduiktozne@movim.eu jid=jimww@conversations.im
time=2026-08-23T02:14:49.195+02:00 level=DEBUG msg="received omemo device-list PEP push" protocol=v2 from=rbdduiktozne@movim.eu jid=jimww@conversations.im
time=2026-08-23T02:14:49.195+02:00 level=DEBUG msg="received omemo device-list PEP push" protocol=v2 from=rbdduiktozne@movim.eu jid=jimww@conversations.im
time=2026-08-23T02:14:49.195+02:00 level=DEBUG msg="received omemo device-list PEP push" protocol=v2 from="" jid=jimww@conversations.im
time=2026-08-23T02:14:49.195+02:00 level=DEBUG msg="received omemo device-list PEP push" protocol=v1 from=rbdduiktozne@movim.eu jid=jimww@conversations.im
time=2026-08-23T02:14:49.195+02:00 level=DEBUG msg="received omemo device-list PEP push" protocol=v1 from="" jid=jimww@conversations.im
time=2026-08-23T02:14:49.195+02:00 level=DEBUG msg="syncArchive: contacts to check" jid=jimww@conversations.im contacts=2
time=2026-08-23T02:14:49.255+02:00 level=DEBUG msg="FetchOmemoDeviceListV1: fetched" peer=juliya@conversations.im count=1 devices=[80731641]
time=2026-08-23T02:14:49.268+02:00 level=DEBUG msg="resynced omemo-v1 device list on connect" peer=juliya@conversations.im jid=rbdduiktozne@movim.eu
time=2026-08-23T02:14:49.296+02:00 level=DEBUG msg="mam page fetched" jid=jimww@conversations.im peer=rbdduiktozne@movim.eu page=0 elapsed=100.582667ms after=1786145008487877 items=0 complete=false err=<nil>
time=2026-08-23T02:14:49.296+02:00 level=DEBUG msg="syncArchiveForContact done" jid=jimww@conversations.im peer=rbdduiktozne@movim.eu elapsed=100.677965ms
time=2026-08-23T02:14:49.296+02:00 level=DEBUG msg="FetchOmemoDeviceList: fetched" peer=rbdduiktozne@movim.eu count=2 devices="[3970042472 738931598]"
time=2026-08-23T02:14:49.297+02:00 level=DEBUG msg="FetchOmemoDeviceList: fetched" peer=qr30bqqwv50lbb3x3tau@movim.eu count=9 devices="[3546796710 543807001 1136287838 804539282 766575397 1069781368 3439252694 3095662882 1110435295]"
time=2026-08-23T02:14:49.300+02:00 level=DEBUG msg="FetchOmemoDeviceListV1: fetched" peer=rbdduiktozne@movim.eu count=4 devices="[652529220 1532489010 1215632555 281798428]"
time=2026-08-23T02:14:49.301+02:00 level=DEBUG msg="FetchOmemoDeviceListV1: fetched" peer=rbdduiktozne@movim.eu count=4 devices="[652529220 1532489010 1215632555 281798428]"
time=2026-08-23T02:14:49.301+02:00 level=DEBUG msg="FetchOmemoDeviceListV1: fetched" peer=rbdduiktozne@movim.eu count=4 devices="[652529220 1532489010 1215632555 281798428]"
time=2026-08-23T02:14:49.304+02:00 level=DEBUG msg="FetchOmemoDeviceList: fetched" peer=rbdduiktozne@movim.eu count=2 devices="[3970042472 738931598]"
time=2026-08-23T02:14:49.304+02:00 level=DEBUG msg="FetchOmemoDeviceList: fetched" peer=rbdduiktozne@movim.eu count=2 devices="[3970042472 738931598]"
time=2026-08-23T02:14:49.336+02:00 level=DEBUG msg="mam page fetched" jid=jimww@conversations.im peer=jimww@conversations.im page=0 elapsed=39.345127ms after="" items=0 complete=false err=<nil>
time=2026-08-23T02:14:49.336+02:00 level=DEBUG msg="syncArchiveForContact done" jid=jimww@conversations.im peer=jimww@conversations.im elapsed=39.461235ms
time=2026-08-23T02:14:49.336+02:00 level=DEBUG msg="syncArchive done" jid=jimww@conversations.im elapsed=141.317022ms
time=2026-08-23T02:14:49.355+02:00 level=DEBUG msg="resynced omemo device list after PEP push" protocol=v2 from=rbdduiktozne@movim.eu jid=jimww@conversations.im
time=2026-08-23T02:14:49.381+02:00 level=DEBUG msg="resynced omemo device list after PEP push" protocol=v2 from=rbdduiktozne@movim.eu jid=jimww@conversations.im
time=2026-08-23T02:14:49.388+02:00 level=DEBUG msg="resynced omemo device list after PEP push" protocol=v2 from=rbdduiktozne@movim.eu jid=jimww@conversations.im
time=2026-08-23T02:14:49.427+02:00 level=DEBUG msg="resynced omemo device list after PEP push" protocol=v1 from=rbdduiktozne@movim.eu jid=jimww@conversations.im
time=2026-08-23T02:14:49.440+02:00 level=DEBUG msg="resynced omemo device list after PEP push" protocol=v1 from=rbdduiktozne@movim.eu jid=jimww@conversations.im
time=2026-08-23T02:14:49.447+02:00 level=DEBUG msg="resynced omemo device list after PEP push" protocol=v1 from=rbdduiktozne@movim.eu jid=jimww@conversations.im
time=2026-08-23T02:14:49.488+02:00 level=DEBUG msg="FetchOmemoDeviceListV1: fetched" peer=qr30bqqwv50lbb3x3tau@movim.eu count=7 devices="[1041050623 99377310 406890504 465880925 1294895317 1689625064 1425664679]"
time=2026-08-23T02:14:49.543+02:00 level=DEBUG msg="resynced omemo-v1 device list on connect" peer=qr30bqqwv50lbb3x3tau@movim.eu jid=rbdduiktozne@movim.eu
time=2026-08-23T02:14:49.543+02:00 level=DEBUG msg="connectAccountLive done" jid=rbdduiktozne@movim.eu elapsed=1.926326518s new_chats=0
time=2026-08-23T02:14:49.544+02:00 level=DEBUG msg="syncArchive starting" jid=rbdduiktozne@movim.eu
time=2026-08-23T02:14:49.544+02:00 level=DEBUG msg="received omemo device-list PEP push" protocol=v1 from="" jid=rbdduiktozne@movim.eu
time=2026-08-23T02:14:49.544+02:00 level=DEBUG msg="received omemo device-list PEP push" protocol=v2 from="" jid=rbdduiktozne@movim.eu
time=2026-08-23T02:14:49.544+02:00 level=DEBUG msg="syncArchive: contacts to check" jid=rbdduiktozne@movim.eu contacts=4
time=2026-08-23T02:14:49.544+02:00 level=DEBUG msg="received omemo device-list PEP push" protocol=v1 from=qr30bqqwv50lbb3x3tau@movim.eu jid=rbdduiktozne@movim.eu
time=2026-08-23T02:14:49.544+02:00 level=DEBUG msg="received omemo device-list PEP push" protocol=v2 from=qr30bqqwv50lbb3x3tau@movim.eu jid=rbdduiktozne@movim.eu
time=2026-08-23T02:14:49.544+02:00 level=DEBUG msg="received omemo device-list PEP push" protocol=v1 from=qr30bqqwv50lbb3x3tau@movim.eu jid=rbdduiktozne@movim.eu
time=2026-08-23T02:14:49.544+02:00 level=DEBUG msg="received omemo device-list PEP push" protocol=v2 from=qr30bqqwv50lbb3x3tau@movim.eu jid=rbdduiktozne@movim.eu
time=2026-08-23T02:14:49.544+02:00 level=DEBUG msg="received omemo device-list PEP push" protocol=v1 from=juliya@conversations.im jid=rbdduiktozne@movim.eu
time=2026-08-23T02:14:49.544+02:00 level=DEBUG msg="received omemo device-list PEP push" protocol=v1 from=jimww@conversations.im jid=rbdduiktozne@movim.eu
time=2026-08-23T02:14:49.544+02:00 level=DEBUG msg="received omemo device-list PEP push" protocol=v2 from=jimww@conversations.im jid=rbdduiktozne@movim.eu
time=2026-08-23T02:14:49.544+02:00 level=DEBUG msg="received omemo device-list PEP push" protocol=v2 from="" jid=rbdduiktozne@movim.eu
time=2026-08-23T02:14:49.544+02:00 level=DEBUG msg="received omemo device-list PEP push" protocol=v2 from=jimww@conversations.im jid=rbdduiktozne@movim.eu
time=2026-08-23T02:14:49.544+02:00 level=DEBUG msg="received omemo device-list PEP push" protocol=v1 from="" jid=rbdduiktozne@movim.eu
time=2026-08-23T02:14:49.544+02:00 level=DEBUG msg="received omemo device-list PEP push" protocol=v1 from=jimww@conversations.im jid=rbdduiktozne@movim.eu
time=2026-08-23T02:14:49.607+02:00 level=DEBUG msg="received omemo device-list PEP push" protocol=v1 from=qr30bqqwv50lbb3x3tau@movim.eu jid=rbdduiktozne@movim.eu
time=2026-08-23T02:14:49.607+02:00 level=DEBUG msg="received omemo device-list PEP push" protocol=v1 from=qr30bqqwv50lbb3x3tau@movim.eu jid=rbdduiktozne@movim.eu
time=2026-08-23T02:14:49.608+02:00 level=DEBUG msg="received omemo device-list PEP push" protocol=v2 from=qr30bqqwv50lbb3x3tau@movim.eu jid=rbdduiktozne@movim.eu
time=2026-08-23T02:14:49.608+02:00 level=DEBUG msg="received omemo device-list PEP push" protocol=v2 from=qr30bqqwv50lbb3x3tau@movim.eu jid=rbdduiktozne@movim.eu
time=2026-08-23T02:14:49.659+02:00 level=DEBUG msg="mam page fetched" jid=rbdduiktozne@movim.eu peer=juliya@conversations.im page=0 elapsed=114.759457ms after=1781027641892659 items=0 complete=false err=<nil>
time=2026-08-23T02:14:49.659+02:00 level=DEBUG msg="syncArchiveForContact done" jid=rbdduiktozne@movim.eu peer=juliya@conversations.im elapsed=114.849977ms
time=2026-08-23T02:14:49.659+02:00 level=DEBUG msg="FetchOmemoDeviceListV1: fetched" peer=qr30bqqwv50lbb3x3tau@movim.eu count=7 devices="[1041050623 99377310 406890504 465880925 1294895317 1689625064 1425664679]"
time=2026-08-23T02:14:49.660+02:00 level=DEBUG msg="FetchOmemoDeviceList: fetched" peer=qr30bqqwv50lbb3x3tau@movim.eu count=9 devices="[3546796710 543807001 1136287838 804539282 766575397 1069781368 3439252694 3095662882 1110435295]"
time=2026-08-23T02:14:49.660+02:00 level=DEBUG msg="FetchOmemoDeviceListV1: fetched" peer=qr30bqqwv50lbb3x3tau@movim.eu count=7 devices="[1041050623 99377310 406890504 465880925 1294895317 1689625064 1425664679]"
time=2026-08-23T02:14:49.660+02:00 level=DEBUG msg="FetchOmemoDeviceList: fetched" peer=qr30bqqwv50lbb3x3tau@movim.eu count=9 devices="[3546796710 543807001 1136287838 804539282 766575397 1069781368 3439252694 3095662882 1110435295]"
time=2026-08-23T02:14:49.661+02:00 level=DEBUG msg="FetchOmemoDeviceListV1: fetched" peer=qr30bqqwv50lbb3x3tau@movim.eu count=7 devices="[1041050623 99377310 406890504 465880925 1294895317 1689625064 1425664679]"
time=2026-08-23T02:14:49.661+02:00 level=DEBUG msg="FetchOmemoDeviceListV1: fetched" peer=qr30bqqwv50lbb3x3tau@movim.eu count=7 devices="[1041050623 99377310 406890504 465880925 1294895317 1689625064 1425664679]"
time=2026-08-23T02:14:49.661+02:00 level=DEBUG msg="FetchOmemoDeviceListV1: fetched" peer=jimww@conversations.im count=2 devices="[396492910 3519373093]"
time=2026-08-23T02:14:49.661+02:00 level=DEBUG msg="FetchOmemoDeviceList: fetched" peer=qr30bqqwv50lbb3x3tau@movim.eu count=9 devices="[3546796710 543807001 1136287838 804539282 766575397 1069781368 3439252694 3095662882 1110435295]"
time=2026-08-23T02:14:49.661+02:00 level=DEBUG msg="FetchOmemoDeviceList: fetched" peer=qr30bqqwv50lbb3x3tau@movim.eu count=9 devices="[3546796710 543807001 1136287838 804539282 766575397 1069781368 3439252694 3095662882 1110435295]"
time=2026-08-23T02:14:49.662+02:00 level=DEBUG msg="FetchOmemoDeviceList: fetched" peer=jimww@conversations.im count=2 devices="[454749576 1087746059]"
time=2026-08-23T02:14:49.662+02:00 level=DEBUG msg="FetchOmemoDeviceListV1: fetched" peer=juliya@conversations.im count=1 devices=[80731641]
time=2026-08-23T02:14:49.662+02:00 level=DEBUG msg="FetchOmemoDeviceList: fetched" peer=jimww@conversations.im count=2 devices="[454749576 1087746059]"
time=2026-08-23T02:14:49.662+02:00 level=DEBUG msg="FetchOmemoDeviceListV1: fetched" peer=jimww@conversations.im count=2 devices="[396492910 3519373093]"
time=2026-08-23T02:14:49.713+02:00 level=DEBUG msg="resynced omemo device list after PEP push" protocol=v1 from=jimww@conversations.im jid=rbdduiktozne@movim.eu
time=2026-08-23T02:14:49.746+02:00 level=DEBUG msg="resynced omemo device list after PEP push" protocol=v1 from=juliya@conversations.im jid=rbdduiktozne@movim.eu
time=2026-08-23T02:14:49.794+02:00 level=DEBUG msg="resynced omemo device list after PEP push" protocol=v1 from=jimww@conversations.im jid=rbdduiktozne@movim.eu
time=2026-08-23T02:14:49.837+02:00 level=DEBUG msg="resynced omemo device list after PEP push" protocol=v2 from=jimww@conversations.im jid=rbdduiktozne@movim.eu
time=2026-08-23T02:14:49.899+02:00 level=DEBUG msg="resynced omemo device list after PEP push" protocol=v1 from=qr30bqqwv50lbb3x3tau@movim.eu jid=rbdduiktozne@movim.eu
time=2026-08-23T02:14:49.925+02:00 level=DEBUG msg="resynced omemo device list after PEP push" protocol=v2 from=jimww@conversations.im jid=rbdduiktozne@movim.eu
time=2026-08-23T02:14:49.928+02:00 level=DEBUG msg="mam page fetched" jid=rbdduiktozne@movim.eu peer=qr30bqqwv50lbb3x3tau@movim.eu page=0 elapsed=269.327433ms after=1780827424944565 items=0 complete=false err=<nil>
time=2026-08-23T02:14:49.928+02:00 level=DEBUG msg="syncArchiveForContact done" jid=rbdduiktozne@movim.eu peer=qr30bqqwv50lbb3x3tau@movim.eu elapsed=269.387135ms
time=2026-08-23T02:14:49.933+02:00 level=DEBUG msg="resynced omemo device list after PEP push" protocol=v1 from=qr30bqqwv50lbb3x3tau@movim.eu jid=rbdduiktozne@movim.eu
time=2026-08-23T02:14:49.946+02:00 level=DEBUG msg="resynced omemo device list after PEP push" protocol=v2 from=qr30bqqwv50lbb3x3tau@movim.eu jid=rbdduiktozne@movim.eu
time=2026-08-23T02:14:49.947+02:00 level=DEBUG msg="resynced omemo device list after PEP push" protocol=v1 from=qr30bqqwv50lbb3x3tau@movim.eu jid=rbdduiktozne@movim.eu
time=2026-08-23T02:14:49.947+02:00 level=DEBUG msg="resynced omemo device list after PEP push" protocol=v1 from=qr30bqqwv50lbb3x3tau@movim.eu jid=rbdduiktozne@movim.eu
time=2026-08-23T02:14:49.948+02:00 level=DEBUG msg="resynced omemo device list after PEP push" protocol=v2 from=qr30bqqwv50lbb3x3tau@movim.eu jid=rbdduiktozne@movim.eu
time=2026-08-23T02:14:49.948+02:00 level=DEBUG msg="resynced omemo device list after PEP push" protocol=v2 from=qr30bqqwv50lbb3x3tau@movim.eu jid=rbdduiktozne@movim.eu
time=2026-08-23T02:14:49.948+02:00 level=DEBUG msg="resynced omemo device list after PEP push" protocol=v2 from=qr30bqqwv50lbb3x3tau@movim.eu jid=rbdduiktozne@movim.eu
time=2026-08-23T02:14:49.981+02:00 level=DEBUG msg="mam page fetched" jid=rbdduiktozne@movim.eu peer=jimww@conversations.im page=0 elapsed=53.031833ms after=1786145008477310 items=0 complete=false err=<nil>
time=2026-08-23T02:14:49.981+02:00 level=DEBUG msg="syncArchiveForContact done" jid=rbdduiktozne@movim.eu peer=jimww@conversations.im elapsed=53.093159ms
time=2026-08-23T02:14:50.008+02:00 level=DEBUG msg="mam page fetched" jid=rbdduiktozne@movim.eu peer=rbdduiktozne@movim.eu page=0 elapsed=26.96334ms after="" items=0 complete=false err=<nil>
time=2026-08-23T02:14:50.008+02:00 level=DEBUG msg="syncArchiveForContact done" jid=rbdduiktozne@movim.eu peer=rbdduiktozne@movim.eu elapsed=27.075853ms
time=2026-08-23T02:14:50.008+02:00 level=DEBUG msg="syncArchive done" jid=rbdduiktozne@movim.eu elapsed=464.826737ms
time=2026-08-23T02:14:53.853+02:00 level=DEBUG msg="focus state updated" accountJID=rbdduiktozne@movim.eu chatAddress=qr30bqqwv50lbb3x3tau@movim.eu focused=true key="rbdduiktozne@movim.eu\x00qr30bqqwv50lbb3x3tau@movim.eu"
time=2026-08-23T02:15:02.054+02:00 level=DEBUG msg="focus state updated" accountJID=rbdduiktozne@movim.eu chatAddress=qr30bqqwv50lbb3x3tau@movim.eu focused=false key="rbdduiktozne@movim.eu\x00qr30bqqwv50lbb3x3tau@movim.eu"
time=2026-08-23T02:15:02.286+02:00 level=DEBUG msg="focus state updated" accountJID=rbdduiktozne@movim.eu chatAddress=qr30bqqwv50lbb3x3tau@movim.eu focused=true key="rbdduiktozne@movim.eu\x00qr30bqqwv50lbb3x3tau@movim.eu"
time=2026-08-23T02:15:02.951+02:00 level=DEBUG msg="focus state updated" accountJID=rbdduiktozne@movim.eu chatAddress=qr30bqqwv50lbb3x3tau@movim.eu focused=false key="rbdduiktozne@movim.eu\x00qr30bqqwv50lbb3x3tau@movim.eu"
time=2026-08-23T02:27:23.048+02:00 level=DEBUG msg="focus state updated" accountJID="" chatAddress="" focused=true key=""
time=2026-08-23T02:27:23.801+02:00 level=DEBUG msg="focus state updated" accountJID=rbdduiktozne@movim.eu chatAddress=jimww@conversations.im focused=true key="rbdduiktozne@movim.eu\x00jimww@conversations.im"
time=2026-08-23T02:27:24.256+02:00 level=DEBUG msg="focus state updated" accountJID="" chatAddress="" focused=true key=""
time=2026-08-23T02:27:24.292+02:00 level=DEBUG msg="focus state updated" accountJID=rbdduiktozne@movim.eu chatAddress=jimww@conversations.im focused=true key="rbdduiktozne@movim.eu\x00jimww@conversations.im"
time=2026-08-23T02:27:27.971+02:00 level=DEBUG msg="send: using omemo encryption" protocol=v1 jid=rbdduiktozne@movim.eu to=jimww@conversations.im
time=2026-08-23T02:27:28.019+02:00 level=DEBUG msg="send: omemo encrypt succeeded" protocol=v1 jid=rbdduiktozne@movim.eu to=jimww@conversations.im keys=5
time=2026-08-23T02:27:28.170+02:00 level=DEBUG msg="received omemo message" from=rbdduiktozne@movim.eu/1746190305999101623128093250 jid=jimww@conversations.im
time=2026-08-23T02:27:28.177+02:00 level=DEBUG msg="omemo message decrypted successfully" from=rbdduiktozne@movim.eu/1746190305999101623128093250
time=2026-08-23T02:27:28.185+02:00 level=DEBUG msg="notify decision" incomingKey="jimww@conversations.im\x00rbdduiktozne@movim.eu" tuiFocused=true tuiActiveChat="rbdduiktozne@movim.eu\x00jimww@conversations.im" chatIsFocused=false notifyEnabled=true decryptFailed=false outgoing=false
time=2026-08-23T02:27:29.653+02:00 level=DEBUG msg="focus state updated" accountJID=rbdduiktozne@movim.eu chatAddress=jimww@conversations.im focused=false key="rbdduiktozne@movim.eu\x00jimww@conversations.im"
time=2026-08-23T13:20:01.410+02:00 level=WARN msg="account disconnected; reconnecting" jid=jimww@conversations.im err="write tcp [2a02:a03f:c919:cd00:1784:e67:9b07:b34d]:43596->[2a00:1828:2000:215::50]:443: write: broken pipe"
time=2026-08-23T13:20:02.810+02:00 level=DEBUG msg="makeNodeOpen: reconfigured to open access" node=urn:xmpp:omemo:2:bundles:454749576
time=2026-08-23T13:20:02.844+02:00 level=DEBUG msg="FetchOmemoDeviceList: fetched" peer=jimww@conversations.im count=2 devices="[454749576 1087746059]"
time=2026-08-23T13:20:02.844+02:00 level=DEBUG msg="omemo setup: local device ID and current device list" protocol=v2 jid=jimww@conversations.im local_device=454749576 devices="[454749576 1087746059]"
time=2026-08-23T13:20:02.844+02:00 level=DEBUG msg="omemo setup: publishing device list" protocol=v2 jid=jimww@conversations.im devices="[454749576 1087746059]"
time=2026-08-23T13:20:03.424+02:00 level=DEBUG msg="makeNodeOpen: reconfigured to open access" node=urn:xmpp:omemo:2:devices
time=2026-08-23T13:20:03.535+02:00 level=DEBUG msg="FetchOmemoDeviceList: fetched" peer=jimww@conversations.im count=2 devices="[454749576 1087746059]"
time=2026-08-23T13:20:03.849+02:00 level=DEBUG msg="makeNodeOpen: reconfigured to open access" node=eu.siacs.conversations.axolotl.bundles:396492910
time=2026-08-23T13:20:03.884+02:00 level=DEBUG msg="FetchOmemoDeviceListV1: fetched" peer=jimww@conversations.im count=2 devices="[396492910 3519373093]"
time=2026-08-23T13:20:03.884+02:00 level=DEBUG msg="omemo setup: local device ID and current device list" protocol=v1 jid=jimww@conversations.im local_device=396492910 devices="[396492910 3519373093]"
time=2026-08-23T13:20:03.884+02:00 level=DEBUG msg="omemo setup: publishing device list" protocol=v1 jid=jimww@conversations.im devices="[396492910 3519373093]"
time=2026-08-23T13:20:04.421+02:00 level=DEBUG msg="makeNodeOpen: reconfigured to open access" node=eu.siacs.conversations.axolotl.devicelist
time=2026-08-23T13:20:04.456+02:00 level=DEBUG msg="FetchOmemoDeviceListV1: fetched" peer=jimww@conversations.im count=2 devices="[396492910 3519373093]"
time=2026-08-23T13:20:04.549+02:00 level=DEBUG msg="FetchOmemoDeviceList: fetched" peer=rbdduiktozne@movim.eu count=2 devices="[3970042472 738931598]"
time=2026-08-23T13:20:04.626+02:00 level=DEBUG msg="FetchOmemoDeviceListV1: fetched" peer=rbdduiktozne@movim.eu count=4 devices="[652529220 1532489010 1215632555 281798428]"
time=2026-08-23T13:20:04.654+02:00 level=DEBUG msg="resynced omemo-v1 device list on connect" peer=rbdduiktozne@movim.eu jid=jimww@conversations.im
time=2026-08-23T13:20:04.689+02:00 level=DEBUG msg="FetchOmemoDeviceList: fetched" peer=jimww@conversations.im count=2 devices="[454749576 1087746059]"
time=2026-08-23T13:20:04.740+02:00 level=DEBUG msg="FetchOmemoDeviceListV1: fetched" peer=jimww@conversations.im count=2 devices="[396492910 3519373093]"
time=2026-08-23T13:20:04.758+02:00 level=DEBUG msg="resynced omemo-v1 device list on connect" peer=jimww@conversations.im jid=jimww@conversations.im
time=2026-08-23T13:20:04.758+02:00 level=DEBUG msg="account reconnected" jid=jimww@conversations.im
time=2026-08-23T13:20:04.758+02:00 level=DEBUG msg="syncArchive: contacts to check" jid=jimww@conversations.im contacts=2
time=2026-08-23T13:20:04.881+02:00 level=DEBUG msg="mam page fetched" jid=jimww@conversations.im peer=rbdduiktozne@movim.eu page=0 elapsed=122.793965ms after=1786145008487877 items=0 complete=false err=<nil>
time=2026-08-23T13:20:04.881+02:00 level=DEBUG msg="syncArchiveForContact done" jid=jimww@conversations.im peer=rbdduiktozne@movim.eu elapsed=122.859429ms
time=2026-08-23T13:20:04.923+02:00 level=DEBUG msg="mam page fetched" jid=jimww@conversations.im peer=jimww@conversations.im page=0 elapsed=42.359411ms after="" items=0 complete=false err=<nil>
time=2026-08-23T13:20:04.923+02:00 level=DEBUG msg="syncArchiveForContact done" jid=jimww@conversations.im peer=jimww@conversations.im elapsed=42.409195ms
time=2026-08-23T13:20:04.923+02:00 level=DEBUG msg="received omemo device-list PEP push" protocol=v1 from="" jid=jimww@conversations.im
time=2026-08-23T13:20:04.923+02:00 level=DEBUG msg="received omemo device-list PEP push" protocol=v2 from="" jid=jimww@conversations.im
time=2026-08-23T13:20:04.923+02:00 level=DEBUG msg="received omemo device-list PEP push" protocol=v1 from=rbdduiktozne@movim.eu jid=jimww@conversations.im
time=2026-08-23T13:20:04.923+02:00 level=DEBUG msg="received omemo device-list PEP push" protocol=v2 from=rbdduiktozne@movim.eu jid=jimww@conversations.im
time=2026-08-23T13:20:04.924+02:00 level=DEBUG msg="received omemo device-list PEP push" protocol=v2 from="" jid=jimww@conversations.im
time=2026-08-23T13:20:04.924+02:00 level=DEBUG msg="received omemo device-list PEP push" protocol=v1 from="" jid=jimww@conversations.im
time=2026-08-23T13:20:04.982+02:00 level=DEBUG msg="FetchOmemoDeviceListV1: fetched" peer=rbdduiktozne@movim.eu count=4 devices="[652529220 1532489010 1215632555 281798428]"
time=2026-08-23T13:20:05.005+02:00 level=DEBUG msg="FetchOmemoDeviceList: fetched" peer=rbdduiktozne@movim.eu count=2 devices="[3970042472 738931598]"
time=2026-08-23T13:20:05.030+02:00 level=DEBUG msg="resynced omemo device list after PEP push" protocol=v1 from=rbdduiktozne@movim.eu jid=jimww@conversations.im
time=2026-08-23T13:20:05.035+02:00 level=DEBUG msg="resynced omemo device list after PEP push" protocol=v2 from=rbdduiktozne@movim.eu jid=jimww@conversations.im
time=2026-08-23T13:20:14.721+02:00 level=WARN msg="account disconnected; reconnecting" jid=rbdduiktozne@movim.eu err="write tcp [2a02:a03f:c919:cd00:1784:e67:9b07:b34d]:53998->[2a03:4000:51:f44:4e1:2ff:fe00:4257]:5223: write: broken pipe"
time=2026-08-23T13:20:16.006+02:00 level=DEBUG msg="received omemo device-list PEP push" protocol=v1 from=rbdduiktozne@movim.eu jid=jimww@conversations.im
time=2026-08-23T13:20:16.006+02:00 level=DEBUG msg="received omemo device-list PEP push" protocol=v2 from=rbdduiktozne@movim.eu jid=jimww@conversations.im
time=2026-08-23T13:20:16.197+02:00 level=DEBUG msg="FetchOmemoDeviceList: fetched" peer=rbdduiktozne@movim.eu count=2 devices="[3970042472 738931598]"
time=2026-08-23T13:20:16.197+02:00 level=DEBUG msg="makeNodeOpen: reconfigured to open access" node=urn:xmpp:omemo:2:bundles:3970042472
time=2026-08-23T13:20:16.198+02:00 level=DEBUG msg="FetchOmemoDeviceListV1: fetched" peer=rbdduiktozne@movim.eu count=4 devices="[652529220 1532489010 1215632555 281798428]"
time=2026-08-23T13:20:16.234+02:00 level=DEBUG msg="resynced omemo device list after PEP push" protocol=v2 from=rbdduiktozne@movim.eu jid=jimww@conversations.im
time=2026-08-23T13:20:16.251+02:00 level=DEBUG msg="resynced omemo device list after PEP push" protocol=v1 from=rbdduiktozne@movim.eu jid=jimww@conversations.im
time=2026-08-23T13:20:16.397+02:00 level=DEBUG msg="FetchOmemoDeviceList: fetched" peer=rbdduiktozne@movim.eu count=2 devices="[3970042472 738931598]"
time=2026-08-23T13:20:16.398+02:00 level=DEBUG msg="omemo setup: local device ID and current device list" protocol=v2 jid=rbdduiktozne@movim.eu local_device=3970042472 devices="[3970042472 738931598]"
time=2026-08-23T13:20:16.398+02:00 level=DEBUG msg="omemo setup: publishing device list" protocol=v2 jid=rbdduiktozne@movim.eu devices="[3970042472 738931598]"
time=2026-08-23T13:20:16.505+02:00 level=DEBUG msg="received omemo device-list PEP push" protocol=v2 from=rbdduiktozne@movim.eu jid=jimww@conversations.im
time=2026-08-23T13:20:16.583+02:00 level=DEBUG msg="makeNodeOpen: reconfigured to open access" node=urn:xmpp:omemo:2:devices
time=2026-08-23T13:20:16.583+02:00 level=DEBUG msg="FetchOmemoDeviceList: fetched" peer=rbdduiktozne@movim.eu count=2 devices="[3970042472 738931598]"
time=2026-08-23T13:20:16.609+02:00 level=DEBUG msg="resynced omemo device list after PEP push" protocol=v2 from=rbdduiktozne@movim.eu jid=jimww@conversations.im
time=2026-08-23T13:20:16.609+02:00 level=DEBUG msg="FetchOmemoDeviceList: fetched" peer=rbdduiktozne@movim.eu count=2 devices="[3970042472 738931598]"
time=2026-08-23T13:20:16.703+02:00 level=DEBUG msg="makeNodeOpen: reconfigured to open access" node=eu.siacs.conversations.axolotl.bundles:1215632555
time=2026-08-23T13:20:16.731+02:00 level=DEBUG msg="FetchOmemoDeviceListV1: fetched" peer=rbdduiktozne@movim.eu count=4 devices="[652529220 1532489010 1215632555 281798428]"
time=2026-08-23T13:20:16.731+02:00 level=DEBUG msg="omemo setup: local device ID and current device list" protocol=v1 jid=rbdduiktozne@movim.eu local_device=1215632555 devices="[652529220 1532489010 1215632555 281798428]"
time=2026-08-23T13:20:16.731+02:00 level=DEBUG msg="omemo setup: publishing device list" protocol=v1 jid=rbdduiktozne@movim.eu devices="[652529220 1532489010 1215632555 281798428]"
time=2026-08-23T13:20:16.783+02:00 level=DEBUG msg="received omemo device-list PEP push" protocol=v1 from=rbdduiktozne@movim.eu jid=jimww@conversations.im
time=2026-08-23T13:20:16.795+02:00 level=DEBUG msg="makeNodeOpen: reconfigured to open access" node=eu.siacs.conversations.axolotl.devicelist
time=2026-08-23T13:20:16.823+02:00 level=DEBUG msg="FetchOmemoDeviceListV1: fetched" peer=rbdduiktozne@movim.eu count=4 devices="[652529220 1532489010 1215632555 281798428]"
time=2026-08-23T13:20:16.842+02:00 level=DEBUG msg="FetchOmemoDeviceListV1: fetched" peer=rbdduiktozne@movim.eu count=4 devices="[652529220 1532489010 1215632555 281798428]"
time=2026-08-23T13:20:16.888+02:00 level=DEBUG msg="resynced omemo device list after PEP push" protocol=v1 from=rbdduiktozne@movim.eu jid=jimww@conversations.im
time=2026-08-23T13:20:16.903+02:00 level=DEBUG msg="FetchOmemoDeviceList: fetched" peer=qr30bqqwv50lbb3x3tau@movim.eu count=9 devices="[3546796710 543807001 1136287838 804539282 766575397 1069781368 3439252694 3095662882 1110435295]"
time=2026-08-23T13:20:16.991+02:00 level=DEBUG msg="FetchOmemoDeviceListV1: fetched" peer=qr30bqqwv50lbb3x3tau@movim.eu count=7 devices="[1041050623 99377310 406890504 465880925 1294895317 1689625064 1425664679]"
time=2026-08-23T13:20:17.036+02:00 level=DEBUG msg="resynced omemo-v1 device list on connect" peer=qr30bqqwv50lbb3x3tau@movim.eu jid=rbdduiktozne@movim.eu
time=2026-08-23T13:20:17.085+02:00 level=DEBUG msg="FetchOmemoDeviceList: fetched" peer=jimww@conversations.im count=2 devices="[454749576 1087746059]"
time=2026-08-23T13:20:17.153+02:00 level=DEBUG msg="FetchOmemoDeviceListV1: fetched" peer=jimww@conversations.im count=2 devices="[396492910 3519373093]"
time=2026-08-23T13:20:17.170+02:00 level=DEBUG msg="resynced omemo-v1 device list on connect" peer=jimww@conversations.im jid=rbdduiktozne@movim.eu
time=2026-08-23T13:20:17.198+02:00 level=DEBUG msg="FetchOmemoDeviceList: fetched" peer=rbdduiktozne@movim.eu count=2 devices="[3970042472 738931598]"
time=2026-08-23T13:20:17.242+02:00 level=DEBUG msg="FetchOmemoDeviceListV1: fetched" peer=rbdduiktozne@movim.eu count=4 devices="[652529220 1532489010 1215632555 281798428]"
time=2026-08-23T13:20:17.270+02:00 level=DEBUG msg="resynced omemo-v1 device list on connect" peer=rbdduiktozne@movim.eu jid=rbdduiktozne@movim.eu
time=2026-08-23T13:20:17.369+02:00 level=DEBUG msg="FetchOmemoDeviceListV1: fetched" peer=juliya@conversations.im count=1 devices=[80731641]
time=2026-08-23T13:20:17.381+02:00 level=DEBUG msg="resynced omemo-v1 device list on connect" peer=juliya@conversations.im jid=rbdduiktozne@movim.eu
time=2026-08-23T13:20:17.381+02:00 level=DEBUG msg="account reconnected" jid=rbdduiktozne@movim.eu
time=2026-08-23T13:20:17.381+02:00 level=DEBUG msg="syncArchive: contacts to check" jid=rbdduiktozne@movim.eu contacts=4
time=2026-08-23T13:20:18.903+02:00 level=DEBUG msg="mam page fetched" jid=rbdduiktozne@movim.eu peer=qr30bqqwv50lbb3x3tau@movim.eu page=0 elapsed=1.521475114s after=1780827424944565 items=0 complete=false err=<nil>
time=2026-08-23T13:20:18.903+02:00 level=DEBUG msg="syncArchiveForContact done" jid=rbdduiktozne@movim.eu peer=qr30bqqwv50lbb3x3tau@movim.eu elapsed=1.521527734s
time=2026-08-23T13:20:18.984+02:00 level=DEBUG msg="mam page fetched" jid=rbdduiktozne@movim.eu peer=jimww@conversations.im page=0 elapsed=80.754118ms after=1786145008477310 items=0 complete=false err=<nil>
time=2026-08-23T13:20:18.984+02:00 level=DEBUG msg="syncArchiveForContact done" jid=rbdduiktozne@movim.eu peer=jimww@conversations.im elapsed=80.80816ms
time=2026-08-23T13:20:19.039+02:00 level=DEBUG msg="mam page fetched" jid=rbdduiktozne@movim.eu peer=rbdduiktozne@movim.eu page=0 elapsed=54.924194ms after="" items=0 complete=false err=<nil>
time=2026-08-23T13:20:19.039+02:00 level=DEBUG msg="syncArchiveForContact done" jid=rbdduiktozne@movim.eu peer=rbdduiktozne@movim.eu elapsed=54.97996ms
time=2026-08-23T13:20:19.222+02:00 level=DEBUG msg="mam page fetched" jid=rbdduiktozne@movim.eu peer=juliya@conversations.im page=0 elapsed=182.888167ms after=1781027641892659 items=0 complete=false err=<nil>
time=2026-08-23T13:20:19.222+02:00 level=DEBUG msg="syncArchiveForContact done" jid=rbdduiktozne@movim.eu peer=juliya@conversations.im elapsed=182.936467ms
time=2026-08-23T13:20:19.222+02:00 level=DEBUG msg="received omemo device-list PEP push" protocol=v1 from="" jid=rbdduiktozne@movim.eu
time=2026-08-23T13:20:19.222+02:00 level=DEBUG msg="received omemo device-list PEP push" protocol=v2 from="" jid=rbdduiktozne@movim.eu
time=2026-08-23T13:20:19.222+02:00 level=DEBUG msg="received omemo device-list PEP push" protocol=v1 from=qr30bqqwv50lbb3x3tau@movim.eu jid=rbdduiktozne@movim.eu
time=2026-08-23T13:20:19.222+02:00 level=DEBUG msg="received omemo device-list PEP push" protocol=v2 from=qr30bqqwv50lbb3x3tau@movim.eu jid=rbdduiktozne@movim.eu
time=2026-08-23T13:20:19.222+02:00 level=DEBUG msg="received omemo device-list PEP push" protocol=v1 from=juliya@conversations.im jid=rbdduiktozne@movim.eu
time=2026-08-23T13:20:19.222+02:00 level=DEBUG msg="received omemo device-list PEP push" protocol=v1 from=jimww@conversations.im jid=rbdduiktozne@movim.eu
time=2026-08-23T13:20:19.222+02:00 level=DEBUG msg="received omemo device-list PEP push" protocol=v2 from=jimww@conversations.im jid=rbdduiktozne@movim.eu
time=2026-08-23T13:20:19.222+02:00 level=DEBUG msg="received omemo device-list PEP push" protocol=v2 from="" jid=rbdduiktozne@movim.eu
time=2026-08-23T13:20:19.222+02:00 level=DEBUG msg="received omemo device-list PEP push" protocol=v1 from="" jid=rbdduiktozne@movim.eu
time=2026-08-23T13:20:19.222+02:00 level=DEBUG msg="received omemo device-list PEP push" protocol=v1 from=qr30bqqwv50lbb3x3tau@movim.eu jid=rbdduiktozne@movim.eu
time=2026-08-23T13:20:19.222+02:00 level=DEBUG msg="received omemo device-list PEP push" protocol=v2 from=qr30bqqwv50lbb3x3tau@movim.eu jid=rbdduiktozne@movim.eu
time=2026-08-23T13:20:19.263+02:00 level=DEBUG msg="FetchOmemoDeviceListV1: fetched" peer=qr30bqqwv50lbb3x3tau@movim.eu count=7 devices="[1041050623 99377310 406890504 465880925 1294895317 1689625064 1425664679]"
time=2026-08-23T13:20:19.263+02:00 level=DEBUG msg="FetchOmemoDeviceList: fetched" peer=qr30bqqwv50lbb3x3tau@movim.eu count=9 devices="[3546796710 543807001 1136287838 804539282 766575397 1069781368 3439252694 3095662882 1110435295]"
time=2026-08-23T13:20:19.263+02:00 level=DEBUG msg="FetchOmemoDeviceListV1: fetched" peer=qr30bqqwv50lbb3x3tau@movim.eu count=7 devices="[1041050623 99377310 406890504 465880925 1294895317 1689625064 1425664679]"
time=2026-08-23T13:20:19.263+02:00 level=DEBUG msg="FetchOmemoDeviceList: fetched" peer=qr30bqqwv50lbb3x3tau@movim.eu count=9 devices="[3546796710 543807001 1136287838 804539282 766575397 1069781368 3439252694 3095662882 1110435295]"
time=2026-08-23T13:20:19.298+02:00 level=DEBUG msg="FetchOmemoDeviceListV1: fetched" peer=jimww@conversations.im count=2 devices="[396492910 3519373093]"
time=2026-08-23T13:20:19.311+02:00 level=DEBUG msg="FetchOmemoDeviceListV1: fetched" peer=juliya@conversations.im count=1 devices=[80731641]
time=2026-08-23T13:20:19.311+02:00 level=DEBUG msg="FetchOmemoDeviceList: fetched" peer=jimww@conversations.im count=2 devices="[454749576 1087746059]"
time=2026-08-23T13:20:19.344+02:00 level=DEBUG msg="resynced omemo device list after PEP push" protocol=v1 from=juliya@conversations.im jid=rbdduiktozne@movim.eu
time=2026-08-23T13:20:19.378+02:00 level=DEBUG msg="resynced omemo device list after PEP push" protocol=v1 from=jimww@conversations.im jid=rbdduiktozne@movim.eu
time=2026-08-23T13:20:19.394+02:00 level=DEBUG msg="resynced omemo device list after PEP push" protocol=v2 from=jimww@conversations.im jid=rbdduiktozne@movim.eu
time=2026-08-23T13:20:19.411+02:00 level=DEBUG msg="resynced omemo device list after PEP push" protocol=v1 from=qr30bqqwv50lbb3x3tau@movim.eu jid=rbdduiktozne@movim.eu
time=2026-08-23T13:20:19.417+02:00 level=DEBUG msg="resynced omemo device list after PEP push" protocol=v2 from=qr30bqqwv50lbb3x3tau@movim.eu jid=rbdduiktozne@movim.eu
time=2026-08-23T13:20:19.417+02:00 level=DEBUG msg="resynced omemo device list after PEP push" protocol=v2 from=qr30bqqwv50lbb3x3tau@movim.eu jid=rbdduiktozne@movim.eu
time=2026-08-23T13:20:19.417+02:00 level=DEBUG msg="resynced omemo device list after PEP push" protocol=v1 from=qr30bqqwv50lbb3x3tau@movim.eu jid=rbdduiktozne@movim.eu
time=2026-08-23T13:56:54.857+02:00 level=DEBUG msg="received omemo message" from=qr30bqqwv50lbb3x3tau@movim.eu/Conversations.p2M3fstKHH jid=rbdduiktozne@movim.eu
time=2026-08-23T13:56:54.864+02:00 level=DEBUG msg="omemo message decrypted successfully" from=qr30bqqwv50lbb3x3tau@movim.eu/Conversations.p2M3fstKHH
time=2026-08-23T13:56:54.870+02:00 level=DEBUG msg="notify decision" incomingKey="rbdduiktozne@movim.eu\x00qr30bqqwv50lbb3x3tau@movim.eu" tuiFocused=true tuiActiveChat="" chatIsFocused=false notifyEnabled=true decryptFailed=false outgoing=false
time=2026-08-23T13:56:58.025+02:00 level=INFO msg="kage starting" version=0.5.0-1427deb18ebdd58c7ed5ad8ac7f99c9752515325 log_file=/home/jim/.config/kage/debug.log
time=2026-08-23T13:56:58.025+02:00 level=DEBUG msg="local roster loaded" jid=rbdduiktozne@movim.eu contacts=3
time=2026-08-23T13:56:58.028+02:00 level=DEBUG msg="loadHistoryWindow done" jid=rbdduiktozne@movim.eu peer=jimww@conversations.im elapsed=2.156592ms messages=60 more=true
time=2026-08-23T13:56:58.030+02:00 level=DEBUG msg="loadHistoryWindow done" jid=rbdduiktozne@movim.eu peer=juliya@conversations.im elapsed=2.143868ms messages=60 more=true
time=2026-08-23T13:56:58.032+02:00 level=DEBUG msg="loadHistoryWindow done" jid=rbdduiktozne@movim.eu peer=qr30bqqwv50lbb3x3tau@movim.eu elapsed=1.992431ms messages=60 more=true
time=2026-08-23T13:56:58.032+02:00 level=DEBUG msg="local roster loaded" jid=jimww@conversations.im contacts=1
time=2026-08-23T13:56:58.034+02:00 level=DEBUG msg="loadHistoryWindow done" jid=jimww@conversations.im peer=rbdduiktozne@movim.eu elapsed=1.706099ms messages=60 more=true
time=2026-08-23T13:56:58.066+02:00 level=DEBUG msg="focus state updated" accountJID=rbdduiktozne@movim.eu chatAddress=jimww@conversations.im focused=true key="rbdduiktozne@movim.eu\x00jimww@conversations.im"
time=2026-08-23T13:56:59.184+02:00 level=DEBUG msg="focus state updated" accountJID="" chatAddress="" focused=true key=""
time=2026-08-23T13:56:59.220+02:00 level=DEBUG msg="received omemo message" from=qr30bqqwv50lbb3x3tau@movim.eu/Conversations.p2M3fstKHH jid=rbdduiktozne@movim.eu
time=2026-08-23T13:56:59.226+02:00 level=DEBUG msg="omemo message decrypted successfully" from=qr30bqqwv50lbb3x3tau@movim.eu/Conversations.p2M3fstKHH
time=2026-08-23T13:56:59.232+02:00 level=DEBUG msg="notify decision" incomingKey="rbdduiktozne@movim.eu\x00qr30bqqwv50lbb3x3tau@movim.eu" tuiFocused=true tuiActiveChat="" chatIsFocused=false notifyEnabled=true decryptFailed=false outgoing=false
time=2026-08-23T13:57:00.864+02:00 level=DEBUG msg="focus state updated" accountJID=rbdduiktozne@movim.eu chatAddress=qr30bqqwv50lbb3x3tau@movim.eu focused=true key="rbdduiktozne@movim.eu\x00qr30bqqwv50lbb3x3tau@movim.eu"
time=2026-08-23T13:57:02.349+02:00 level=DEBUG msg="send: using omemo encryption" protocol=v1 jid=rbdduiktozne@movim.eu to=qr30bqqwv50lbb3x3tau@movim.eu
time=2026-08-23T13:57:02.420+02:00 level=DEBUG msg="send: omemo encrypt succeeded" protocol=v1 jid=rbdduiktozne@movim.eu to=qr30bqqwv50lbb3x3tau@movim.eu keys=10
time=2026-08-23T13:57:06.954+02:00 level=DEBUG msg="received omemo message" from=qr30bqqwv50lbb3x3tau@movim.eu/Conversations.p2M3fstKHH jid=rbdduiktozne@movim.eu
time=2026-08-23T13:57:06.960+02:00 level=DEBUG msg="omemo message decrypted successfully" from=qr30bqqwv50lbb3x3tau@movim.eu/Conversations.p2M3fstKHH
time=2026-08-23T13:57:06.967+02:00 level=DEBUG msg="notify decision" incomingKey="rbdduiktozne@movim.eu\x00qr30bqqwv50lbb3x3tau@movim.eu" tuiFocused=true tuiActiveChat="rbdduiktozne@movim.eu\x00qr30bqqwv50lbb3x3tau@movim.eu" chatIsFocused=true notifyEnabled=true decryptFailed=false outgoing=false
time=2026-08-23T13:57:06.967+02:00 level=DEBUG msg="received omemo message" from=qr30bqqwv50lbb3x3tau@movim.eu/Conversations.p2M3fstKHH jid=rbdduiktozne@movim.eu
time=2026-08-23T13:57:06.973+02:00 level=DEBUG msg="omemo message decrypted successfully" from=qr30bqqwv50lbb3x3tau@movim.eu/Conversations.p2M3fstKHH
time=2026-08-23T13:57:06.980+02:00 level=DEBUG msg="notify decision" incomingKey="rbdduiktozne@movim.eu\x00qr30bqqwv50lbb3x3tau@movim.eu" tuiFocused=true tuiActiveChat="rbdduiktozne@movim.eu\x00qr30bqqwv50lbb3x3tau@movim.eu" chatIsFocused=true notifyEnabled=true decryptFailed=false outgoing=false
time=2026-08-23T13:57:13.430+02:00 level=DEBUG msg="received omemo message" from=qr30bqqwv50lbb3x3tau@movim.eu/Conversations.p2M3fstKHH jid=rbdduiktozne@movim.eu
time=2026-08-23T13:57:13.436+02:00 level=DEBUG msg="omemo message decrypted successfully" from=qr30bqqwv50lbb3x3tau@movim.eu/Conversations.p2M3fstKHH
time=2026-08-23T13:57:13.442+02:00 level=DEBUG msg="notify decision" incomingKey="rbdduiktozne@movim.eu\x00qr30bqqwv50lbb3x3tau@movim.eu" tuiFocused=true tuiActiveChat="rbdduiktozne@movim.eu\x00qr30bqqwv50lbb3x3tau@movim.eu" chatIsFocused=true notifyEnabled=true decryptFailed=false outgoing=false
time=2026-08-23T13:57:21.003+02:00 level=DEBUG msg="received omemo message" from=qr30bqqwv50lbb3x3tau@movim.eu/Conversations.p2M3fstKHH jid=rbdduiktozne@movim.eu
time=2026-08-23T13:57:21.009+02:00 level=DEBUG msg="omemo message decrypted successfully" from=qr30bqqwv50lbb3x3tau@movim.eu/Conversations.p2M3fstKHH
time=2026-08-23T13:57:21.015+02:00 level=DEBUG msg="notify decision" incomingKey="rbdduiktozne@movim.eu\x00qr30bqqwv50lbb3x3tau@movim.eu" tuiFocused=true tuiActiveChat="rbdduiktozne@movim.eu\x00qr30bqqwv50lbb3x3tau@movim.eu" chatIsFocused=true notifyEnabled=true decryptFailed=false outgoing=false
time=2026-08-23T13:57:23.747+02:00 level=DEBUG msg="send: using omemo encryption" protocol=v1 jid=rbdduiktozne@movim.eu to=qr30bqqwv50lbb3x3tau@movim.eu
time=2026-08-23T13:57:23.814+02:00 level=DEBUG msg="send: omemo encrypt succeeded" protocol=v1 jid=rbdduiktozne@movim.eu to=qr30bqqwv50lbb3x3tau@movim.eu keys=10
time=2026-08-23T13:57:35.231+02:00 level=DEBUG msg="send: using omemo encryption" protocol=v1 jid=rbdduiktozne@movim.eu to=qr30bqqwv50lbb3x3tau@movim.eu
time=2026-08-23T13:57:35.299+02:00 level=DEBUG msg="send: omemo encrypt succeeded" protocol=v1 jid=rbdduiktozne@movim.eu to=qr30bqqwv50lbb3x3tau@movim.eu keys=10
time=2026-08-23T13:57:36.268+02:00 level=DEBUG msg="received omemo message" from=qr30bqqwv50lbb3x3tau@movim.eu/Conversations.p2M3fstKHH jid=rbdduiktozne@movim.eu
time=2026-08-23T13:57:36.274+02:00 level=DEBUG msg="omemo message decrypted successfully" from=qr30bqqwv50lbb3x3tau@movim.eu/Conversations.p2M3fstKHH
time=2026-08-23T13:57:36.280+02:00 level=DEBUG msg="notify decision" incomingKey="rbdduiktozne@movim.eu\x00qr30bqqwv50lbb3x3tau@movim.eu" tuiFocused=true tuiActiveChat="rbdduiktozne@movim.eu\x00qr30bqqwv50lbb3x3tau@movim.eu" chatIsFocused=true notifyEnabled=true decryptFailed=false outgoing=false
time=2026-08-23T13:57:44.466+02:00 level=DEBUG msg="received omemo message" from=qr30bqqwv50lbb3x3tau@movim.eu/Conversations.p2M3fstKHH jid=rbdduiktozne@movim.eu
time=2026-08-23T13:57:44.472+02:00 level=DEBUG msg="omemo message decrypted successfully" from=qr30bqqwv50lbb3x3tau@movim.eu/Conversations.p2M3fstKHH
time=2026-08-23T13:57:44.479+02:00 level=DEBUG msg="notify decision" incomingKey="rbdduiktozne@movim.eu\x00qr30bqqwv50lbb3x3tau@movim.eu" tuiFocused=true tuiActiveChat="rbdduiktozne@movim.eu\x00qr30bqqwv50lbb3x3tau@movim.eu" chatIsFocused=true notifyEnabled=true decryptFailed=false outgoing=false
time=2026-08-23T13:57:50.222+02:00 level=DEBUG msg="send: using omemo encryption" protocol=v1 jid=rbdduiktozne@movim.eu to=qr30bqqwv50lbb3x3tau@movim.eu
time=2026-08-23T13:57:50.289+02:00 level=DEBUG msg="send: omemo encrypt succeeded" protocol=v1 jid=rbdduiktozne@movim.eu to=qr30bqqwv50lbb3x3tau@movim.eu keys=10
time=2026-08-23T13:57:55.616+02:00 level=DEBUG msg="focus state updated" accountJID=rbdduiktozne@movim.eu chatAddress=qr30bqqwv50lbb3x3tau@movim.eu focused=false key="rbdduiktozne@movim.eu\x00qr30bqqwv50lbb3x3tau@movim.eu"
time=2026-08-23T14:01:21.091+02:00 level=DEBUG msg="focus state updated" accountJID=rbdduiktozne@movim.eu chatAddress=qr30bqqwv50lbb3x3tau@movim.eu focused=true key="rbdduiktozne@movim.eu\x00qr30bqqwv50lbb3x3tau@movim.eu"
time=2026-08-23T14:01:21.950+02:00 level=DEBUG msg="focus state updated" accountJID=rbdduiktozne@movim.eu chatAddress=qr30bqqwv50lbb3x3tau@movim.eu focused=false key="rbdduiktozne@movim.eu\x00qr30bqqwv50lbb3x3tau@movim.eu"
time=2026-08-23T14:38:16.595+02:00 level=DEBUG msg="received omemo device-list PEP push" protocol=v2 from=qr30bqqwv50lbb3x3tau@movim.eu jid=rbdduiktozne@movim.eu
time=2026-08-23T14:38:16.720+02:00 level=DEBUG msg="FetchOmemoDeviceList: fetched" peer=qr30bqqwv50lbb3x3tau@movim.eu count=9 devices="[3546796710 543807001 1136287838 804539282 766575397 1069781368 3439252694 3095662882 1110435295]"
time=2026-08-23T14:38:16.786+02:00 level=DEBUG msg="resynced omemo device list after PEP push" protocol=v2 from=qr30bqqwv50lbb3x3tau@movim.eu jid=rbdduiktozne@movim.eu
time=2026-08-23T14:38:16.870+02:00 level=DEBUG msg="received omemo device-list PEP push" protocol=v1 from=qr30bqqwv50lbb3x3tau@movim.eu jid=rbdduiktozne@movim.eu
time=2026-08-23T14:38:16.898+02:00 level=DEBUG msg="FetchOmemoDeviceListV1: fetched" peer=qr30bqqwv50lbb3x3tau@movim.eu count=7 devices="[1041050623 99377310 406890504 465880925 1294895317 1689625064 1425664679]"
time=2026-08-23T14:38:16.951+02:00 level=DEBUG msg="resynced omemo device list after PEP push" protocol=v1 from=qr30bqqwv50lbb3x3tau@movim.eu jid=rbdduiktozne@movim.eu
time=2026-08-23T15:03:12.146+02:00 level=DEBUG msg="received omemo message" from=qr30bqqwv50lbb3x3tau@movim.eu/1653544841365326412328749282 jid=rbdduiktozne@movim.eu
time=2026-08-23T15:03:12.153+02:00 level=DEBUG msg="omemo message decrypted successfully" from=qr30bqqwv50lbb3x3tau@movim.eu/1653544841365326412328749282
time=2026-08-23T15:03:12.159+02:00 level=DEBUG msg="notify decision" incomingKey="rbdduiktozne@movim.eu\x00qr30bqqwv50lbb3x3tau@movim.eu" tuiFocused=true tuiActiveChat="" chatIsFocused=false notifyEnabled=true decryptFailed=false outgoing=false
time=2026-08-23T15:03:16.458+02:00 level=DEBUG msg="received omemo message" from=qr30bqqwv50lbb3x3tau@movim.eu/1653544841365326412328749282 jid=rbdduiktozne@movim.eu
time=2026-08-23T15:03:16.473+02:00 level=DEBUG msg="omemo message decrypted successfully" from=qr30bqqwv50lbb3x3tau@movim.eu/1653544841365326412328749282
time=2026-08-23T15:03:16.479+02:00 level=DEBUG msg="notify decision" incomingKey="rbdduiktozne@movim.eu\x00qr30bqqwv50lbb3x3tau@movim.eu" tuiFocused=true tuiActiveChat="" chatIsFocused=false notifyEnabled=true decryptFailed=false outgoing=false
time=2026-08-23T15:03:19.018+02:00 level=INFO msg="kage starting" version=0.5.0-1427deb18ebdd58c7ed5ad8ac7f99c9752515325 log_file=/home/jim/.config/kage/debug.log
time=2026-08-23T15:03:19.019+02:00 level=DEBUG msg="local roster loaded" jid=rbdduiktozne@movim.eu contacts=3
time=2026-08-23T15:03:19.022+02:00 level=DEBUG msg="loadHistoryWindow done" jid=rbdduiktozne@movim.eu peer=jimww@conversations.im elapsed=3.097364ms messages=60 more=true
time=2026-08-23T15:03:19.025+02:00 level=DEBUG msg="loadHistoryWindow done" jid=rbdduiktozne@movim.eu peer=juliya@conversations.im elapsed=2.347612ms messages=60 more=true
time=2026-08-23T15:03:19.028+02:00 level=DEBUG msg="loadHistoryWindow done" jid=rbdduiktozne@movim.eu peer=qr30bqqwv50lbb3x3tau@movim.eu elapsed=3.261161ms messages=60 more=true
time=2026-08-23T15:03:19.028+02:00 level=DEBUG msg="local roster loaded" jid=jimww@conversations.im contacts=1
time=2026-08-23T15:03:19.031+02:00 level=DEBUG msg="loadHistoryWindow done" jid=jimww@conversations.im peer=rbdduiktozne@movim.eu elapsed=2.617437ms messages=60 more=true
time=2026-08-23T15:03:19.060+02:00 level=DEBUG msg="focus state updated" accountJID=rbdduiktozne@movim.eu chatAddress=jimww@conversations.im focused=true key="rbdduiktozne@movim.eu\x00jimww@conversations.im"
time=2026-08-23T15:03:19.088+02:00 level=DEBUG msg="focus state updated" accountJID=rbdduiktozne@movim.eu chatAddress=qr30bqqwv50lbb3x3tau@movim.eu focused=true key="rbdduiktozne@movim.eu\x00qr30bqqwv50lbb3x3tau@movim.eu"
time=2026-08-23T15:03:19.520+02:00 level=DEBUG msg="focus state updated" accountJID="" chatAddress="" focused=true key=""
time=2026-08-23T15:03:19.863+02:00 level=DEBUG msg="focus state updated" accountJID=rbdduiktozne@movim.eu chatAddress=qr30bqqwv50lbb3x3tau@movim.eu focused=true key="rbdduiktozne@movim.eu\x00qr30bqqwv50lbb3x3tau@movim.eu"
time=2026-08-23T15:03:22.215+02:00 level=DEBUG msg="focus state updated" accountJID=rbdduiktozne@movim.eu chatAddress=qr30bqqwv50lbb3x3tau@movim.eu focused=false key="rbdduiktozne@movim.eu\x00qr30bqqwv50lbb3x3tau@movim.eu"
time=2026-08-23T15:03:23.509+02:00 level=DEBUG msg="received omemo message" from=qr30bqqwv50lbb3x3tau@movim.eu/1653544841365326412328749282 jid=rbdduiktozne@movim.eu
time=2026-08-23T15:03:23.515+02:00 level=DEBUG msg="omemo message decrypted successfully" from=qr30bqqwv50lbb3x3tau@movim.eu/1653544841365326412328749282
time=2026-08-23T15:03:23.521+02:00 level=DEBUG msg="notify decision" incomingKey="rbdduiktozne@movim.eu\x00qr30bqqwv50lbb3x3tau@movim.eu" tuiFocused=false tuiActiveChat="rbdduiktozne@movim.eu\x00qr30bqqwv50lbb3x3tau@movim.eu" chatIsFocused=false notifyEnabled=true decryptFailed=false outgoing=false
time=2026-08-23T15:03:27.794+02:00 level=DEBUG msg="received omemo message" from=qr30bqqwv50lbb3x3tau@movim.eu/1653544841365326412328749282 jid=rbdduiktozne@movim.eu
time=2026-08-23T15:03:27.800+02:00 level=DEBUG msg="omemo message decrypted successfully" from=qr30bqqwv50lbb3x3tau@movim.eu/1653544841365326412328749282
time=2026-08-23T15:03:27.806+02:00 level=DEBUG msg="notify decision" incomingKey="rbdduiktozne@movim.eu\x00qr30bqqwv50lbb3x3tau@movim.eu" tuiFocused=false tuiActiveChat="rbdduiktozne@movim.eu\x00qr30bqqwv50lbb3x3tau@movim.eu" chatIsFocused=false notifyEnabled=true decryptFailed=false outgoing=false
time=2026-08-23T15:03:31.293+02:00 level=DEBUG msg="focus state updated" accountJID=rbdduiktozne@movim.eu chatAddress=qr30bqqwv50lbb3x3tau@movim.eu focused=true key="rbdduiktozne@movim.eu\x00qr30bqqwv50lbb3x3tau@movim.eu"
time=2026-08-23T15:03:31.844+02:00 level=DEBUG msg="focus state updated" accountJID=rbdduiktozne@movim.eu chatAddress=qr30bqqwv50lbb3x3tau@movim.eu focused=false key="rbdduiktozne@movim.eu\x00qr30bqqwv50lbb3x3tau@movim.eu"
time=2026-08-23T15:03:32.269+02:00 level=DEBUG msg="focus state updated" accountJID=rbdduiktozne@movim.eu chatAddress=qr30bqqwv50lbb3x3tau@movim.eu focused=true key="rbdduiktozne@movim.eu\x00qr30bqqwv50lbb3x3tau@movim.eu"
time=2026-08-23T15:03:35.529+02:00 level=DEBUG msg="received omemo message" from=qr30bqqwv50lbb3x3tau@movim.eu/1653544841365326412328749282 jid=rbdduiktozne@movim.eu
time=2026-08-23T15:03:35.535+02:00 level=DEBUG msg="omemo message decrypted successfully" from=qr30bqqwv50lbb3x3tau@movim.eu/1653544841365326412328749282
time=2026-08-23T15:03:35.541+02:00 level=DEBUG msg="notify decision" incomingKey="rbdduiktozne@movim.eu\x00qr30bqqwv50lbb3x3tau@movim.eu" tuiFocused=true tuiActiveChat="rbdduiktozne@movim.eu\x00qr30bqqwv50lbb3x3tau@movim.eu" chatIsFocused=true notifyEnabled=true decryptFailed=false outgoing=false
time=2026-08-23T15:03:39.540+02:00 level=DEBUG msg="focus state updated" accountJID=rbdduiktozne@movim.eu chatAddress=qr30bqqwv50lbb3x3tau@movim.eu focused=false key="rbdduiktozne@movim.eu\x00qr30bqqwv50lbb3x3tau@movim.eu"
time=2026-08-23T15:03:39.923+02:00 level=DEBUG msg="focus state updated" accountJID=rbdduiktozne@movim.eu chatAddress=qr30bqqwv50lbb3x3tau@movim.eu focused=true key="rbdduiktozne@movim.eu\x00qr30bqqwv50lbb3x3tau@movim.eu"
time=2026-08-23T15:03:46.439+02:00 level=DEBUG msg="focus state updated" accountJID="" chatAddress="" focused=true key=""
time=2026-08-23T15:03:46.809+02:00 level=DEBUG msg="focus state updated" accountJID="" chatAddress="" focused=false key=""
time=2026-08-23T15:04:13.301+02:00 level=DEBUG msg="focus state updated" accountJID="" chatAddress="" focused=true key=""
time=2026-08-23T15:04:14.372+02:00 level=DEBUG msg="focus state updated" accountJID=rbdduiktozne@movim.eu chatAddress=qr30bqqwv50lbb3x3tau@movim.eu focused=true key="rbdduiktozne@movim.eu\x00qr30bqqwv50lbb3x3tau@movim.eu"
time=2026-08-23T15:04:51.611+02:00 level=DEBUG msg="focus state updated" accountJID="" chatAddress="" focused=true key=""
time=2026-08-23T15:04:51.945+02:00 level=DEBUG msg="focus state updated" accountJID="" chatAddress="" focused=false key=""
time=2026-08-23T15:04:54.872+02:00 level=DEBUG msg="focus state updated" accountJID="" chatAddress="" focused=true key=""
time=2026-08-23T15:04:55.633+02:00 level=DEBUG msg="focus state updated" accountJID=rbdduiktozne@movim.eu chatAddress=qr30bqqwv50lbb3x3tau@movim.eu focused=true key="rbdduiktozne@movim.eu\x00qr30bqqwv50lbb3x3tau@movim.eu"
time=2026-08-23T15:05:01.799+02:00 level=DEBUG msg="send: using omemo encryption" protocol=v1 jid=rbdduiktozne@movim.eu to=qr30bqqwv50lbb3x3tau@movim.eu
time=2026-08-23T15:05:01.867+02:00 level=DEBUG msg="send: omemo encrypt succeeded" protocol=v1 jid=rbdduiktozne@movim.eu to=qr30bqqwv50lbb3x3tau@movim.eu keys=10
time=2026-08-23T15:05:03.451+02:00 level=DEBUG msg="send: using omemo encryption" protocol=v1 jid=rbdduiktozne@movim.eu to=qr30bqqwv50lbb3x3tau@movim.eu
time=2026-08-23T15:05:03.519+02:00 level=DEBUG msg="send: omemo encrypt succeeded" protocol=v1 jid=rbdduiktozne@movim.eu to=qr30bqqwv50lbb3x3tau@movim.eu keys=10
time=2026-08-23T15:05:12.688+02:00 level=DEBUG msg="send: using omemo encryption" protocol=v1 jid=rbdduiktozne@movim.eu to=qr30bqqwv50lbb3x3tau@movim.eu
time=2026-08-23T15:05:12.757+02:00 level=DEBUG msg="send: omemo encrypt succeeded" protocol=v1 jid=rbdduiktozne@movim.eu to=qr30bqqwv50lbb3x3tau@movim.eu keys=10
time=2026-08-23T15:05:17.656+02:00 level=DEBUG msg="send: using omemo encryption" protocol=v1 jid=rbdduiktozne@movim.eu to=qr30bqqwv50lbb3x3tau@movim.eu
time=2026-08-23T15:05:17.724+02:00 level=DEBUG msg="send: omemo encrypt succeeded" protocol=v1 jid=rbdduiktozne@movim.eu to=qr30bqqwv50lbb3x3tau@movim.eu keys=10
time=2026-08-23T15:05:33.434+02:00 level=DEBUG msg="send: using omemo encryption" protocol=v1 jid=rbdduiktozne@movim.eu to=qr30bqqwv50lbb3x3tau@movim.eu
time=2026-08-23T15:05:33.494+02:00 level=DEBUG msg="send: omemo encrypt succeeded" protocol=v1 jid=rbdduiktozne@movim.eu to=qr30bqqwv50lbb3x3tau@movim.eu keys=10
time=2026-08-23T15:05:38.331+02:00 level=DEBUG msg="send: using omemo encryption" protocol=v1 jid=rbdduiktozne@movim.eu to=qr30bqqwv50lbb3x3tau@movim.eu
time=2026-08-23T15:05:38.391+02:00 level=DEBUG msg="send: omemo encrypt succeeded" protocol=v1 jid=rbdduiktozne@movim.eu to=qr30bqqwv50lbb3x3tau@movim.eu keys=10
time=2026-08-23T15:05:43.244+02:00 level=DEBUG msg="send: using omemo encryption" protocol=v1 jid=rbdduiktozne@movim.eu to=qr30bqqwv50lbb3x3tau@movim.eu
time=2026-08-23T15:05:43.304+02:00 level=DEBUG msg="send: omemo encrypt succeeded" protocol=v1 jid=rbdduiktozne@movim.eu to=qr30bqqwv50lbb3x3tau@movim.eu keys=10
time=2026-08-23T15:05:44.761+02:00 level=DEBUG msg="focus state updated" accountJID="" chatAddress="" focused=true key=""
time=2026-08-23T15:05:45.723+02:00 level=DEBUG msg="focus state updated" accountJID=rbdduiktozne@movim.eu chatAddress=qr30bqqwv50lbb3x3tau@movim.eu focused=true key="rbdduiktozne@movim.eu\x00qr30bqqwv50lbb3x3tau@movim.eu"
time=2026-08-23T15:05:46.137+02:00 level=DEBUG msg="focus state updated" accountJID="" chatAddress="" focused=true key=""
time=2026-08-23T15:05:53.084+02:00 level=DEBUG msg="focus state updated" accountJID="" chatAddress="" focused=false key=""
time=2026-08-23T15:05:57.696+02:00 level=DEBUG msg="focus state updated" accountJID="" chatAddress="" focused=true key=""
time=2026-08-23T15:05:58.914+02:00 level=DEBUG msg="focus state updated" accountJID=rbdduiktozne@movim.eu chatAddress=qr30bqqwv50lbb3x3tau@movim.eu focused=true key="rbdduiktozne@movim.eu\x00qr30bqqwv50lbb3x3tau@movim.eu"
time=2026-08-23T15:06:09.304+02:00 level=DEBUG msg="send: using omemo encryption" protocol=v1 jid=rbdduiktozne@movim.eu to=qr30bqqwv50lbb3x3tau@movim.eu
time=2026-08-23T15:06:09.364+02:00 level=DEBUG msg="send: omemo encrypt succeeded" protocol=v1 jid=rbdduiktozne@movim.eu to=qr30bqqwv50lbb3x3tau@movim.eu keys=10
time=2026-08-23T15:06:38.233+02:00 level=DEBUG msg="send: using omemo encryption" protocol=v1 jid=rbdduiktozne@movim.eu to=qr30bqqwv50lbb3x3tau@movim.eu
time=2026-08-23T15:06:38.300+02:00 level=DEBUG msg="send: omemo encrypt succeeded" protocol=v1 jid=rbdduiktozne@movim.eu to=qr30bqqwv50lbb3x3tau@movim.eu keys=10
time=2026-08-23T15:06:43.055+02:00 level=DEBUG msg="focus state updated" accountJID="" chatAddress="" focused=true key=""
time=2026-08-23T15:06:51.709+02:00 level=DEBUG msg="focus state updated" accountJID="" chatAddress="" focused=false key=""
time=2026-08-23T15:07:03.285+02:00 level=DEBUG msg="focus state updated" accountJID="" chatAddress="" focused=true key=""
time=2026-08-23T15:07:03.983+02:00 level=DEBUG msg="focus state updated" accountJID=rbdduiktozne@movim.eu chatAddress=qr30bqqwv50lbb3x3tau@movim.eu focused=true key="rbdduiktozne@movim.eu\x00qr30bqqwv50lbb3x3tau@movim.eu"
time=2026-08-23T15:07:07.112+02:00 level=DEBUG msg="focus state updated" accountJID=rbdduiktozne@movim.eu chatAddress=qr30bqqwv50lbb3x3tau@movim.eu focused=false key="rbdduiktozne@movim.eu\x00qr30bqqwv50lbb3x3tau@movim.eu"
time=2026-08-23T15:07:08.660+02:00 level=DEBUG msg="focus state updated" accountJID=rbdduiktozne@movim.eu chatAddress=qr30bqqwv50lbb3x3tau@movim.eu focused=true key="rbdduiktozne@movim.eu\x00qr30bqqwv50lbb3x3tau@movim.eu"
time=2026-08-23T15:07:15.037+02:00 level=DEBUG msg="focus state updated" accountJID=rbdduiktozne@movim.eu chatAddress=qr30bqqwv50lbb3x3tau@movim.eu focused=false key="rbdduiktozne@movim.eu\x00qr30bqqwv50lbb3x3tau@movim.eu"
time=2026-08-23T15:07:38.064+02:00 level=DEBUG msg="focus state updated" accountJID=rbdduiktozne@movim.eu chatAddress=qr30bqqwv50lbb3x3tau@movim.eu focused=true key="rbdduiktozne@movim.eu\x00qr30bqqwv50lbb3x3tau@movim.eu"
time=2026-08-23T15:07:42.203+02:00 level=DEBUG msg="focus state updated" accountJID=rbdduiktozne@movim.eu chatAddress=qr30bqqwv50lbb3x3tau@movim.eu focused=false key="rbdduiktozne@movim.eu\x00qr30bqqwv50lbb3x3tau@movim.eu"
time=2026-08-23T15:07:51.042+02:00 level=DEBUG msg="focus state updated" accountJID=rbdduiktozne@movim.eu chatAddress=qr30bqqwv50lbb3x3tau@movim.eu focused=true key="rbdduiktozne@movim.eu\x00qr30bqqwv50lbb3x3tau@movim.eu"
time=2026-08-23T15:07:52.846+02:00 level=DEBUG msg="focus state updated" accountJID="" chatAddress="" focused=true key=""
time=2026-08-23T15:07:53.286+02:00 level=DEBUG msg="focus state updated" accountJID="" chatAddress="" focused=false key=""
time=2026-08-23T15:07:53.602+02:00 level=DEBUG msg="focus state updated" accountJID="" chatAddress="" focused=true key=""
time=2026-08-23T15:07:54.216+02:00 level=DEBUG msg="focus state updated" accountJID="" chatAddress="" focused=false key=""
time=2026-08-23T15:07:54.551+02:00 level=DEBUG msg="focus state updated" accountJID="" chatAddress="" focused=true key=""
time=2026-08-23T15:07:56.431+02:00 level=DEBUG msg="focus state updated" accountJID="" chatAddress="" focused=false key=""
time=2026-08-23T15:09:10.530+02:00 level=DEBUG msg="focus state updated" accountJID="" chatAddress="" focused=true key=""
time=2026-08-23T15:09:14.095+02:00 level=DEBUG msg="focus state updated" accountJID="" chatAddress="" focused=false key=""
time=2026-08-23T15:09:47.583+02:00 level=DEBUG msg="focus state updated" accountJID=rbdduiktozne@movim.eu chatAddress=qr30bqqwv50lbb3x3tau@movim.eu focused=false key="rbdduiktozne@movim.eu\x00qr30bqqwv50lbb3x3tau@movim.eu"
time=2026-08-23T15:09:48.429+02:00 level=DEBUG msg="focus state updated" accountJID="" chatAddress="" focused=false key=""
time=2026-08-23T15:12:51.607+02:00 level=DEBUG msg="focus state updated" accountJID="" chatAddress="" focused=true key=""
time=2026-08-23T15:12:54.398+02:00 level=DEBUG msg="focus state updated" accountJID="" chatAddress="" focused=false key=""
time=2026-08-23T15:13:00.967+02:00 level=DEBUG msg="focus state updated" accountJID="" chatAddress="" focused=true key=""
time=2026-08-23T15:13:01.440+02:00 level=DEBUG msg="focus state updated" accountJID=rbdduiktozne@movim.eu chatAddress=qr30bqqwv50lbb3x3tau@movim.eu focused=true key="rbdduiktozne@movim.eu\x00qr30bqqwv50lbb3x3tau@movim.eu"
time=2026-08-23T15:13:23.464+02:00 level=DEBUG msg="focus state updated" accountJID="" chatAddress="" focused=true key=""
time=2026-08-23T15:13:24.244+02:00 level=DEBUG msg="focus state updated" accountJID="" chatAddress="" focused=false key=""
time=2026-08-23T15:31:42.594+02:00 level=WARN msg="account disconnected; reconnecting" jid=jimww@conversations.im err="write tcp [2a02:a03f:c919:cd00:9952:4d5:2d81:f47e]:43936->[2a00:1828:2000:215::50]:443: write: broken pipe"
time=2026-08-23T15:31:44.130+02:00 level=WARN msg="account disconnected; reconnecting" jid=rbdduiktozne@movim.eu err="write tcp [2a02:a03f:c919:cd00:9952:4d5:2d81:f47e]:55504->[2a03:4000:51:f44:4e1:2ff:fe00:4257]:5223: write: broken pipe"
time=2026-08-23T15:31:44.241+02:00 level=DEBUG msg="makeNodeOpen: reconfigured to open access" node=urn:xmpp:omemo:2:bundles:454749576
time=2026-08-23T15:31:44.474+02:00 level=DEBUG msg="FetchOmemoDeviceList: fetched" peer=jimww@conversations.im count=2 devices="[454749576 1087746059]"
time=2026-08-23T15:31:44.474+02:00 level=DEBUG msg="omemo setup: local device ID and current device list" protocol=v2 jid=jimww@conversations.im local_device=454749576 devices="[454749576 1087746059]"
time=2026-08-23T15:31:44.474+02:00 level=DEBUG msg="omemo setup: publishing device list" protocol=v2 jid=jimww@conversations.im devices="[454749576 1087746059]"
time=2026-08-23T15:31:44.658+02:00 level=DEBUG msg="makeNodeOpen: reconfigured to open access" node=urn:xmpp:omemo:2:devices
time=2026-08-23T15:31:44.778+02:00 level=DEBUG msg="FetchOmemoDeviceList: fetched" peer=jimww@conversations.im count=2 devices="[454749576 1087746059]"
time=2026-08-23T15:31:45.190+02:00 level=DEBUG msg="makeNodeOpen: reconfigured to open access" node=eu.siacs.conversations.axolotl.bundles:396492910
time=2026-08-23T15:31:45.266+02:00 level=DEBUG msg="FetchOmemoDeviceListV1: fetched" peer=jimww@conversations.im count=2 devices="[396492910 3519373093]"
time=2026-08-23T15:31:45.266+02:00 level=DEBUG msg="omemo setup: local device ID and current device list" protocol=v1 jid=jimww@conversations.im local_device=396492910 devices="[396492910 3519373093]"
time=2026-08-23T15:31:45.266+02:00 level=DEBUG msg="omemo setup: publishing device list" protocol=v1 jid=jimww@conversations.im devices="[396492910 3519373093]"
time=2026-08-23T15:31:45.802+02:00 level=DEBUG msg="makeNodeOpen: reconfigured to open access" node=eu.siacs.conversations.axolotl.devicelist
time=2026-08-23T15:31:45.837+02:00 level=DEBUG msg="makeNodeOpen: reconfigured to open access" node=urn:xmpp:omemo:2:bundles:3970042472
time=2026-08-23T15:31:45.841+02:00 level=DEBUG msg="FetchOmemoDeviceListV1: fetched" peer=jimww@conversations.im count=2 devices="[396492910 3519373093]"
time=2026-08-23T15:31:45.870+02:00 level=DEBUG msg="FetchOmemoDeviceList: fetched" peer=rbdduiktozne@movim.eu count=2 devices="[3970042472 738931598]"
time=2026-08-23T15:31:45.870+02:00 level=DEBUG msg="omemo setup: local device ID and current device list" protocol=v2 jid=rbdduiktozne@movim.eu local_device=3970042472 devices="[3970042472 738931598]"
time=2026-08-23T15:31:45.870+02:00 level=DEBUG msg="omemo setup: publishing device list" protocol=v2 jid=rbdduiktozne@movim.eu devices="[3970042472 738931598]"
time=2026-08-23T15:31:46.115+02:00 level=DEBUG msg="FetchOmemoDeviceList: fetched" peer=rbdduiktozne@movim.eu count=2 devices="[3970042472 738931598]"
time=2026-08-23T15:31:46.115+02:00 level=DEBUG msg="makeNodeOpen: reconfigured to open access" node=urn:xmpp:omemo:2:devices
time=2026-08-23T15:31:46.144+02:00 level=DEBUG msg="FetchOmemoDeviceList: fetched" peer=rbdduiktozne@movim.eu count=2 devices="[3970042472 738931598]"
time=2026-08-23T15:31:46.494+02:00 level=DEBUG msg="FetchOmemoDeviceListV1: fetched" peer=rbdduiktozne@movim.eu count=4 devices="[652529220 1532489010 1215632555 281798428]"
time=2026-08-23T15:31:46.531+02:00 level=DEBUG msg="resynced omemo-v1 device list on connect" peer=rbdduiktozne@movim.eu jid=jimww@conversations.im
time=2026-08-23T15:31:46.535+02:00 level=DEBUG msg="makeNodeOpen: reconfigured to open access" node=eu.siacs.conversations.axolotl.bundles:1215632555
time=2026-08-23T15:31:46.563+02:00 level=DEBUG msg="FetchOmemoDeviceListV1: fetched" peer=rbdduiktozne@movim.eu count=4 devices="[652529220 1532489010 1215632555 281798428]"
time=2026-08-23T15:31:46.563+02:00 level=DEBUG msg="omemo setup: local device ID and current device list" protocol=v1 jid=rbdduiktozne@movim.eu local_device=1215632555 devices="[652529220 1532489010 1215632555 281798428]"
time=2026-08-23T15:31:46.563+02:00 level=DEBUG msg="omemo setup: publishing device list" protocol=v1 jid=rbdduiktozne@movim.eu devices="[652529220 1532489010 1215632555 281798428]"
time=2026-08-23T15:31:46.569+02:00 level=DEBUG msg="FetchOmemoDeviceList: fetched" peer=jimww@conversations.im count=2 devices="[454749576 1087746059]"
time=2026-08-23T15:31:46.622+02:00 level=DEBUG msg="FetchOmemoDeviceListV1: fetched" peer=jimww@conversations.im count=2 devices="[396492910 3519373093]"
time=2026-08-23T15:31:46.628+02:00 level=DEBUG msg="makeNodeOpen: reconfigured to open access" node=eu.siacs.conversations.axolotl.devicelist
time=2026-08-23T15:31:46.639+02:00 level=DEBUG msg="resynced omemo-v1 device list on connect" peer=jimww@conversations.im jid=jimww@conversations.im
time=2026-08-23T15:31:46.639+02:00 level=DEBUG msg="account reconnected" jid=jimww@conversations.im
time=2026-08-23T15:31:46.639+02:00 level=DEBUG msg="syncArchive: contacts to check" jid=jimww@conversations.im contacts=2
time=2026-08-23T15:31:46.654+02:00 level=DEBUG msg="FetchOmemoDeviceListV1: fetched" peer=rbdduiktozne@movim.eu count=4 devices="[652529220 1532489010 1215632555 281798428]"
time=2026-08-23T15:31:46.709+02:00 level=DEBUG msg="FetchOmemoDeviceList: fetched" peer=rbdduiktozne@movim.eu count=2 devices="[3970042472 738931598]"
time=2026-08-23T15:31:46.719+02:00 level=DEBUG msg="mam page fetched" jid=jimww@conversations.im peer=rbdduiktozne@movim.eu page=0 elapsed=80.386945ms after=1786145008487877 items=0 complete=false err=<nil>
time=2026-08-23T15:31:46.719+02:00 level=DEBUG msg="syncArchiveForContact done" jid=jimww@conversations.im peer=rbdduiktozne@movim.eu elapsed=80.43011ms
time=2026-08-23T15:31:46.753+02:00 level=DEBUG msg="FetchOmemoDeviceListV1: fetched" peer=rbdduiktozne@movim.eu count=4 devices="[652529220 1532489010 1215632555 281798428]"
time=2026-08-23T15:31:46.759+02:00 level=DEBUG msg="mam page fetched" jid=jimww@conversations.im peer=jimww@conversations.im page=0 elapsed=39.707497ms after="" items=0 complete=false err=<nil>
time=2026-08-23T15:31:46.759+02:00 level=DEBUG msg="syncArchiveForContact done" jid=jimww@conversations.im peer=jimww@conversations.im elapsed=39.738997ms
time=2026-08-23T15:31:46.759+02:00 level=DEBUG msg="received omemo device-list PEP push" protocol=v1 from="" jid=jimww@conversations.im
time=2026-08-23T15:31:46.759+02:00 level=DEBUG msg="received omemo device-list PEP push" protocol=v2 from="" jid=jimww@conversations.im
time=2026-08-23T15:31:46.759+02:00 level=DEBUG msg="received omemo device-list PEP push" protocol=v1 from=rbdduiktozne@movim.eu jid=jimww@conversations.im
time=2026-08-23T15:31:46.759+02:00 level=DEBUG msg="received omemo device-list PEP push" protocol=v2 from=rbdduiktozne@movim.eu jid=jimww@conversations.im
time=2026-08-23T15:31:46.759+02:00 level=DEBUG msg="received omemo device-list PEP push" protocol=v1 from=rbdduiktozne@movim.eu jid=jimww@conversations.im
time=2026-08-23T15:31:46.759+02:00 level=DEBUG msg="received omemo device-list PEP push" protocol=v2 from=rbdduiktozne@movim.eu jid=jimww@conversations.im
time=2026-08-23T15:31:46.759+02:00 level=DEBUG msg="received omemo device-list PEP push" protocol=v2 from="" jid=jimww@conversations.im
time=2026-08-23T15:31:46.759+02:00 level=DEBUG msg="received omemo device-list PEP push" protocol=v1 from="" jid=jimww@conversations.im
time=2026-08-23T15:31:46.759+02:00 level=DEBUG msg="received omemo device-list PEP push" protocol=v1 from=rbdduiktozne@movim.eu jid=jimww@conversations.im
time=2026-08-23T15:31:46.759+02:00 level=DEBUG msg="received omemo device-list PEP push" protocol=v2 from=rbdduiktozne@movim.eu jid=jimww@conversations.im
time=2026-08-23T15:31:46.759+02:00 level=DEBUG msg="received omemo device-list PEP push" protocol=v2 from=rbdduiktozne@movim.eu jid=jimww@conversations.im
time=2026-08-23T15:31:46.759+02:00 level=DEBUG msg="received omemo device-list PEP push" protocol=v1 from=rbdduiktozne@movim.eu jid=jimww@conversations.im
time=2026-08-23T15:31:46.782+02:00 level=DEBUG msg="resynced omemo-v1 device list on connect" peer=rbdduiktozne@movim.eu jid=rbdduiktozne@movim.eu
time=2026-08-23T15:31:46.825+02:00 level=DEBUG msg="FetchOmemoDeviceList: fetched" peer=rbdduiktozne@movim.eu count=2 devices="[3970042472 738931598]"
time=2026-08-23T15:31:46.826+02:00 level=DEBUG msg="FetchOmemoDeviceListV1: fetched" peer=rbdduiktozne@movim.eu count=4 devices="[652529220 1532489010 1215632555 281798428]"
time=2026-08-23T15:31:46.826+02:00 level=DEBUG msg="FetchOmemoDeviceList: fetched" peer=rbdduiktozne@movim.eu count=2 devices="[3970042472 738931598]"
time=2026-08-23T15:31:46.832+02:00 level=DEBUG msg="FetchOmemoDeviceList: fetched" peer=rbdduiktozne@movim.eu count=2 devices="[3970042472 738931598]"
time=2026-08-23T15:31:46.832+02:00 level=DEBUG msg="FetchOmemoDeviceListV1: fetched" peer=rbdduiktozne@movim.eu count=4 devices="[652529220 1532489010 1215632555 281798428]"
time=2026-08-23T15:31:46.832+02:00 level=DEBUG msg="FetchOmemoDeviceListV1: fetched" peer=rbdduiktozne@movim.eu count=4 devices="[652529220 1532489010 1215632555 281798428]"
time=2026-08-23T15:31:46.839+02:00 level=DEBUG msg="FetchOmemoDeviceListV1: fetched" peer=rbdduiktozne@movim.eu count=4 devices="[652529220 1532489010 1215632555 281798428]"
time=2026-08-23T15:31:46.839+02:00 level=DEBUG msg="FetchOmemoDeviceList: fetched" peer=rbdduiktozne@movim.eu count=2 devices="[3970042472 738931598]"
time=2026-08-23T15:31:46.849+02:00 level=DEBUG msg="resynced omemo device list after PEP push" protocol=v2 from=rbdduiktozne@movim.eu jid=jimww@conversations.im
time=2026-08-23T15:31:46.900+02:00 level=DEBUG msg="resynced omemo device list after PEP push" protocol=v2 from=rbdduiktozne@movim.eu jid=jimww@conversations.im
time=2026-08-23T15:31:46.928+02:00 level=DEBUG msg="resynced omemo device list after PEP push" protocol=v2 from=rbdduiktozne@movim.eu jid=jimww@conversations.im
time=2026-08-23T15:31:46.934+02:00 level=DEBUG msg="resynced omemo device list after PEP push" protocol=v2 from=rbdduiktozne@movim.eu jid=jimww@conversations.im
time=2026-08-23T15:31:46.945+02:00 level=DEBUG msg="resynced omemo device list after PEP push" protocol=v1 from=rbdduiktozne@movim.eu jid=jimww@conversations.im
time=2026-08-23T15:31:46.945+02:00 level=DEBUG msg="resynced omemo device list after PEP push" protocol=v1 from=rbdduiktozne@movim.eu jid=jimww@conversations.im
time=2026-08-23T15:31:46.945+02:00 level=DEBUG msg="resynced omemo device list after PEP push" protocol=v1 from=rbdduiktozne@movim.eu jid=jimww@conversations.im
time=2026-08-23T15:31:46.946+02:00 level=DEBUG msg="resynced omemo device list after PEP push" protocol=v1 from=rbdduiktozne@movim.eu jid=jimww@conversations.im
time=2026-08-23T15:31:46.967+02:00 level=DEBUG msg="FetchOmemoDeviceListV1: fetched" peer=juliya@conversations.im count=1 devices=[80731641]
time=2026-08-23T15:31:46.979+02:00 level=DEBUG msg="resynced omemo-v1 device list on connect" peer=juliya@conversations.im jid=rbdduiktozne@movim.eu
time=2026-08-23T15:31:47.008+02:00 level=DEBUG msg="FetchOmemoDeviceList: fetched" peer=qr30bqqwv50lbb3x3tau@movim.eu count=9 devices="[3546796710 543807001 1136287838 804539282 766575397 1069781368 3439252694 3095662882 1110435295]"
time=2026-08-23T15:31:47.092+02:00 level=DEBUG msg="FetchOmemoDeviceListV1: fetched" peer=qr30bqqwv50lbb3x3tau@movim.eu count=7 devices="[1041050623 99377310 406890504 465880925 1294895317 1689625064 1425664679]"
time=2026-08-23T15:31:47.163+02:00 level=DEBUG msg="resynced omemo-v1 device list on connect" peer=qr30bqqwv50lbb3x3tau@movim.eu jid=rbdduiktozne@movim.eu
time=2026-08-23T15:31:47.212+02:00 level=DEBUG msg="FetchOmemoDeviceList: fetched" peer=jimww@conversations.im count=2 devices="[454749576 1087746059]"
time=2026-08-23T15:31:47.281+02:00 level=DEBUG msg="FetchOmemoDeviceListV1: fetched" peer=jimww@conversations.im count=2 devices="[396492910 3519373093]"
time=2026-08-23T15:31:47.299+02:00 level=DEBUG msg="resynced omemo-v1 device list on connect" peer=jimww@conversations.im jid=rbdduiktozne@movim.eu
time=2026-08-23T15:31:47.300+02:00 level=DEBUG msg="account reconnected" jid=rbdduiktozne@movim.eu
time=2026-08-23T15:31:47.300+02:00 level=DEBUG msg="syncArchive: contacts to check" jid=rbdduiktozne@movim.eu contacts=4
time=2026-08-23T15:31:47.391+02:00 level=DEBUG msg="mam page fetched" jid=rbdduiktozne@movim.eu peer=jimww@conversations.im page=0 elapsed=90.768276ms after=1786145008477310 items=0 complete=false err=<nil>
time=2026-08-23T15:31:47.391+02:00 level=DEBUG msg="syncArchiveForContact done" jid=rbdduiktozne@movim.eu peer=jimww@conversations.im elapsed=90.818736ms
time=2026-08-23T15:31:47.417+02:00 level=DEBUG msg="mam page fetched" jid=rbdduiktozne@movim.eu peer=rbdduiktozne@movim.eu page=0 elapsed=26.332207ms after="" items=0 complete=false err=<nil>
time=2026-08-23T15:31:47.417+02:00 level=DEBUG msg="syncArchiveForContact done" jid=rbdduiktozne@movim.eu peer=rbdduiktozne@movim.eu elapsed=26.390093ms
time=2026-08-23T15:31:47.665+02:00 level=DEBUG msg="mam page fetched" jid=rbdduiktozne@movim.eu peer=juliya@conversations.im page=0 elapsed=248.384525ms after=1781027641892659 items=0 complete=false err=<nil>
time=2026-08-23T15:31:47.666+02:00 level=DEBUG msg="syncArchiveForContact done" jid=rbdduiktozne@movim.eu peer=juliya@conversations.im elapsed=248.431838ms
time=2026-08-23T15:31:48.819+02:00 level=DEBUG msg="mam page fetched" jid=rbdduiktozne@movim.eu peer=qr30bqqwv50lbb3x3tau@movim.eu page=0 elapsed=1.153369818s after=1780827424944565 items=0 complete=false err=<nil>
time=2026-08-23T15:31:48.819+02:00 level=DEBUG msg="syncArchiveForContact done" jid=rbdduiktozne@movim.eu peer=qr30bqqwv50lbb3x3tau@movim.eu elapsed=1.153418113s
time=2026-08-23T15:31:48.819+02:00 level=DEBUG msg="received omemo device-list PEP push" protocol=v1 from="" jid=rbdduiktozne@movim.eu
time=2026-08-23T15:31:48.819+02:00 level=DEBUG msg="received omemo device-list PEP push" protocol=v2 from="" jid=rbdduiktozne@movim.eu
time=2026-08-23T15:31:48.819+02:00 level=DEBUG msg="received omemo device-list PEP push" protocol=v1 from=qr30bqqwv50lbb3x3tau@movim.eu jid=rbdduiktozne@movim.eu
time=2026-08-23T15:31:48.819+02:00 level=DEBUG msg="received omemo device-list PEP push" protocol=v2 from=qr30bqqwv50lbb3x3tau@movim.eu jid=rbdduiktozne@movim.eu
time=2026-08-23T15:31:48.819+02:00 level=DEBUG msg="received omemo device-list PEP push" protocol=v1 from=juliya@conversations.im jid=rbdduiktozne@movim.eu
time=2026-08-23T15:31:48.819+02:00 level=DEBUG msg="received omemo device-list PEP push" protocol=v1 from=jimww@conversations.im jid=rbdduiktozne@movim.eu
time=2026-08-23T15:31:48.819+02:00 level=DEBUG msg="received omemo device-list PEP push" protocol=v2 from=jimww@conversations.im jid=rbdduiktozne@movim.eu
time=2026-08-23T15:31:48.819+02:00 level=DEBUG msg="received omemo device-list PEP push" protocol=v2 from="" jid=rbdduiktozne@movim.eu
time=2026-08-23T15:31:48.819+02:00 level=DEBUG msg="received omemo device-list PEP push" protocol=v1 from="" jid=rbdduiktozne@movim.eu
time=2026-08-23T15:31:48.819+02:00 level=DEBUG msg="received omemo device-list PEP push" protocol=v1 from=qr30bqqwv50lbb3x3tau@movim.eu jid=rbdduiktozne@movim.eu
time=2026-08-23T15:31:48.819+02:00 level=DEBUG msg="received omemo device-list PEP push" protocol=v2 from=qr30bqqwv50lbb3x3tau@movim.eu jid=rbdduiktozne@movim.eu
time=2026-08-23T15:31:48.851+02:00 level=DEBUG msg="FetchOmemoDeviceListV1: fetched" peer=qr30bqqwv50lbb3x3tau@movim.eu count=7 devices="[1041050623 99377310 406890504 465880925 1294895317 1689625064 1425664679]"
time=2026-08-23T15:31:48.851+02:00 level=DEBUG msg="FetchOmemoDeviceList: fetched" peer=qr30bqqwv50lbb3x3tau@movim.eu count=9 devices="[3546796710 543807001 1136287838 804539282 766575397 1069781368 3439252694 3095662882 1110435295]"
time=2026-08-23T15:31:48.854+02:00 level=DEBUG msg="FetchOmemoDeviceListV1: fetched" peer=qr30bqqwv50lbb3x3tau@movim.eu count=7 devices="[1041050623 99377310 406890504 465880925 1294895317 1689625064 1425664679]"
time=2026-08-23T15:31:48.854+02:00 level=DEBUG msg="FetchOmemoDeviceList: fetched" peer=qr30bqqwv50lbb3x3tau@movim.eu count=9 devices="[3546796710 543807001 1136287838 804539282 766575397 1069781368 3439252694 3095662882 1110435295]"
time=2026-08-23T15:31:48.879+02:00 level=DEBUG msg="FetchOmemoDeviceListV1: fetched" peer=jimww@conversations.im count=2 devices="[396492910 3519373093]"
time=2026-08-23T15:31:48.901+02:00 level=DEBUG msg="FetchOmemoDeviceList: fetched" peer=jimww@conversations.im count=2 devices="[454749576 1087746059]"
time=2026-08-23T15:31:48.901+02:00 level=DEBUG msg="FetchOmemoDeviceListV1: fetched" peer=juliya@conversations.im count=1 devices=[80731641]
time=2026-08-23T15:31:48.973+02:00 level=DEBUG msg="resynced omemo device list after PEP push" protocol=v1 from=jimww@conversations.im jid=rbdduiktozne@movim.eu
time=2026-08-23T15:31:48.985+02:00 level=DEBUG msg="resynced omemo device list after PEP push" protocol=v1 from=juliya@conversations.im jid=rbdduiktozne@movim.eu
time=2026-08-23T15:31:48.991+02:00 level=DEBUG msg="resynced omemo device list after PEP push" protocol=v1 from=qr30bqqwv50lbb3x3tau@movim.eu jid=rbdduiktozne@movim.eu
time=2026-08-23T15:31:48.997+02:00 level=DEBUG msg="resynced omemo device list after PEP push" protocol=v1 from=qr30bqqwv50lbb3x3tau@movim.eu jid=rbdduiktozne@movim.eu
time=2026-08-23T15:31:49.010+02:00 level=DEBUG msg="resynced omemo device list after PEP push" protocol=v2 from=jimww@conversations.im jid=rbdduiktozne@movim.eu
time=2026-08-23T15:31:49.016+02:00 level=DEBUG msg="resynced omemo device list after PEP push" protocol=v2 from=qr30bqqwv50lbb3x3tau@movim.eu jid=rbdduiktozne@movim.eu
time=2026-08-23T15:31:49.016+02:00 level=DEBUG msg="resynced omemo device list after PEP push" protocol=v2 from=qr30bqqwv50lbb3x3tau@movim.eu jid=rbdduiktozne@movim.eu
time=2026-08-23T15:57:24.520+02:00 level=DEBUG msg="received omemo device-list PEP push" protocol=v1 from=juliya@conversations.im jid=rbdduiktozne@movim.eu
time=2026-08-23T15:57:24.847+02:00 level=DEBUG msg="FetchOmemoDeviceListV1: fetched" peer=juliya@conversations.im count=1 devices=[80731641]
time=2026-08-23T15:57:24.871+02:00 level=DEBUG msg="resynced omemo device list after PEP push" protocol=v1 from=juliya@conversations.im jid=rbdduiktozne@movim.eu
time=2026-08-23T16:10:14.563+02:00 level=DEBUG msg="received omemo device-list PEP push" protocol=v2 from=qr30bqqwv50lbb3x3tau@movim.eu jid=rbdduiktozne@movim.eu
time=2026-08-23T16:10:14.628+02:00 level=DEBUG msg="FetchOmemoDeviceList: fetched" peer=qr30bqqwv50lbb3x3tau@movim.eu count=9 devices="[3546796710 543807001 1136287838 804539282 766575397 1069781368 3439252694 3095662882 1110435295]"
time=2026-08-23T16:10:14.698+02:00 level=DEBUG msg="resynced omemo device list after PEP push" protocol=v2 from=qr30bqqwv50lbb3x3tau@movim.eu jid=rbdduiktozne@movim.eu
time=2026-08-23T16:10:14.779+02:00 level=DEBUG msg="received omemo device-list PEP push" protocol=v1 from=qr30bqqwv50lbb3x3tau@movim.eu jid=rbdduiktozne@movim.eu
time=2026-08-23T16:10:14.807+02:00 level=DEBUG msg="FetchOmemoDeviceListV1: fetched" peer=qr30bqqwv50lbb3x3tau@movim.eu count=7 devices="[1041050623 99377310 406890504 465880925 1294895317 1689625064 1425664679]"
time=2026-08-23T16:10:14.882+02:00 level=DEBUG msg="resynced omemo device list after PEP push" protocol=v1 from=qr30bqqwv50lbb3x3tau@movim.eu jid=rbdduiktozne@movim.eu
time=2026-08-23T16:10:31.910+02:00 level=DEBUG msg="received omemo message" from=qr30bqqwv50lbb3x3tau@movim.eu/Conversations.p2M3fstKHH jid=rbdduiktozne@movim.eu
time=2026-08-23T16:10:31.927+02:00 level=DEBUG msg="omemo message decrypted successfully" from=qr30bqqwv50lbb3x3tau@movim.eu/Conversations.p2M3fstKHH
time=2026-08-23T16:10:31.936+02:00 level=DEBUG msg="notify decision" incomingKey="rbdduiktozne@movim.eu\x00qr30bqqwv50lbb3x3tau@movim.eu" tuiFocused=false tuiActiveChat="" chatIsFocused=false notifyEnabled=true decryptFailed=false outgoing=false
time=2026-08-23T16:10:37.226+02:00 level=DEBUG msg="received omemo message" from=qr30bqqwv50lbb3x3tau@movim.eu/Conversations.p2M3fstKHH jid=rbdduiktozne@movim.eu
time=2026-08-23T16:10:37.233+02:00 level=DEBUG msg="omemo message decrypted successfully" from=qr30bqqwv50lbb3x3tau@movim.eu/Conversations.p2M3fstKHH
time=2026-08-23T16:10:37.241+02:00 level=DEBUG msg="notify decision" incomingKey="rbdduiktozne@movim.eu\x00qr30bqqwv50lbb3x3tau@movim.eu" tuiFocused=false tuiActiveChat="" chatIsFocused=false notifyEnabled=true decryptFailed=false outgoing=false
time=2026-08-23T16:22:43.859+02:00 level=WARN msg="account disconnected; reconnecting" jid=rbdduiktozne@movim.eu err="write tcp [2a02:a03f:c919:cd00:37cf:bc3c:bf:a2a4]:44548->[2a03:4000:51:f44:4e1:2ff:fe00:4257]:5223: write: broken pipe"
time=2026-08-23T16:22:46.194+02:00 level=DEBUG msg="makeNodeOpen: reconfigured to open access" node=urn:xmpp:omemo:2:bundles:3970042472
time=2026-08-23T16:22:46.429+02:00 level=DEBUG msg="FetchOmemoDeviceList: fetched" peer=rbdduiktozne@movim.eu count=2 devices="[3970042472 738931598]"
time=2026-08-23T16:22:46.429+02:00 level=DEBUG msg="omemo setup: local device ID and current device list" protocol=v2 jid=rbdduiktozne@movim.eu local_device=3970042472 devices="[3970042472 738931598]"
time=2026-08-23T16:22:46.430+02:00 level=DEBUG msg="omemo setup: publishing device list" protocol=v2 jid=rbdduiktozne@movim.eu devices="[3970042472 738931598]"
time=2026-08-23T16:22:46.502+02:00 level=DEBUG msg="makeNodeOpen: reconfigured to open access" node=urn:xmpp:omemo:2:devices
time=2026-08-23T16:22:46.532+02:00 level=DEBUG msg="FetchOmemoDeviceList: fetched" peer=rbdduiktozne@movim.eu count=2 devices="[3970042472 738931598]"
time=2026-08-23T16:22:47.218+02:00 level=DEBUG msg="makeNodeOpen: reconfigured to open access" node=eu.siacs.conversations.axolotl.bundles:1215632555
time=2026-08-23T16:22:47.450+02:00 level=DEBUG msg="FetchOmemoDeviceListV1: fetched" peer=rbdduiktozne@movim.eu count=4 devices="[652529220 1532489010 1215632555 281798428]"
time=2026-08-23T16:22:47.451+02:00 level=DEBUG msg="omemo setup: local device ID and current device list" protocol=v1 jid=rbdduiktozne@movim.eu local_device=1215632555 devices="[652529220 1532489010 1215632555 281798428]"
time=2026-08-23T16:22:47.451+02:00 level=DEBUG msg="omemo setup: publishing device list" protocol=v1 jid=rbdduiktozne@movim.eu devices="[652529220 1532489010 1215632555 281798428]"
time=2026-08-23T16:22:47.631+02:00 level=DEBUG msg="makeNodeOpen: reconfigured to open access" node=eu.siacs.conversations.axolotl.devicelist
time=2026-08-23T16:22:47.860+02:00 level=DEBUG msg="FetchOmemoDeviceListV1: fetched" peer=rbdduiktozne@movim.eu count=4 devices="[652529220 1532489010 1215632555 281798428]"
time=2026-08-23T16:22:48.450+02:00 level=WARN msg="account disconnected; reconnecting" jid=jimww@conversations.im err="write tcp [2a02:a03f:c919:cd00:37cf:bc3c:bf:a2a4]:46538->[2a00:1828:2000:215::50]:443: write: broken pipe"
time=2026-08-23T16:22:48.473+02:00 level=DEBUG msg="FetchOmemoDeviceListV1: fetched" peer=juliya@conversations.im count=1 devices=[80731641]
time=2026-08-23T16:22:48.495+02:00 level=DEBUG msg="resynced omemo-v1 device list on connect" peer=juliya@conversations.im jid=rbdduiktozne@movim.eu
time=2026-08-23T16:22:48.784+02:00 level=DEBUG msg="FetchOmemoDeviceList: fetched" peer=qr30bqqwv50lbb3x3tau@movim.eu count=9 devices="[3546796710 543807001 1136287838 804539282 766575397 1069781368 3439252694 3095662882 1110435295]"
time=2026-08-23T16:22:48.965+02:00 level=DEBUG msg="FetchOmemoDeviceListV1: fetched" peer=qr30bqqwv50lbb3x3tau@movim.eu count=7 devices="[1041050623 99377310 406890504 465880925 1294895317 1689625064 1425664679]"
time=2026-08-23T16:22:49.024+02:00 level=DEBUG msg="resynced omemo-v1 device list on connect" peer=qr30bqqwv50lbb3x3tau@movim.eu jid=rbdduiktozne@movim.eu
time=2026-08-23T16:22:49.164+02:00 level=DEBUG msg="FetchOmemoDeviceList: fetched" peer=jimww@conversations.im count=2 devices="[454749576 1087746059]"
time=2026-08-23T16:22:49.399+02:00 level=DEBUG msg="FetchOmemoDeviceListV1: fetched" peer=jimww@conversations.im count=2 devices="[396492910 3519373093]"
time=2026-08-23T16:22:49.427+02:00 level=DEBUG msg="resynced omemo-v1 device list on connect" peer=jimww@conversations.im jid=rbdduiktozne@movim.eu
time=2026-08-23T16:22:49.459+02:00 level=DEBUG msg="FetchOmemoDeviceList: fetched" peer=rbdduiktozne@movim.eu count=2 devices="[3970042472 738931598]"
time=2026-08-23T16:22:49.547+02:00 level=DEBUG msg="FetchOmemoDeviceListV1: fetched" peer=rbdduiktozne@movim.eu count=4 devices="[652529220 1532489010 1215632555 281798428]"
time=2026-08-23T16:22:49.583+02:00 level=DEBUG msg="resynced omemo-v1 device list on connect" peer=rbdduiktozne@movim.eu jid=rbdduiktozne@movim.eu
time=2026-08-23T16:22:49.583+02:00 level=DEBUG msg="account reconnected" jid=rbdduiktozne@movim.eu
time=2026-08-23T16:22:49.584+02:00 level=DEBUG msg="syncArchive: contacts to check" jid=rbdduiktozne@movim.eu contacts=4
time=2026-08-23T16:22:49.587+02:00 level=DEBUG msg="makeNodeOpen: reconfigured to open access" node=urn:xmpp:omemo:2:bundles:454749576
time=2026-08-23T16:22:49.708+02:00 level=DEBUG msg="FetchOmemoDeviceList: fetched" peer=jimww@conversations.im count=2 devices="[454749576 1087746059]"
time=2026-08-23T16:22:49.708+02:00 level=DEBUG msg="omemo setup: local device ID and current device list" protocol=v2 jid=jimww@conversations.im local_device=454749576 devices="[454749576 1087746059]"
time=2026-08-23T16:22:49.708+02:00 level=DEBUG msg="omemo setup: publishing device list" protocol=v2 jid=jimww@conversations.im devices="[454749576 1087746059]"
time=2026-08-23T16:22:49.794+02:00 level=DEBUG msg="mam page fetched" jid=rbdduiktozne@movim.eu peer=jimww@conversations.im page=0 elapsed=209.8581ms after=1786145008477310 items=0 complete=false err=<nil>
time=2026-08-23T16:22:49.794+02:00 level=DEBUG msg="syncArchiveForContact done" jid=rbdduiktozne@movim.eu peer=jimww@conversations.im elapsed=209.949443ms
time=2026-08-23T16:22:49.821+02:00 level=DEBUG msg="mam page fetched" jid=rbdduiktozne@movim.eu peer=rbdduiktozne@movim.eu page=0 elapsed=27.560665ms after="" items=0 complete=false err=<nil>
time=2026-08-23T16:22:49.821+02:00 level=DEBUG msg="syncArchiveForContact done" jid=rbdduiktozne@movim.eu peer=rbdduiktozne@movim.eu elapsed=27.716982ms
time=2026-08-23T16:22:49.828+02:00 level=DEBUG msg="makeNodeOpen: reconfigured to open access" node=urn:xmpp:omemo:2:devices
time=2026-08-23T16:22:50.090+02:00 level=DEBUG msg="FetchOmemoDeviceList: fetched" peer=jimww@conversations.im count=2 devices="[454749576 1087746059]"
time=2026-08-23T16:22:50.112+02:00 level=DEBUG msg="mam page fetched" jid=rbdduiktozne@movim.eu peer=juliya@conversations.im page=0 elapsed=291.105485ms after=1781027641892659 items=0 complete=false err=<nil>
time=2026-08-23T16:22:50.113+02:00 level=DEBUG msg="syncArchiveForContact done" jid=rbdduiktozne@movim.eu peer=juliya@conversations.im elapsed=291.19755ms
time=2026-08-23T16:22:50.568+02:00 level=DEBUG msg="makeNodeOpen: reconfigured to open access" node=eu.siacs.conversations.axolotl.bundles:396492910
time=2026-08-23T16:22:50.570+02:00 level=DEBUG msg="mam page fetched" jid=rbdduiktozne@movim.eu peer=qr30bqqwv50lbb3x3tau@movim.eu page=0 elapsed=457.548423ms after=1780827424944565 items=0 complete=false err=<nil>
time=2026-08-23T16:22:50.570+02:00 level=DEBUG msg="syncArchiveForContact done" jid=rbdduiktozne@movim.eu peer=qr30bqqwv50lbb3x3tau@movim.eu elapsed=457.604189ms
time=2026-08-23T16:22:50.570+02:00 level=DEBUG msg="received omemo device-list PEP push" protocol=v1 from=qr30bqqwv50lbb3x3tau@movim.eu jid=rbdduiktozne@movim.eu
time=2026-08-23T16:22:50.570+02:00 level=DEBUG msg="received omemo device-list PEP push" protocol=v2 from=qr30bqqwv50lbb3x3tau@movim.eu jid=rbdduiktozne@movim.eu
time=2026-08-23T16:22:50.570+02:00 level=DEBUG msg="received omemo device-list PEP push" protocol=v1 from="" jid=rbdduiktozne@movim.eu
time=2026-08-23T16:22:50.570+02:00 level=DEBUG msg="received omemo device-list PEP push" protocol=v2 from="" jid=rbdduiktozne@movim.eu
time=2026-08-23T16:22:50.570+02:00 level=DEBUG msg="received omemo device-list PEP push" protocol=v1 from=juliya@conversations.im jid=rbdduiktozne@movim.eu
time=2026-08-23T16:22:50.570+02:00 level=DEBUG msg="received omemo device-list PEP push" protocol=v1 from=jimww@conversations.im jid=rbdduiktozne@movim.eu
time=2026-08-23T16:22:50.570+02:00 level=DEBUG msg="received omemo device-list PEP push" protocol=v2 from=jimww@conversations.im jid=rbdduiktozne@movim.eu
time=2026-08-23T16:22:50.570+02:00 level=DEBUG msg="received omemo device-list PEP push" protocol=v2 from="" jid=rbdduiktozne@movim.eu
time=2026-08-23T16:22:50.570+02:00 level=DEBUG msg="received omemo device-list PEP push" protocol=v1 from="" jid=rbdduiktozne@movim.eu
time=2026-08-23T16:22:50.570+02:00 level=DEBUG msg="received omemo device-list PEP push" protocol=v1 from=jimww@conversations.im jid=rbdduiktozne@movim.eu
time=2026-08-23T16:22:50.570+02:00 level=DEBUG msg="received omemo device-list PEP push" protocol=v2 from=jimww@conversations.im jid=rbdduiktozne@movim.eu
time=2026-08-23T16:22:50.571+02:00 level=DEBUG msg="received omemo device-list PEP push" protocol=v1 from=qr30bqqwv50lbb3x3tau@movim.eu jid=rbdduiktozne@movim.eu
time=2026-08-23T16:22:50.571+02:00 level=DEBUG msg="received omemo device-list PEP push" protocol=v2 from=qr30bqqwv50lbb3x3tau@movim.eu jid=rbdduiktozne@movim.eu
time=2026-08-23T16:22:50.571+02:00 level=DEBUG msg="received omemo device-list PEP push" protocol=v2 from=jimww@conversations.im jid=rbdduiktozne@movim.eu
time=2026-08-23T16:22:50.601+02:00 level=DEBUG msg="FetchOmemoDeviceListV1: fetched" peer=qr30bqqwv50lbb3x3tau@movim.eu count=7 devices="[1041050623 99377310 406890504 465880925 1294895317 1689625064 1425664679]"
time=2026-08-23T16:22:50.601+02:00 level=DEBUG msg="FetchOmemoDeviceList: fetched" peer=qr30bqqwv50lbb3x3tau@movim.eu count=9 devices="[3546796710 543807001 1136287838 804539282 766575397 1069781368 3439252694 3095662882 1110435295]"
time=2026-08-23T16:22:50.604+02:00 level=DEBUG msg="FetchOmemoDeviceListV1: fetched" peer=jimww@conversations.im count=2 devices="[396492910 3519373093]"
time=2026-08-23T16:22:50.604+02:00 level=DEBUG msg="FetchOmemoDeviceList: fetched" peer=qr30bqqwv50lbb3x3tau@movim.eu count=9 devices="[3546796710 543807001 1136287838 804539282 766575397 1069781368 3439252694 3095662882 1110435295]"
time=2026-08-23T16:22:50.604+02:00 level=DEBUG msg="omemo setup: local device ID and current device list" protocol=v1 jid=jimww@conversations.im local_device=396492910 devices="[396492910 3519373093]"
time=2026-08-23T16:22:50.604+02:00 level=DEBUG msg="omemo setup: publishing device list" protocol=v1 jid=jimww@conversations.im devices="[396492910 3519373093]"
time=2026-08-23T16:22:50.604+02:00 level=DEBUG msg="FetchOmemoDeviceListV1: fetched" peer=qr30bqqwv50lbb3x3tau@movim.eu count=7 devices="[1041050623 99377310 406890504 465880925 1294895317 1689625064 1425664679]"
time=2026-08-23T16:22:50.624+02:00 level=DEBUG msg="FetchOmemoDeviceListV1: fetched" peer=juliya@conversations.im count=1 devices=[80731641]
time=2026-08-23T16:22:50.631+02:00 level=DEBUG msg="FetchOmemoDeviceListV1: fetched" peer=jimww@conversations.im count=2 devices="[396492910 3519373093]"
time=2026-08-23T16:22:50.631+02:00 level=DEBUG msg="FetchOmemoDeviceListV1: fetched" peer=jimww@conversations.im count=2 devices="[396492910 3519373093]"
time=2026-08-23T16:22:50.631+02:00 level=DEBUG msg="FetchOmemoDeviceList: fetched" peer=jimww@conversations.im count=2 devices="[454749576 1087746059]"
time=2026-08-23T16:22:50.645+02:00 level=DEBUG msg="FetchOmemoDeviceList: fetched" peer=jimww@conversations.im count=2 devices="[454749576 1087746059]"
time=2026-08-23T16:22:50.645+02:00 level=DEBUG msg="FetchOmemoDeviceList: fetched" peer=jimww@conversations.im count=2 devices="[454749576 1087746059]"
time=2026-08-23T16:22:50.645+02:00 level=DEBUG msg="received omemo device-list PEP push" protocol=v1 from=jimww@conversations.im jid=rbdduiktozne@movim.eu
time=2026-08-23T16:22:50.653+02:00 level=DEBUG msg="resynced omemo device list after PEP push" protocol=v1 from=juliya@conversations.im jid=rbdduiktozne@movim.eu
time=2026-08-23T16:22:50.675+02:00 level=DEBUG msg="makeNodeOpen: reconfigured to open access" node=eu.siacs.conversations.axolotl.devicelist
time=2026-08-23T16:22:50.693+02:00 level=DEBUG msg="FetchOmemoDeviceListV1: fetched" peer=jimww@conversations.im count=2 devices="[396492910 3519373093]"
time=2026-08-23T16:22:50.696+02:00 level=DEBUG msg="resynced omemo device list after PEP push" protocol=v1 from=jimww@conversations.im jid=rbdduiktozne@movim.eu
time=2026-08-23T16:22:50.712+02:00 level=DEBUG msg="FetchOmemoDeviceListV1: fetched" peer=jimww@conversations.im count=2 devices="[396492910 3519373093]"
time=2026-08-23T16:22:50.746+02:00 level=DEBUG msg="resynced omemo device list after PEP push" protocol=v2 from=jimww@conversations.im jid=rbdduiktozne@movim.eu
time=2026-08-23T16:22:50.767+02:00 level=DEBUG msg="resynced omemo device list after PEP push" protocol=v1 from=jimww@conversations.im jid=rbdduiktozne@movim.eu
time=2026-08-23T16:22:50.767+02:00 level=DEBUG msg="resynced omemo device list after PEP push" protocol=v2 from=jimww@conversations.im jid=rbdduiktozne@movim.eu
time=2026-08-23T16:22:50.767+02:00 level=DEBUG msg="resynced omemo device list after PEP push" protocol=v1 from=jimww@conversations.im jid=rbdduiktozne@movim.eu
time=2026-08-23T16:22:50.811+02:00 level=DEBUG msg="resynced omemo device list after PEP push" protocol=v2 from=jimww@conversations.im jid=rbdduiktozne@movim.eu
time=2026-08-23T16:22:50.841+02:00 level=DEBUG msg="FetchOmemoDeviceList: fetched" peer=rbdduiktozne@movim.eu count=2 devices="[3970042472 738931598]"
time=2026-08-23T16:22:50.845+02:00 level=DEBUG msg="resynced omemo device list after PEP push" protocol=v1 from=qr30bqqwv50lbb3x3tau@movim.eu jid=rbdduiktozne@movim.eu
time=2026-08-23T16:22:50.853+02:00 level=DEBUG msg="resynced omemo device list after PEP push" protocol=v1 from=qr30bqqwv50lbb3x3tau@movim.eu jid=rbdduiktozne@movim.eu
time=2026-08-23T16:22:50.881+02:00 level=DEBUG msg="resynced omemo device list after PEP push" protocol=v2 from=qr30bqqwv50lbb3x3tau@movim.eu jid=rbdduiktozne@movim.eu
time=2026-08-23T16:22:50.881+02:00 level=DEBUG msg="resynced omemo device list after PEP push" protocol=v2 from=qr30bqqwv50lbb3x3tau@movim.eu jid=rbdduiktozne@movim.eu
time=2026-08-23T16:22:50.947+02:00 level=DEBUG msg="FetchOmemoDeviceListV1: fetched" peer=rbdduiktozne@movim.eu count=4 devices="[652529220 1532489010 1215632555 281798428]"
time=2026-08-23T16:22:50.983+02:00 level=DEBUG msg="resynced omemo-v1 device list on connect" peer=rbdduiktozne@movim.eu jid=jimww@conversations.im
time=2026-08-23T16:22:51.018+02:00 level=DEBUG msg="FetchOmemoDeviceList: fetched" peer=jimww@conversations.im count=2 devices="[454749576 1087746059]"
time=2026-08-23T16:22:51.073+02:00 level=DEBUG msg="FetchOmemoDeviceListV1: fetched" peer=jimww@conversations.im count=2 devices="[396492910 3519373093]"
time=2026-08-23T16:22:51.094+02:00 level=DEBUG msg="resynced omemo-v1 device list on connect" peer=jimww@conversations.im jid=jimww@conversations.im
time=2026-08-23T16:22:51.095+02:00 level=DEBUG msg="account reconnected" jid=jimww@conversations.im
time=2026-08-23T16:22:51.095+02:00 level=DEBUG msg="syncArchive: contacts to check" jid=jimww@conversations.im contacts=2
time=2026-08-23T16:22:51.136+02:00 level=DEBUG msg="mam page fetched" jid=jimww@conversations.im peer=jimww@conversations.im page=0 elapsed=41.265247ms after="" items=0 complete=false err=<nil>
time=2026-08-23T16:22:51.136+02:00 level=DEBUG msg="syncArchiveForContact done" jid=jimww@conversations.im peer=jimww@conversations.im elapsed=41.360276ms
time=2026-08-23T16:22:51.216+02:00 level=DEBUG msg="mam page fetched" jid=jimww@conversations.im peer=rbdduiktozne@movim.eu page=0 elapsed=79.185573ms after=1786145008487877 items=0 complete=false err=<nil>
time=2026-08-23T16:22:51.216+02:00 level=DEBUG msg="syncArchiveForContact done" jid=jimww@conversations.im peer=rbdduiktozne@movim.eu elapsed=79.649211ms
time=2026-08-23T16:22:51.216+02:00 level=DEBUG msg="received omemo device-list PEP push" protocol=v1 from="" jid=jimww@conversations.im
time=2026-08-23T16:22:51.216+02:00 level=DEBUG msg="received omemo device-list PEP push" protocol=v2 from="" jid=jimww@conversations.im
time=2026-08-23T16:22:51.216+02:00 level=DEBUG msg="received omemo device-list PEP push" protocol=v1 from=rbdduiktozne@movim.eu jid=jimww@conversations.im
time=2026-08-23T16:22:51.216+02:00 level=DEBUG msg="received omemo device-list PEP push" protocol=v2 from=rbdduiktozne@movim.eu jid=jimww@conversations.im
time=2026-08-23T16:22:51.216+02:00 level=DEBUG msg="received omemo device-list PEP push" protocol=v1 from=rbdduiktozne@movim.eu jid=jimww@conversations.im
time=2026-08-23T16:22:51.216+02:00 level=DEBUG msg="received omemo device-list PEP push" protocol=v2 from=rbdduiktozne@movim.eu jid=jimww@conversations.im
time=2026-08-23T16:22:51.216+02:00 level=DEBUG msg="received omemo device-list PEP push" protocol=v1 from=rbdduiktozne@movim.eu jid=jimww@conversations.im
time=2026-08-23T16:22:51.217+02:00 level=DEBUG msg="received omemo device-list PEP push" protocol=v2 from=rbdduiktozne@movim.eu jid=jimww@conversations.im
time=2026-08-23T16:22:51.217+02:00 level=DEBUG msg="received omemo device-list PEP push" protocol=v2 from="" jid=jimww@conversations.im
time=2026-08-23T16:22:51.217+02:00 level=DEBUG msg="received omemo device-list PEP push" protocol=v1 from="" jid=jimww@conversations.im
time=2026-08-23T16:22:51.278+02:00 level=DEBUG msg="FetchOmemoDeviceListV1: fetched" peer=rbdduiktozne@movim.eu count=4 devices="[652529220 1532489010 1215632555 281798428]"
time=2026-08-23T16:22:51.287+02:00 level=DEBUG msg="FetchOmemoDeviceListV1: fetched" peer=rbdduiktozne@movim.eu count=4 devices="[652529220 1532489010 1215632555 281798428]"
time=2026-08-23T16:22:51.287+02:00 level=DEBUG msg="FetchOmemoDeviceListV1: fetched" peer=rbdduiktozne@movim.eu count=4 devices="[652529220 1532489010 1215632555 281798428]"
time=2026-08-23T16:22:51.287+02:00 level=DEBUG msg="FetchOmemoDeviceList: fetched" peer=rbdduiktozne@movim.eu count=2 devices="[3970042472 738931598]"
time=2026-08-23T16:22:51.301+02:00 level=DEBUG msg="FetchOmemoDeviceList: fetched" peer=rbdduiktozne@movim.eu count=2 devices="[3970042472 738931598]"
time=2026-08-23T16:22:51.301+02:00 level=DEBUG msg="FetchOmemoDeviceList: fetched" peer=rbdduiktozne@movim.eu count=2 devices="[3970042472 738931598]"
time=2026-08-23T16:22:51.319+02:00 level=DEBUG msg="resynced omemo device list after PEP push" protocol=v2 from=rbdduiktozne@movim.eu jid=jimww@conversations.im
time=2026-08-23T16:22:51.320+02:00 level=DEBUG msg="resynced omemo device list after PEP push" protocol=v2 from=rbdduiktozne@movim.eu jid=jimww@conversations.im
time=2026-08-23T16:22:51.365+02:00 level=DEBUG msg="resynced omemo device list after PEP push" protocol=v1 from=rbdduiktozne@movim.eu jid=jimww@conversations.im
time=2026-08-23T16:22:51.365+02:00 level=DEBUG msg="resynced omemo device list after PEP push" protocol=v1 from=rbdduiktozne@movim.eu jid=jimww@conversations.im
time=2026-08-23T16:22:51.366+02:00 level=DEBUG msg="resynced omemo device list after PEP push" protocol=v1 from=rbdduiktozne@movim.eu jid=jimww@conversations.im
time=2026-08-23T16:22:51.366+02:00 level=DEBUG msg="resynced omemo device list after PEP push" protocol=v2 from=rbdduiktozne@movim.eu jid=jimww@conversations.im
time=2026-08-23T16:51:09.224+02:00 level=INFO msg="kage starting" version=0.5.0-1427deb18ebdd58c7ed5ad8ac7f99c9752515325 log_file=/home/jim/.config/kage/debug.log
time=2026-08-23T16:51:09.230+02:00 level=DEBUG msg="local roster loaded" jid=rbdduiktozne@movim.eu contacts=3
time=2026-08-23T16:51:09.237+02:00 level=DEBUG msg="loadHistoryWindow done" jid=rbdduiktozne@movim.eu peer=jimww@conversations.im elapsed=6.511149ms messages=60 more=true
time=2026-08-23T16:51:09.243+02:00 level=DEBUG msg="loadHistoryWindow done" jid=rbdduiktozne@movim.eu peer=juliya@conversations.im elapsed=6.6222ms messages=60 more=true
time=2026-08-23T16:51:09.250+02:00 level=DEBUG msg="loadHistoryWindow done" jid=rbdduiktozne@movim.eu peer=qr30bqqwv50lbb3x3tau@movim.eu elapsed=6.074638ms messages=60 more=true
time=2026-08-23T16:51:09.250+02:00 level=DEBUG msg="local roster loaded" jid=jimww@conversations.im contacts=1
time=2026-08-23T16:51:09.254+02:00 level=DEBUG msg="loadHistoryWindow done" jid=jimww@conversations.im peer=rbdduiktozne@movim.eu elapsed=3.702515ms messages=60 more=true
time=2026-08-23T16:51:09.299+02:00 level=DEBUG msg="focus state updated" accountJID=rbdduiktozne@movim.eu chatAddress=jimww@conversations.im focused=true key="rbdduiktozne@movim.eu\x00jimww@conversations.im"
time=2026-08-23T16:51:09.331+02:00 level=DEBUG msg="focus state updated" accountJID=rbdduiktozne@movim.eu chatAddress=qr30bqqwv50lbb3x3tau@movim.eu focused=true key="rbdduiktozne@movim.eu\x00qr30bqqwv50lbb3x3tau@movim.eu"
time=2026-08-23T16:51:26.373+02:00 level=DEBUG msg="focus state updated" accountJID=rbdduiktozne@movim.eu chatAddress=qr30bqqwv50lbb3x3tau@movim.eu focused=false key="rbdduiktozne@movim.eu\x00qr30bqqwv50lbb3x3tau@movim.eu"
time=2026-08-23T16:51:57.439+02:00 level=DEBUG msg="focus state updated" accountJID=rbdduiktozne@movim.eu chatAddress=qr30bqqwv50lbb3x3tau@movim.eu focused=true key="rbdduiktozne@movim.eu\x00qr30bqqwv50lbb3x3tau@movim.eu"
time=2026-08-23T16:52:06.550+02:00 level=DEBUG msg="focus state updated" accountJID=rbdduiktozne@movim.eu chatAddress=qr30bqqwv50lbb3x3tau@movim.eu focused=false key="rbdduiktozne@movim.eu\x00qr30bqqwv50lbb3x3tau@movim.eu"
time=2026-08-23T16:52:07.479+02:00 level=DEBUG msg="focus state updated" accountJID=rbdduiktozne@movim.eu chatAddress=qr30bqqwv50lbb3x3tau@movim.eu focused=true key="rbdduiktozne@movim.eu\x00qr30bqqwv50lbb3x3tau@movim.eu"
time=2026-08-23T16:52:07.800+02:00 level=DEBUG msg="focus state updated" accountJID=rbdduiktozne@movim.eu chatAddress=qr30bqqwv50lbb3x3tau@movim.eu focused=false key="rbdduiktozne@movim.eu\x00qr30bqqwv50lbb3x3tau@movim.eu"
time=2026-08-23T16:55:10.110+02:00 level=DEBUG msg="focus state updated" accountJID=rbdduiktozne@movim.eu chatAddress=qr30bqqwv50lbb3x3tau@movim.eu focused=true key="rbdduiktozne@movim.eu\x00qr30bqqwv50lbb3x3tau@movim.eu"
time=2026-08-23T16:55:10.590+02:00 level=DEBUG msg="focus state updated" accountJID=rbdduiktozne@movim.eu chatAddress=qr30bqqwv50lbb3x3tau@movim.eu focused=false key="rbdduiktozne@movim.eu\x00qr30bqqwv50lbb3x3tau@movim.eu"
time=2026-08-23T16:56:26.107+02:00 level=DEBUG msg="focus state updated" accountJID=rbdduiktozne@movim.eu chatAddress=qr30bqqwv50lbb3x3tau@movim.eu focused=true key="rbdduiktozne@movim.eu\x00qr30bqqwv50lbb3x3tau@movim.eu"
time=2026-08-23T16:56:26.611+02:00 level=DEBUG msg="focus state updated" accountJID=rbdduiktozne@movim.eu chatAddress=qr30bqqwv50lbb3x3tau@movim.eu focused=false key="rbdduiktozne@movim.eu\x00qr30bqqwv50lbb3x3tau@movim.eu"
time=2026-08-23T16:56:40.246+02:00 level=DEBUG msg="focus state updated" accountJID=rbdduiktozne@movim.eu chatAddress=qr30bqqwv50lbb3x3tau@movim.eu focused=true key="rbdduiktozne@movim.eu\x00qr30bqqwv50lbb3x3tau@movim.eu"
time=2026-08-23T16:57:01.203+02:00 level=DEBUG msg="focus state updated" accountJID="" chatAddress="" focused=true key=""
time=2026-08-23T16:57:01.898+02:00 level=DEBUG msg="focus state updated" accountJID=rbdduiktozne@movim.eu chatAddress=qr30bqqwv50lbb3x3tau@movim.eu focused=true key="rbdduiktozne@movim.eu\x00qr30bqqwv50lbb3x3tau@movim.eu"
time=2026-08-23T16:57:36.827+02:00 level=DEBUG msg="send: using omemo encryption" protocol=v1 jid=rbdduiktozne@movim.eu to=qr30bqqwv50lbb3x3tau@movim.eu
time=2026-08-23T16:57:36.920+02:00 level=DEBUG msg="send: omemo encrypt succeeded" protocol=v1 jid=rbdduiktozne@movim.eu to=qr30bqqwv50lbb3x3tau@movim.eu keys=10
time=2026-08-23T16:58:18.397+02:00 level=DEBUG msg="send: using omemo encryption" protocol=v1 jid=rbdduiktozne@movim.eu to=qr30bqqwv50lbb3x3tau@movim.eu
time=2026-08-23T16:58:18.481+02:00 level=DEBUG msg="send: omemo encrypt succeeded" protocol=v1 jid=rbdduiktozne@movim.eu to=qr30bqqwv50lbb3x3tau@movim.eu keys=10
time=2026-08-23T16:58:22.685+02:00 level=DEBUG msg="focus state updated" accountJID=rbdduiktozne@movim.eu chatAddress=qr30bqqwv50lbb3x3tau@movim.eu focused=false key="rbdduiktozne@movim.eu\x00qr30bqqwv50lbb3x3tau@movim.eu"
time=2026-08-23T17:07:14.164+02:00 level=DEBUG msg="focus state updated" accountJID=rbdduiktozne@movim.eu chatAddress=qr30bqqwv50lbb3x3tau@movim.eu focused=true key="rbdduiktozne@movim.eu\x00qr30bqqwv50lbb3x3tau@movim.eu"
time=2026-08-23T17:07:15.318+02:00 level=DEBUG msg="focus state updated" accountJID=rbdduiktozne@movim.eu chatAddress=qr30bqqwv50lbb3x3tau@movim.eu focused=false key="rbdduiktozne@movim.eu\x00qr30bqqwv50lbb3x3tau@movim.eu"
time=2026-08-23T17:07:16.306+02:00 level=DEBUG msg="focus state updated" accountJID=rbdduiktozne@movim.eu chatAddress=qr30bqqwv50lbb3x3tau@movim.eu focused=true key="rbdduiktozne@movim.eu\x00qr30bqqwv50lbb3x3tau@movim.eu"
time=2026-08-23T17:07:17.021+02:00 level=DEBUG msg="focus state updated" accountJID=rbdduiktozne@movim.eu chatAddress=qr30bqqwv50lbb3x3tau@movim.eu focused=false key="rbdduiktozne@movim.eu\x00qr30bqqwv50lbb3x3tau@movim.eu"
time=2026-08-23T17:07:45.481+02:00 level=DEBUG msg="focus state updated" accountJID=rbdduiktozne@movim.eu chatAddress=qr30bqqwv50lbb3x3tau@movim.eu focused=true key="rbdduiktozne@movim.eu\x00qr30bqqwv50lbb3x3tau@movim.eu"
time=2026-08-23T17:07:46.161+02:00 level=DEBUG msg="focus state updated" accountJID=rbdduiktozne@movim.eu chatAddress=qr30bqqwv50lbb3x3tau@movim.eu focused=false key="rbdduiktozne@movim.eu\x00qr30bqqwv50lbb3x3tau@movim.eu"
time=2026-08-23T17:07:58.688+02:00 level=DEBUG msg="focus state updated" accountJID=rbdduiktozne@movim.eu chatAddress=qr30bqqwv50lbb3x3tau@movim.eu focused=true key="rbdduiktozne@movim.eu\x00qr30bqqwv50lbb3x3tau@movim.eu"
time=2026-08-23T17:07:59.453+02:00 level=DEBUG msg="focus state updated" accountJID=rbdduiktozne@movim.eu chatAddress=qr30bqqwv50lbb3x3tau@movim.eu focused=false key="rbdduiktozne@movim.eu\x00qr30bqqwv50lbb3x3tau@movim.eu"
time=2026-08-23T17:08:09.906+02:00 level=DEBUG msg="focus state updated" accountJID=rbdduiktozne@movim.eu chatAddress=qr30bqqwv50lbb3x3tau@movim.eu focused=true key="rbdduiktozne@movim.eu\x00qr30bqqwv50lbb3x3tau@movim.eu"
time=2026-08-23T17:46:53.787+02:00 level=DEBUG msg="received omemo message" from=qr30bqqwv50lbb3x3tau@movim.eu/Conversations.p2M3fstKHH jid=rbdduiktozne@movim.eu
time=2026-08-23T17:46:53.796+02:00 level=DEBUG msg="omemo message decrypted successfully" from=qr30bqqwv50lbb3x3tau@movim.eu/Conversations.p2M3fstKHH
time=2026-08-23T17:46:53.806+02:00 level=DEBUG msg="notify decision" incomingKey="rbdduiktozne@movim.eu\x00qr30bqqwv50lbb3x3tau@movim.eu" tuiFocused=true tuiActiveChat="" chatIsFocused=false notifyEnabled=true decryptFailed=false outgoing=false
time=2026-08-23T17:46:56.277+02:00 level=INFO msg="kage starting" version=0.5.0-1427deb18ebdd58c7ed5ad8ac7f99c9752515325 log_file=/home/jim/.config/kage/debug.log
time=2026-08-23T17:46:56.278+02:00 level=DEBUG msg="local roster loaded" jid=rbdduiktozne@movim.eu contacts=3
time=2026-08-23T17:46:56.291+02:00 level=DEBUG msg="loadHistoryWindow done" jid=rbdduiktozne@movim.eu peer=jimww@conversations.im elapsed=11.7163ms messages=60 more=true
time=2026-08-23T17:46:56.298+02:00 level=DEBUG msg="loadHistoryWindow done" jid=rbdduiktozne@movim.eu peer=juliya@conversations.im elapsed=7.471907ms messages=60 more=true
time=2026-08-23T17:46:56.305+02:00 level=DEBUG msg="loadHistoryWindow done" jid=rbdduiktozne@movim.eu peer=qr30bqqwv50lbb3x3tau@movim.eu elapsed=6.929113ms messages=60 more=true
time=2026-08-23T17:46:56.306+02:00 level=DEBUG msg="local roster loaded" jid=jimww@conversations.im contacts=1
time=2026-08-23T17:46:56.312+02:00 level=DEBUG msg="loadHistoryWindow done" jid=jimww@conversations.im peer=rbdduiktozne@movim.eu elapsed=5.446471ms messages=60 more=true
time=2026-08-23T17:46:56.373+02:00 level=DEBUG msg="focus state updated" accountJID=rbdduiktozne@movim.eu chatAddress=jimww@conversations.im focused=true key="rbdduiktozne@movim.eu\x00jimww@conversations.im"
time=2026-08-23T17:46:56.442+02:00 level=DEBUG msg="focus state updated" accountJID=rbdduiktozne@movim.eu chatAddress=qr30bqqwv50lbb3x3tau@movim.eu focused=true key="rbdduiktozne@movim.eu\x00qr30bqqwv50lbb3x3tau@movim.eu"
time=2026-08-23T18:12:59.953+02:00 level=INFO msg="kage background service: reload: re-read config (2 accounts)"
time=2026-08-23T18:12:59.954+02:00 level=INFO msg="kage background service: SIGTERM received, shutting down"
time=2026-08-23T18:13:00.024+02:00 level=DEBUG msg="background: socket accept loop ended" err="accept unix /home/jim/.config/kage/kage.sock: use of closed network connection"
time=2026-08-23T18:13:00.460+02:00 level=INFO msg="kage background service: exiting"
time=2026-08-23T18:14:08.096+02:00 level=INFO msg="kage starting" version=0.5.0-cf31e60a399b2c1ad5901d48d79db416269171f9 log_file=/home/jim/.config/kage/debug.log
time=2026-08-23T18:14:08.144+02:00 level=INFO msg="kage starting" version=0.5.0-cf31e60a399b2c1ad5901d48d79db416269171f9 log_file=/home/jim/.config/kage/debug.log
time=2026-08-23T18:14:08.145+02:00 level=INFO msg="kage background service: starting version=0.5.0-cf31e60a399b2c1ad5901d48d79db416269171f9 for 2 account(s)"
time=2026-08-23T18:14:08.152+02:00 level=INFO msg="systray error: failed to register: The name is not activatable"
time=2026-08-23T18:14:08.454+02:00 level=DEBUG msg="connectAccountLocal starting" jid=jimww@conversations.im
time=2026-08-23T18:14:08.454+02:00 level=DEBUG msg="connectAccountLocal starting" jid=rbdduiktozne@movim.eu
time=2026-08-23T18:14:08.454+02:00 level=DEBUG msg="local roster loaded" jid=jimww@conversations.im contacts=1
time=2026-08-23T18:14:08.455+02:00 level=DEBUG msg="local roster loaded" jid=rbdduiktozne@movim.eu contacts=3
time=2026-08-23T18:14:08.459+02:00 level=WARN msg="loading history window" chat=rbdduiktozne@movim.eu err="SQL logic error: no such column: sendFailed (1)"
time=2026-08-23T18:14:08.459+02:00 level=DEBUG msg="loadHistoryWindow done" jid=jimww@conversations.im peer=rbdduiktozne@movim.eu elapsed=309.327µs messages=0 more=false
time=2026-08-23T18:14:08.459+02:00 level=DEBUG msg="connectAccountLocal done" jid=jimww@conversations.im elapsed=5.620826ms chats=1
time=2026-08-23T18:14:08.460+02:00 level=WARN msg="loading history window" chat=jimww@conversations.im err="SQL logic error: no such column: sendFailed (1)"
time=2026-08-23T18:14:08.460+02:00 level=DEBUG msg="loadHistoryWindow done" jid=rbdduiktozne@movim.eu peer=jimww@conversations.im elapsed=482.324µs messages=0 more=false
time=2026-08-23T18:14:08.460+02:00 level=DEBUG msg="connectAccountLive starting" jid=jimww@conversations.im
time=2026-08-23T18:14:08.460+02:00 level=DEBUG msg="resolving password" jid=jimww@conversations.im
time=2026-08-23T18:14:08.460+02:00 level=WARN msg="loading history window" chat=juliya@conversations.im err="SQL logic error: no such column: sendFailed (1)"
time=2026-08-23T18:14:08.460+02:00 level=DEBUG msg="loadHistoryWindow done" jid=rbdduiktozne@movim.eu peer=juliya@conversations.im elapsed=113.143µs messages=0 more=false
time=2026-08-23T18:14:08.460+02:00 level=WARN msg="loading history window" chat=qr30bqqwv50lbb3x3tau@movim.eu err="SQL logic error: no such column: sendFailed (1)"
time=2026-08-23T18:14:08.460+02:00 level=DEBUG msg="loadHistoryWindow done" jid=rbdduiktozne@movim.eu peer=qr30bqqwv50lbb3x3tau@movim.eu elapsed=115.378µs messages=0 more=false
time=2026-08-23T18:14:08.460+02:00 level=DEBUG msg="connectAccountLocal done" jid=rbdduiktozne@movim.eu elapsed=6.293119ms chats=3
time=2026-08-23T18:14:08.460+02:00 level=DEBUG msg="connectAccountLive starting" jid=rbdduiktozne@movim.eu
time=2026-08-23T18:14:08.460+02:00 level=DEBUG msg="resolving password" jid=rbdduiktozne@movim.eu
time=2026-08-23T18:14:08.475+02:00 level=DEBUG msg="local roster loaded" jid=rbdduiktozne@movim.eu contacts=3
time=2026-08-23T18:14:08.476+02:00 level=WARN msg="loading history window" chat=jimww@conversations.im err="SQL logic error: no such column: sendFailed (1)"
time=2026-08-23T18:14:08.476+02:00 level=DEBUG msg="loadHistoryWindow done" jid=rbdduiktozne@movim.eu peer=jimww@conversations.im elapsed=213.365µs messages=0 more=false
time=2026-08-23T18:14:08.476+02:00 level=WARN msg="loading history window" chat=juliya@conversations.im err="SQL logic error: no such column: sendFailed (1)"
time=2026-08-23T18:14:08.476+02:00 level=DEBUG msg="loadHistoryWindow done" jid=rbdduiktozne@movim.eu peer=juliya@conversations.im elapsed=162.381µs messages=0 more=false
time=2026-08-23T18:14:08.476+02:00 level=WARN msg="loading history window" chat=qr30bqqwv50lbb3x3tau@movim.eu err="SQL logic error: no such column: sendFailed (1)"
time=2026-08-23T18:14:08.476+02:00 level=DEBUG msg="loadHistoryWindow done" jid=rbdduiktozne@movim.eu peer=qr30bqqwv50lbb3x3tau@movim.eu elapsed=155.467µs messages=0 more=false
time=2026-08-23T18:14:08.477+02:00 level=DEBUG msg="local roster loaded" jid=jimww@conversations.im contacts=1
time=2026-08-23T18:14:08.477+02:00 level=WARN msg="loading history window" chat=rbdduiktozne@movim.eu err="SQL logic error: no such column: sendFailed (1)"
time=2026-08-23T18:14:08.477+02:00 level=DEBUG msg="loadHistoryWindow done" jid=jimww@conversations.im peer=rbdduiktozne@movim.eu elapsed=128.648µs messages=0 more=false
time=2026-08-23T18:14:08.550+02:00 level=DEBUG msg="focus state updated" accountJID=rbdduiktozne@movim.eu chatAddress=jimww@conversations.im focused=true key="rbdduiktozne@movim.eu\x00jimww@conversations.im"
time=2026-08-23T18:14:08.597+02:00 level=DEBUG msg="focus state updated" accountJID=rbdduiktozne@movim.eu chatAddress=qr30bqqwv50lbb3x3tau@movim.eu focused=true key="rbdduiktozne@movim.eu\x00qr30bqqwv50lbb3x3tau@movim.eu"
time=2026-08-23T18:14:08.645+02:00 level=DEBUG msg="password resolved" jid=rbdduiktozne@movim.eu elapsed=184.310157ms
time=2026-08-23T18:14:08.645+02:00 level=DEBUG msg="password resolved" jid=jimww@conversations.im elapsed=184.729763ms
time=2026-08-23T18:14:08.645+02:00 level=DEBUG msg=dialing jid=jimww@conversations.im
time=2026-08-23T18:14:08.645+02:00 level=DEBUG msg=dialing jid=rbdduiktozne@movim.eu
time=2026-08-23T18:14:11.260+02:00 level=DEBUG msg="focus state updated" accountJID="" chatAddress="" focused=true key=""
time=2026-08-23T18:14:11.314+02:00 level=DEBUG msg=dialed jid=jimww@conversations.im elapsed=2.668970428s
time=2026-08-23T18:14:11.314+02:00 level=DEBUG msg="publishOwnGPGKey starting" jid=jimww@conversations.im
time=2026-08-23T18:14:11.314+02:00 level=DEBUG msg="gpg: running" args="[--batch --export 84E78B81883125DEF4FFBD7735AE71B304C67013]" stdin_bytes=0 timeout=10s
time=2026-08-23T18:14:11.314+02:00 level=DEBUG msg=dialed jid=rbdduiktozne@movim.eu elapsed=2.668967634s
time=2026-08-23T18:14:11.314+02:00 level=DEBUG msg="publishOwnGPGKey starting" jid=rbdduiktozne@movim.eu
time=2026-08-23T18:14:11.314+02:00 level=DEBUG msg="gpg: running" args="[--batch --export 84E78B81883125DEF4FFBD7735AE71B304C67013]" stdin_bytes=0 timeout=10s
time=2026-08-23T18:14:11.355+02:00 level=DEBUG msg="gpg: finished" args="[--batch --export 84E78B81883125DEF4FFBD7735AE71B304C67013]" elapsed=41.073656ms err=<nil>
time=2026-08-23T18:14:11.390+02:00 level=DEBUG msg="gpg: finished" args="[--batch --export 84E78B81883125DEF4FFBD7735AE71B304C67013]" elapsed=76.201235ms err=<nil>
time=2026-08-23T18:14:11.547+02:00 level=DEBUG msg="makeNodeOpen: reconfigured to open access" node=urn:xmpp:openpgp:0:public-keys:84E78B81883125DEF4FFBD7735AE71B304C67013
time=2026-08-23T18:14:11.927+02:00 level=DEBUG msg="makeNodeOpen: reconfigured to open access" node=urn:xmpp:openpgp:0:public-keys:84E78B81883125DEF4FFBD7735AE71B304C67013
time=2026-08-23T18:14:12.162+02:00 level=DEBUG msg="makeNodeOpen: reconfigured to open access" node=urn:xmpp:openpgp:0:public-keys
time=2026-08-23T18:14:12.162+02:00 level=DEBUG msg="publishOwnGPGKey done" jid=jimww@conversations.im elapsed=847.979702ms
time=2026-08-23T18:14:12.162+02:00 level=DEBUG msg="setupOmemo starting" jid=jimww@conversations.im
time=2026-08-23T18:14:12.195+02:00 level=DEBUG msg="makeNodeOpen: reconfigured to open access" node=urn:xmpp:openpgp:0:public-keys
time=2026-08-23T18:14:12.195+02:00 level=DEBUG msg="publishOwnGPGKey done" jid=rbdduiktozne@movim.eu elapsed=881.286379ms
time=2026-08-23T18:14:12.195+02:00 level=DEBUG msg="setupOmemo starting" jid=rbdduiktozne@movim.eu
time=2026-08-23T18:14:12.702+02:00 level=DEBUG msg="makeNodeOpen: reconfigured to open access" node=urn:xmpp:omemo:2:bundles:3970042472
time=2026-08-23T18:14:12.702+02:00 level=DEBUG msg="makeNodeOpen: reconfigured to open access" node=urn:xmpp:omemo:2:bundles:454749576
time=2026-08-23T18:14:12.984+02:00 level=DEBUG msg="FetchOmemoDeviceList: fetched" peer=rbdduiktozne@movim.eu count=2 devices="[3970042472 738931598]"
time=2026-08-23T18:14:12.984+02:00 level=DEBUG msg="FetchOmemoDeviceList: fetched" peer=jimww@conversations.im count=2 devices="[454749576 1087746059]"
time=2026-08-23T18:14:12.985+02:00 level=DEBUG msg="omemo setup: local device ID and current device list" protocol=v2 jid=rbdduiktozne@movim.eu local_device=3970042472 devices="[3970042472 738931598]"
time=2026-08-23T18:14:12.985+02:00 level=DEBUG msg="omemo setup: publishing device list" protocol=v2 jid=rbdduiktozne@movim.eu devices="[3970042472 738931598]"
time=2026-08-23T18:14:12.985+02:00 level=DEBUG msg="omemo setup: local device ID and current device list" protocol=v2 jid=jimww@conversations.im local_device=454749576 devices="[454749576 1087746059]"
time=2026-08-23T18:14:12.985+02:00 level=DEBUG msg="omemo setup: publishing device list" protocol=v2 jid=jimww@conversations.im devices="[454749576 1087746059]"
time=2026-08-23T18:14:13.361+02:00 level=DEBUG msg="makeNodeOpen: reconfigured to open access" node=urn:xmpp:omemo:2:devices
time=2026-08-23T18:14:13.361+02:00 level=DEBUG msg="makeNodeOpen: reconfigured to open access" node=urn:xmpp:omemo:2:devices
time=2026-08-23T18:14:13.595+02:00 level=DEBUG msg="FetchOmemoDeviceList: fetched" peer=jimww@conversations.im count=2 devices="[454749576 1087746059]"
time=2026-08-23T18:14:13.595+02:00 level=DEBUG msg="FetchOmemoDeviceList: fetched" peer=rbdduiktozne@movim.eu count=2 devices="[3970042472 738931598]"
time=2026-08-23T18:14:14.050+02:00 level=DEBUG msg="makeNodeOpen: reconfigured to open access" node=eu.siacs.conversations.axolotl.bundles:1215632555
time=2026-08-23T18:14:14.050+02:00 level=DEBUG msg="makeNodeOpen: reconfigured to open access" node=eu.siacs.conversations.axolotl.bundles:396492910
time=2026-08-23T18:14:14.286+02:00 level=DEBUG msg="FetchOmemoDeviceListV1: fetched" peer=jimww@conversations.im count=2 devices="[396492910 3519373093]"
time=2026-08-23T18:14:14.286+02:00 level=DEBUG msg="omemo setup: local device ID and current device list" protocol=v1 jid=jimww@conversations.im local_device=396492910 devices="[396492910 3519373093]"
time=2026-08-23T18:14:14.286+02:00 level=DEBUG msg="omemo setup: publishing device list" protocol=v1 jid=jimww@conversations.im devices="[396492910 3519373093]"
time=2026-08-23T18:14:14.286+02:00 level=DEBUG msg="FetchOmemoDeviceListV1: fetched" peer=rbdduiktozne@movim.eu count=4 devices="[652529220 1532489010 1215632555 281798428]"
time=2026-08-23T18:14:14.286+02:00 level=DEBUG msg="omemo setup: local device ID and current device list" protocol=v1 jid=rbdduiktozne@movim.eu local_device=1215632555 devices="[652529220 1532489010 1215632555 281798428]"
time=2026-08-23T18:14:14.286+02:00 level=DEBUG msg="omemo setup: publishing device list" protocol=v1 jid=rbdduiktozne@movim.eu devices="[652529220 1532489010 1215632555 281798428]"
time=2026-08-23T18:14:14.687+02:00 level=DEBUG msg="makeNodeOpen: reconfigured to open access" node=eu.siacs.conversations.axolotl.devicelist
time=2026-08-23T18:14:14.687+02:00 level=DEBUG msg="makeNodeOpen: reconfigured to open access" node=eu.siacs.conversations.axolotl.devicelist
time=2026-08-23T18:14:14.798+02:00 level=DEBUG msg="FetchOmemoDeviceListV1: fetched" peer=jimww@conversations.im count=2 devices="[396492910 3519373093]"
time=2026-08-23T18:14:14.798+02:00 level=DEBUG msg="FetchOmemoDeviceListV1: fetched" peer=rbdduiktozne@movim.eu count=4 devices="[652529220 1532489010 1215632555 281798428]"
time=2026-08-23T18:14:14.842+02:00 level=DEBUG msg="setupOmemo done" jid=jimww@conversations.im elapsed=2.679621432s
time=2026-08-23T18:14:14.842+02:00 level=DEBUG msg="fetching live roster" jid=jimww@conversations.im
time=2026-08-23T18:14:14.862+02:00 level=DEBUG msg="setupOmemo done" jid=rbdduiktozne@movim.eu elapsed=2.666494135s
time=2026-08-23T18:14:14.862+02:00 level=DEBUG msg="fetching live roster" jid=rbdduiktozne@movim.eu
time=2026-08-23T18:14:14.876+02:00 level=DEBUG msg="live roster fetched" jid=jimww@conversations.im elapsed=34.238011ms contacts=1
time=2026-08-23T18:14:15.029+02:00 level=DEBUG msg="live roster fetched" jid=rbdduiktozne@movim.eu elapsed=167.094282ms contacts=3
time=2026-08-23T18:14:15.029+02:00 level=DEBUG msg="FetchOmemoDeviceList: fetched" peer=rbdduiktozne@movim.eu count=2 devices="[3970042472 738931598]"
time=2026-08-23T18:14:15.408+02:00 level=DEBUG msg="FetchOmemoDeviceList: fetched" peer=jimww@conversations.im count=2 devices="[454749576 1087746059]"
time=2026-08-23T18:14:15.408+02:00 level=DEBUG msg="FetchOmemoDeviceListV1: fetched" peer=rbdduiktozne@movim.eu count=4 devices="[652529220 1532489010 1215632555 281798428]"
time=2026-08-23T18:14:15.474+02:00 level=DEBUG msg="resynced omemo-v1 device list on connect" peer=rbdduiktozne@movim.eu jid=jimww@conversations.im
time=2026-08-23T18:14:15.474+02:00 level=DEBUG msg="connectAccountLive done" jid=jimww@conversations.im elapsed=7.014043195s new_chats=0
time=2026-08-23T18:14:15.475+02:00 level=DEBUG msg="syncArchive starting" jid=jimww@conversations.im
time=2026-08-23T18:14:15.475+02:00 level=DEBUG msg="received omemo device-list PEP push" protocol=v1 from="" jid=jimww@conversations.im
time=2026-08-23T18:14:15.475+02:00 level=DEBUG msg="received omemo device-list PEP push" protocol=v2 from="" jid=jimww@conversations.im
time=2026-08-23T18:14:15.475+02:00 level=DEBUG msg="syncArchive: contacts to check" jid=jimww@conversations.im contacts=2
time=2026-08-23T18:14:15.475+02:00 level=DEBUG msg="received omemo device-list PEP push" protocol=v1 from=rbdduiktozne@movim.eu jid=jimww@conversations.im
time=2026-08-23T18:14:15.475+02:00 level=DEBUG msg="received omemo device-list PEP push" protocol=v2 from=rbdduiktozne@movim.eu jid=jimww@conversations.im
time=2026-08-23T18:14:15.475+02:00 level=DEBUG msg="received omemo device-list PEP push" protocol=v1 from=rbdduiktozne@movim.eu jid=jimww@conversations.im
time=2026-08-23T18:14:15.475+02:00 level=DEBUG msg="received omemo device-list PEP push" protocol=v2 from=rbdduiktozne@movim.eu jid=jimww@conversations.im
time=2026-08-23T18:14:15.475+02:00 level=DEBUG msg="received omemo device-list PEP push" protocol=v2 from="" jid=jimww@conversations.im
time=2026-08-23T18:14:15.475+02:00 level=DEBUG msg="received omemo device-list PEP push" protocol=v2 from=rbdduiktozne@movim.eu jid=jimww@conversations.im
time=2026-08-23T18:14:15.476+02:00 level=DEBUG msg="received omemo device-list PEP push" protocol=v1 from="" jid=jimww@conversations.im
time=2026-08-23T18:14:15.476+02:00 level=DEBUG msg="received omemo device-list PEP push" protocol=v1 from=rbdduiktozne@movim.eu jid=jimww@conversations.im
time=2026-08-23T18:14:15.647+02:00 level=DEBUG msg="FetchOmemoDeviceListV1: fetched" peer=jimww@conversations.im count=2 devices="[396492910 3519373093]"
time=2026-08-23T18:14:15.676+02:00 level=DEBUG msg="resynced omemo-v1 device list on connect" peer=jimww@conversations.im jid=rbdduiktozne@movim.eu
time=2026-08-23T18:14:15.684+02:00 level=DEBUG msg="mam page fetched" jid=jimww@conversations.im peer=rbdduiktozne@movim.eu page=0 elapsed=208.65536ms after=1786145008487877 items=0 complete=false err=<nil>
time=2026-08-23T18:14:15.684+02:00 level=DEBUG msg="syncArchiveForContact done" jid=jimww@conversations.im peer=rbdduiktozne@movim.eu elapsed=208.768503ms
time=2026-08-23T18:14:15.684+02:00 level=DEBUG msg="FetchOmemoDeviceListV1: fetched" peer=rbdduiktozne@movim.eu count=4 devices="[652529220 1532489010 1215632555 281798428]"
time=2026-08-23T18:14:15.685+02:00 level=DEBUG msg="FetchOmemoDeviceList: fetched" peer=rbdduiktozne@movim.eu count=2 devices="[3970042472 738931598]"
time=2026-08-23T18:14:15.685+02:00 level=DEBUG msg="FetchOmemoDeviceListV1: fetched" peer=rbdduiktozne@movim.eu count=4 devices="[652529220 1532489010 1215632555 281798428]"
time=2026-08-23T18:14:15.686+02:00 level=DEBUG msg="FetchOmemoDeviceList: fetched" peer=rbdduiktozne@movim.eu count=2 devices="[3970042472 738931598]"
time=2026-08-23T18:14:15.686+02:00 level=DEBUG msg="FetchOmemoDeviceList: fetched" peer=rbdduiktozne@movim.eu count=2 devices="[3970042472 738931598]"
time=2026-08-23T18:14:15.686+02:00 level=DEBUG msg="FetchOmemoDeviceListV1: fetched" peer=rbdduiktozne@movim.eu count=4 devices="[652529220 1532489010 1215632555 281798428]"
time=2026-08-23T18:14:15.726+02:00 level=DEBUG msg="mam page fetched" jid=jimww@conversations.im peer=jimww@conversations.im page=0 elapsed=41.856227ms after="" items=0 complete=false err=<nil>
time=2026-08-23T18:14:15.726+02:00 level=DEBUG msg="syncArchiveForContact done" jid=jimww@conversations.im peer=jimww@conversations.im elapsed=41.958196ms
time=2026-08-23T18:14:15.726+02:00 level=DEBUG msg="syncArchive done" jid=jimww@conversations.im elapsed=251.459264ms
time=2026-08-23T18:14:15.750+02:00 level=DEBUG msg="resynced omemo device list after PEP push" protocol=v2 from=rbdduiktozne@movim.eu jid=jimww@conversations.im
time=2026-08-23T18:14:15.757+02:00 level=DEBUG msg="resynced omemo device list after PEP push" protocol=v2 from=rbdduiktozne@movim.eu jid=jimww@conversations.im
time=2026-08-23T18:14:15.772+02:00 level=DEBUG msg="resynced omemo device list after PEP push" protocol=v2 from=rbdduiktozne@movim.eu jid=jimww@conversations.im
time=2026-08-23T18:14:15.780+02:00 level=DEBUG msg="resynced omemo device list after PEP push" protocol=v1 from=rbdduiktozne@movim.eu jid=jimww@conversations.im
time=2026-08-23T18:14:15.780+02:00 level=DEBUG msg="resynced omemo device list after PEP push" protocol=v1 from=rbdduiktozne@movim.eu jid=jimww@conversations.im
time=2026-08-23T18:14:15.780+02:00 level=DEBUG msg="resynced omemo device list after PEP push" protocol=v1 from=rbdduiktozne@movim.eu jid=jimww@conversations.im
time=2026-08-23T18:14:16.003+02:00 level=DEBUG msg="FetchOmemoDeviceListV1: fetched" peer=juliya@conversations.im count=1 devices=[80731641]
time=2026-08-23T18:14:16.025+02:00 level=DEBUG msg="resynced omemo-v1 device list on connect" peer=juliya@conversations.im jid=rbdduiktozne@movim.eu
time=2026-08-23T18:14:16.258+02:00 level=DEBUG msg="FetchOmemoDeviceList: fetched" peer=qr30bqqwv50lbb3x3tau@movim.eu count=9 devices="[3546796710 543807001 1136287838 804539282 766575397 1069781368 3439252694 3095662882 1110435295]"
time=2026-08-23T18:14:16.385+02:00 level=DEBUG msg="FetchOmemoDeviceListV1: fetched" peer=qr30bqqwv50lbb3x3tau@movim.eu count=7 devices="[1041050623 99377310 406890504 465880925 1294895317 1689625064 1425664679]"
time=2026-08-23T18:14:16.440+02:00 level=DEBUG msg="resynced omemo-v1 device list on connect" peer=qr30bqqwv50lbb3x3tau@movim.eu jid=rbdduiktozne@movim.eu
time=2026-08-23T18:14:16.440+02:00 level=DEBUG msg="connectAccountLive done" jid=rbdduiktozne@movim.eu elapsed=7.979737228s new_chats=0
time=2026-08-23T18:14:16.441+02:00 level=DEBUG msg="syncArchive starting" jid=rbdduiktozne@movim.eu
time=2026-08-23T18:14:16.441+02:00 level=DEBUG msg="received omemo device-list PEP push" protocol=v1 from="" jid=rbdduiktozne@movim.eu
time=2026-08-23T18:14:16.441+02:00 level=DEBUG msg="syncArchive: contacts to check" jid=rbdduiktozne@movim.eu contacts=4
time=2026-08-23T18:14:16.441+02:00 level=DEBUG msg="received omemo device-list PEP push" protocol=v2 from="" jid=rbdduiktozne@movim.eu
time=2026-08-23T18:14:16.441+02:00 level=DEBUG msg="received omemo device-list PEP push" protocol=v1 from=qr30bqqwv50lbb3x3tau@movim.eu jid=rbdduiktozne@movim.eu
time=2026-08-23T18:14:16.441+02:00 level=DEBUG msg="received omemo device-list PEP push" protocol=v2 from=qr30bqqwv50lbb3x3tau@movim.eu jid=rbdduiktozne@movim.eu
time=2026-08-23T18:14:16.441+02:00 level=DEBUG msg="received omemo device-list PEP push" protocol=v1 from=juliya@conversations.im jid=rbdduiktozne@movim.eu
time=2026-08-23T18:14:16.441+02:00 level=DEBUG msg="received omemo device-list PEP push" protocol=v1 from=jimww@conversations.im jid=rbdduiktozne@movim.eu
time=2026-08-23T18:14:16.441+02:00 level=DEBUG msg="received omemo device-list PEP push" protocol=v2 from=jimww@conversations.im jid=rbdduiktozne@movim.eu
time=2026-08-23T18:14:16.441+02:00 level=DEBUG msg="received omemo device-list PEP push" protocol=v2 from="" jid=rbdduiktozne@movim.eu
time=2026-08-23T18:14:16.441+02:00 level=DEBUG msg="received omemo device-list PEP push" protocol=v2 from=jimww@conversations.im jid=rbdduiktozne@movim.eu
time=2026-08-23T18:14:16.441+02:00 level=DEBUG msg="received omemo device-list PEP push" protocol=v1 from="" jid=rbdduiktozne@movim.eu
time=2026-08-23T18:14:16.441+02:00 level=DEBUG msg="received omemo device-list PEP push" protocol=v1 from=jimww@conversations.im jid=rbdduiktozne@movim.eu
time=2026-08-23T18:14:16.578+02:00 level=DEBUG msg="FetchOmemoDeviceListV1: fetched" peer=qr30bqqwv50lbb3x3tau@movim.eu count=7 devices="[1041050623 99377310 406890504 465880925 1294895317 1689625064 1425664679]"
time=2026-08-23T18:14:16.578+02:00 level=DEBUG msg="FetchOmemoDeviceList: fetched" peer=qr30bqqwv50lbb3x3tau@movim.eu count=9 devices="[3546796710 543807001 1136287838 804539282 766575397 1069781368 3439252694 3095662882 1110435295]"
time=2026-08-23T18:14:16.684+02:00 level=DEBUG msg="received omemo device-list PEP push" protocol=v1 from=qr30bqqwv50lbb3x3tau@movim.eu jid=rbdduiktozne@movim.eu
time=2026-08-23T18:14:16.685+02:00 level=DEBUG msg="received omemo device-list PEP push" protocol=v2 from=qr30bqqwv50lbb3x3tau@movim.eu jid=rbdduiktozne@movim.eu
time=2026-08-23T18:14:16.685+02:00 level=DEBUG msg="FetchOmemoDeviceListV1: fetched" peer=jimww@conversations.im count=2 devices="[396492910 3519373093]"
time=2026-08-23T18:14:16.688+02:00 level=DEBUG msg="resynced omemo device list after PEP push" protocol=v1 from=qr30bqqwv50lbb3x3tau@movim.eu jid=rbdduiktozne@movim.eu
time=2026-08-23T18:14:16.722+02:00 level=DEBUG msg="resynced omemo device list after PEP push" protocol=v2 from=qr30bqqwv50lbb3x3tau@movim.eu jid=rbdduiktozne@movim.eu
time=2026-08-23T18:14:16.729+02:00 level=DEBUG msg="resynced omemo device list after PEP push" protocol=v1 from=jimww@conversations.im jid=rbdduiktozne@movim.eu
time=2026-08-23T18:14:16.734+02:00 level=DEBUG msg="mam page fetched" jid=rbdduiktozne@movim.eu peer=juliya@conversations.im page=0 elapsed=293.32471ms after=1781027641892659 items=0 complete=false err=<nil>
time=2026-08-23T18:14:16.734+02:00 level=DEBUG msg="syncArchiveForContact done" jid=rbdduiktozne@movim.eu peer=juliya@conversations.im elapsed=293.440716ms
time=2026-08-23T18:14:16.735+02:00 level=DEBUG msg="FetchOmemoDeviceListV1: fetched" peer=jimww@conversations.im count=2 devices="[396492910 3519373093]"
time=2026-08-23T18:14:16.735+02:00 level=DEBUG msg="FetchOmemoDeviceListV1: fetched" peer=qr30bqqwv50lbb3x3tau@movim.eu count=7 devices="[1041050623 99377310 406890504 465880925 1294895317 1689625064 1425664679]"
time=2026-08-23T18:14:16.736+02:00 level=DEBUG msg="FetchOmemoDeviceList: fetched" peer=qr30bqqwv50lbb3x3tau@movim.eu count=9 devices="[3546796710 543807001 1136287838 804539282 766575397 1069781368 3439252694 3095662882 1110435295]"
time=2026-08-23T18:14:16.736+02:00 level=DEBUG msg="FetchOmemoDeviceList: fetched" peer=jimww@conversations.im count=2 devices="[454749576 1087746059]"
time=2026-08-23T18:14:16.755+02:00 level=DEBUG msg="FetchOmemoDeviceListV1: fetched" peer=juliya@conversations.im count=1 devices=[80731641]
time=2026-08-23T18:14:16.755+02:00 level=DEBUG msg="FetchOmemoDeviceList: fetched" peer=jimww@conversations.im count=2 devices="[454749576 1087746059]"
time=2026-08-23T18:14:16.764+02:00 level=DEBUG msg="mam page fetched" jid=rbdduiktozne@movim.eu peer=rbdduiktozne@movim.eu page=0 elapsed=29.708804ms after="" items=0 complete=false err=<nil>
time=2026-08-23T18:14:16.764+02:00 level=DEBUG msg="syncArchiveForContact done" jid=rbdduiktozne@movim.eu peer=rbdduiktozne@movim.eu elapsed=29.830747ms
time=2026-08-23T18:14:16.797+02:00 level=DEBUG msg="resynced omemo device list after PEP push" protocol=v1 from=juliya@conversations.im jid=rbdduiktozne@movim.eu
time=2026-08-23T18:14:16.803+02:00 level=DEBUG msg="resynced omemo device list after PEP push" protocol=v2 from=jimww@conversations.im jid=rbdduiktozne@movim.eu
time=2026-08-23T18:14:16.817+02:00 level=DEBUG msg="resynced omemo device list after PEP push" protocol=v1 from=jimww@conversations.im jid=rbdduiktozne@movim.eu
time=2026-08-23T18:14:16.817+02:00 level=DEBUG msg="resynced omemo device list after PEP push" protocol=v2 from=jimww@conversations.im jid=rbdduiktozne@movim.eu
time=2026-08-23T18:14:16.909+02:00 level=DEBUG msg="resynced omemo device list after PEP push" protocol=v1 from=qr30bqqwv50lbb3x3tau@movim.eu jid=rbdduiktozne@movim.eu
time=2026-08-23T18:14:16.930+02:00 level=DEBUG msg="resynced omemo device list after PEP push" protocol=v2 from=qr30bqqwv50lbb3x3tau@movim.eu jid=rbdduiktozne@movim.eu
time=2026-08-23T18:14:18.233+02:00 level=DEBUG msg="mam page fetched" jid=rbdduiktozne@movim.eu peer=qr30bqqwv50lbb3x3tau@movim.eu page=0 elapsed=1.468946612s after=1780827424944565 items=0 complete=false err=<nil>
time=2026-08-23T18:14:18.233+02:00 level=DEBUG msg="syncArchiveForContact done" jid=rbdduiktozne@movim.eu peer=qr30bqqwv50lbb3x3tau@movim.eu elapsed=1.469058498s
time=2026-08-23T18:14:18.303+02:00 level=DEBUG msg="mam page fetched" jid=rbdduiktozne@movim.eu peer=jimww@conversations.im page=0 elapsed=69.568618ms after=1786145008477310 items=0 complete=false err=<nil>
time=2026-08-23T18:14:18.303+02:00 level=DEBUG msg="syncArchiveForContact done" jid=rbdduiktozne@movim.eu peer=jimww@conversations.im elapsed=69.708929ms
time=2026-08-23T18:14:18.303+02:00 level=DEBUG msg="syncArchive done" jid=rbdduiktozne@movim.eu elapsed=1.862431747s
time=2026-08-23T18:14:32.084+02:00 level=DEBUG msg="focus state updated" accountJID=rbdduiktozne@movim.eu chatAddress=juliya@conversations.im focused=true key="rbdduiktozne@movim.eu\x00juliya@conversations.im"
time=2026-08-23T18:15:48.977+02:00 level=INFO msg="kage starting" version=0.5.0-cf31e60a399b2c1ad5901d48d79db416269171f9 log_file=/home/jim/.config/kage/debug.log
time=2026-08-23T18:15:48.978+02:00 level=DEBUG msg="local roster loaded" jid=rbdduiktozne@movim.eu contacts=3
time=2026-08-23T18:15:48.979+02:00 level=WARN msg="loading history window" chat=jimww@conversations.im err="SQL logic error: no such column: sendFailed (1)"
time=2026-08-23T18:15:48.979+02:00 level=DEBUG msg="loadHistoryWindow done" jid=rbdduiktozne@movim.eu peer=jimww@conversations.im elapsed=200.581µs messages=0 more=false
time=2026-08-23T18:15:48.979+02:00 level=WARN msg="loading history window" chat=juliya@conversations.im err="SQL logic error: no such column: sendFailed (1)"
time=2026-08-23T18:15:48.979+02:00 level=DEBUG msg="loadHistoryWindow done" jid=rbdduiktozne@movim.eu peer=juliya@conversations.im elapsed=169.981µs messages=0 more=false
time=2026-08-23T18:15:48.980+02:00 level=WARN msg="loading history window" chat=qr30bqqwv50lbb3x3tau@movim.eu err="SQL logic error: no such column: sendFailed (1)"
time=2026-08-23T18:15:48.980+02:00 level=DEBUG msg="loadHistoryWindow done" jid=rbdduiktozne@movim.eu peer=qr30bqqwv50lbb3x3tau@movim.eu elapsed=198.766µs messages=0 more=false
time=2026-08-23T18:15:48.980+02:00 level=DEBUG msg="local roster loaded" jid=jimww@conversations.im contacts=1
time=2026-08-23T18:15:48.981+02:00 level=WARN msg="loading history window" chat=rbdduiktozne@movim.eu err="SQL logic error: no such column: sendFailed (1)"
time=2026-08-23T18:15:48.981+02:00 level=DEBUG msg="loadHistoryWindow done" jid=jimww@conversations.im peer=rbdduiktozne@movim.eu elapsed=128.97µs messages=0 more=false
time=2026-08-23T18:15:49.007+02:00 level=DEBUG msg="focus state updated" accountJID=rbdduiktozne@movim.eu chatAddress=jimww@conversations.im focused=true key="rbdduiktozne@movim.eu\x00jimww@conversations.im"
time=2026-08-23T18:15:49.038+02:00 level=DEBUG msg="focus state updated" accountJID=rbdduiktozne@movim.eu chatAddress=juliya@conversations.im focused=true key="rbdduiktozne@movim.eu\x00juliya@conversations.im"
time=2026-08-23T18:15:49.730+02:00 level=DEBUG msg="focus state updated" accountJID=rbdduiktozne@movim.eu chatAddress=juliya@conversations.im focused=false key="rbdduiktozne@movim.eu\x00juliya@conversations.im"
time=2026-08-23T18:15:49.929+02:00 level=DEBUG msg="focus state updated" accountJID=rbdduiktozne@movim.eu chatAddress=juliya@conversations.im focused=true key="rbdduiktozne@movim.eu\x00juliya@conversations.im"
time=2026-08-23T18:15:51.218+02:00 level=DEBUG msg="focus state updated" accountJID="" chatAddress="" focused=true key=""
time=2026-08-23T18:15:59.303+02:00 level=DEBUG msg="focus state updated" accountJID=rbdduiktozne@movim.eu chatAddress=jimww@conversations.im focused=true key="rbdduiktozne@movim.eu\x00jimww@conversations.im"
time=2026-08-23T18:15:59.428+02:00 level=DEBUG msg="focus state updated" accountJID="" chatAddress="" focused=true key=""
time=2026-08-23T18:15:59.555+02:00 level=DEBUG msg="focus state updated" accountJID=rbdduiktozne@movim.eu chatAddress=jimww@conversations.im focused=true key="rbdduiktozne@movim.eu\x00jimww@conversations.im"
time=2026-08-23T18:16:02.911+02:00 level=DEBUG msg="focus state updated" accountJID=rbdduiktozne@movim.eu chatAddress=jimww@conversations.im focused=false key="rbdduiktozne@movim.eu\x00jimww@conversations.im"
time=2026-08-23T18:16:28.673+02:00 level=DEBUG msg="focus state updated" accountJID=rbdduiktozne@movim.eu chatAddress=jimww@conversations.im focused=true key="rbdduiktozne@movim.eu\x00jimww@conversations.im"
time=2026-08-23T18:16:29.823+02:00 level=DEBUG msg="send: using omemo encryption" protocol=v1 jid=rbdduiktozne@movim.eu to=jimww@conversations.im
time=2026-08-23T18:16:29.872+02:00 level=DEBUG msg="send: omemo encrypt succeeded" protocol=v1 jid=rbdduiktozne@movim.eu to=jimww@conversations.im keys=5
time=2026-08-23T18:16:32.264+02:00 level=DEBUG msg="focus state updated" accountJID=rbdduiktozne@movim.eu chatAddress=jimww@conversations.im focused=false key="rbdduiktozne@movim.eu\x00jimww@conversations.im"
time=2026-08-23T18:16:32.685+02:00 level=DEBUG msg="focus state updated" accountJID=rbdduiktozne@movim.eu chatAddress=jimww@conversations.im focused=true key="rbdduiktozne@movim.eu\x00jimww@conversations.im"
time=2026-08-23T18:16:34.721+02:00 level=DEBUG msg="focus state updated" accountJID="" chatAddress="" focused=true key=""
time=2026-08-23T18:16:36.325+02:00 level=DEBUG msg="focus state updated" accountJID=jimww@conversations.im chatAddress=rbdduiktozne@movim.eu focused=true key="jimww@conversations.im\x00rbdduiktozne@movim.eu"
time=2026-08-23T18:16:37.358+02:00 level=DEBUG msg="focus state updated" accountJID="" chatAddress="" focused=true key=""
time=2026-08-23T18:16:39.267+02:00 level=DEBUG msg="focus state updated" accountJID="" chatAddress="" focused=false key=""
time=2026-08-23T18:16:40.387+02:00 level=WARN msg="confirming server ack failed; marking batch failed and forcing reconnect" jid=rbdduiktozne@movim.eu batch=1 err="context deadline exceeded"
time=2026-08-23T18:16:40.387+02:00 level=WARN msg="persisting send failure" jid=rbdduiktozne@movim.eu to=jimww@conversations.im err="context deadline exceeded"
time=2026-08-23T18:16:40.388+02:00 level=WARN msg="account disconnected; reconnecting" jid=rbdduiktozne@movim.eu err="use of closed network connection"
time=2026-08-23T18:16:42.106+02:00 level=DEBUG msg="focus state updated" accountJID="" chatAddress="" focused=true key=""
time=2026-08-23T18:16:43.303+02:00 level=DEBUG msg="makeNodeOpen: reconfigured to open access" node=urn:xmpp:omemo:2:bundles:3970042472
time=2026-08-23T18:16:43.538+02:00 level=DEBUG msg="FetchOmemoDeviceList: fetched" peer=rbdduiktozne@movim.eu count=2 devices="[3970042472 738931598]"
time=2026-08-23T18:16:43.538+02:00 level=DEBUG msg="omemo setup: local device ID and current device list" protocol=v2 jid=rbdduiktozne@movim.eu local_device=3970042472 devices="[3970042472 738931598]"
time=2026-08-23T18:16:43.538+02:00 level=DEBUG msg="omemo setup: publishing device list" protocol=v2 jid=rbdduiktozne@movim.eu devices="[3970042472 738931598]"
time=2026-08-23T18:16:44.254+02:00 level=DEBUG msg="makeNodeOpen: reconfigured to open access" node=urn:xmpp:omemo:2:devices
time=2026-08-23T18:16:44.637+02:00 level=DEBUG msg="FetchOmemoDeviceList: fetched" peer=rbdduiktozne@movim.eu count=2 devices="[3970042472 738931598]"
time=2026-08-23T18:16:45.045+02:00 level=DEBUG msg="makeNodeOpen: reconfigured to open access" node=eu.siacs.conversations.axolotl.bundles:1215632555
time=2026-08-23T18:16:45.278+02:00 level=DEBUG msg="FetchOmemoDeviceListV1: fetched" peer=rbdduiktozne@movim.eu count=4 devices="[652529220 1532489010 1215632555 281798428]"
time=2026-08-23T18:16:45.278+02:00 level=DEBUG msg="omemo setup: local device ID and current device list" protocol=v1 jid=rbdduiktozne@movim.eu local_device=1215632555 devices="[652529220 1532489010 1215632555 281798428]"
time=2026-08-23T18:16:45.278+02:00 level=DEBUG msg="omemo setup: publishing device list" protocol=v1 jid=rbdduiktozne@movim.eu devices="[652529220 1532489010 1215632555 281798428]"
time=2026-08-23T18:16:45.987+02:00 level=DEBUG msg="focus state updated" accountJID=rbdduiktozne@movim.eu chatAddress=jimww@conversations.im focused=true key="rbdduiktozne@movim.eu\x00jimww@conversations.im"
time=2026-08-23T18:16:46.069+02:00 level=DEBUG msg="makeNodeOpen: reconfigured to open access" node=eu.siacs.conversations.axolotl.devicelist
time=2026-08-23T18:16:46.302+02:00 level=DEBUG msg="FetchOmemoDeviceListV1: fetched" peer=rbdduiktozne@movim.eu count=4 devices="[652529220 1532489010 1215632555 281798428]"
time=2026-08-23T18:16:46.684+02:00 level=DEBUG msg="FetchOmemoDeviceList: fetched" peer=rbdduiktozne@movim.eu count=2 devices="[3970042472 738931598]"
time=2026-08-23T18:16:46.784+02:00 level=DEBUG msg="FetchOmemoDeviceListV1: fetched" peer=rbdduiktozne@movim.eu count=4 devices="[652529220 1532489010 1215632555 281798428]"
time=2026-08-23T18:16:46.818+02:00 level=DEBUG msg="resynced omemo-v1 device list on connect" peer=rbdduiktozne@movim.eu jid=rbdduiktozne@movim.eu
time=2026-08-23T18:16:47.018+02:00 level=DEBUG msg="FetchOmemoDeviceList: fetched" peer=qr30bqqwv50lbb3x3tau@movim.eu count=9 devices="[3546796710 543807001 1136287838 804539282 766575397 1069781368 3439252694 3095662882 1110435295]"
time=2026-08-23T18:16:47.313+02:00 level=DEBUG msg="FetchOmemoDeviceListV1: fetched" peer=qr30bqqwv50lbb3x3tau@movim.eu count=7 devices="[1041050623 99377310 406890504 465880925 1294895317 1689625064 1425664679]"
time=2026-08-23T18:16:47.374+02:00 level=DEBUG msg="resynced omemo-v1 device list on connect" peer=qr30bqqwv50lbb3x3tau@movim.eu jid=rbdduiktozne@movim.eu
time=2026-08-23T18:16:47.503+02:00 level=DEBUG msg="FetchOmemoDeviceList: fetched" peer=jimww@conversations.im count=2 devices="[454749576 1087746059]"
time=2026-08-23T18:16:47.735+02:00 level=DEBUG msg="FetchOmemoDeviceListV1: fetched" peer=jimww@conversations.im count=2 devices="[396492910 3519373093]"
time=2026-08-23T18:16:47.763+02:00 level=DEBUG msg="resynced omemo-v1 device list on connect" peer=jimww@conversations.im jid=rbdduiktozne@movim.eu
time=2026-08-23T18:16:48.349+02:00 level=DEBUG msg="FetchOmemoDeviceListV1: fetched" peer=juliya@conversations.im count=1 devices=[80731641]
time=2026-08-23T18:16:48.372+02:00 level=DEBUG msg="resynced omemo-v1 device list on connect" peer=juliya@conversations.im jid=rbdduiktozne@movim.eu
time=2026-08-23T18:16:48.373+02:00 level=DEBUG msg="account reconnected" jid=rbdduiktozne@movim.eu
time=2026-08-23T18:16:48.373+02:00 level=DEBUG msg="syncArchive: contacts to check" jid=rbdduiktozne@movim.eu contacts=4
time=2026-08-23T18:16:48.865+02:00 level=DEBUG msg="focus state updated" accountJID="" chatAddress="" focused=true key=""
time=2026-08-23T18:16:48.968+02:00 level=DEBUG msg="mam page fetched" jid=rbdduiktozne@movim.eu peer=qr30bqqwv50lbb3x3tau@movim.eu page=0 elapsed=594.856485ms after=1780827424944565 items=0 complete=false err=<nil>
time=2026-08-23T18:16:48.968+02:00 level=DEBUG msg="syncArchiveForContact done" jid=rbdduiktozne@movim.eu peer=qr30bqqwv50lbb3x3tau@movim.eu elapsed=594.981667ms
time=2026-08-23T18:16:49.346+02:00 level=DEBUG msg="mam page fetched" jid=rbdduiktozne@movim.eu peer=jimww@conversations.im page=0 elapsed=377.916332ms after=1786145008477310 items=0 complete=false err=<nil>
time=2026-08-23T18:16:49.346+02:00 level=DEBUG msg="syncArchiveForContact done" jid=rbdduiktozne@movim.eu peer=jimww@conversations.im elapsed=378.036558ms
time=2026-08-23T18:16:49.499+02:00 level=DEBUG msg="focus state updated" accountJID=rbdduiktozne@movim.eu chatAddress=jimww@conversations.im focused=true key="rbdduiktozne@movim.eu\x00jimww@conversations.im"
time=2026-08-23T18:16:49.682+02:00 level=DEBUG msg="mam page fetched" jid=rbdduiktozne@movim.eu peer=juliya@conversations.im page=0 elapsed=335.548402ms after=1781027641892659 items=0 complete=false err=<nil>
time=2026-08-23T18:16:49.682+02:00 level=DEBUG msg="syncArchiveForContact done" jid=rbdduiktozne@movim.eu peer=juliya@conversations.im elapsed=335.67519ms
time=2026-08-23T18:16:49.960+02:00 level=DEBUG msg="mam page fetched" jid=rbdduiktozne@movim.eu peer=rbdduiktozne@movim.eu page=0 elapsed=277.68627ms after="" items=0 complete=false err=<nil>
time=2026-08-23T18:16:49.960+02:00 level=DEBUG msg="syncArchiveForContact done" jid=rbdduiktozne@movim.eu peer=rbdduiktozne@movim.eu elapsed=277.813059ms
time=2026-08-23T18:16:49.960+02:00 level=DEBUG msg="received omemo device-list PEP push" protocol=v1 from="" jid=rbdduiktozne@movim.eu
time=2026-08-23T18:16:49.960+02:00 level=DEBUG msg="received omemo device-list PEP push" protocol=v2 from="" jid=rbdduiktozne@movim.eu
time=2026-08-23T18:16:49.960+02:00 level=DEBUG msg="received omemo device-list PEP push" protocol=v1 from=qr30bqqwv50lbb3x3tau@movim.eu jid=rbdduiktozne@movim.eu
time=2026-08-23T18:16:49.960+02:00 level=DEBUG msg="received omemo device-list PEP push" protocol=v2 from=qr30bqqwv50lbb3x3tau@movim.eu jid=rbdduiktozne@movim.eu
time=2026-08-23T18:16:49.960+02:00 level=DEBUG msg="received omemo device-list PEP push" protocol=v1 from=juliya@conversations.im jid=rbdduiktozne@movim.eu
time=2026-08-23T18:16:49.960+02:00 level=DEBUG msg="received omemo device-list PEP push" protocol=v1 from=jimww@conversations.im jid=rbdduiktozne@movim.eu
time=2026-08-23T18:16:49.961+02:00 level=DEBUG msg="received omemo device-list PEP push" protocol=v2 from=jimww@conversations.im jid=rbdduiktozne@movim.eu
time=2026-08-23T18:16:49.961+02:00 level=DEBUG msg="received omemo device-list PEP push" protocol=v2 from="" jid=rbdduiktozne@movim.eu
time=2026-08-23T18:16:49.961+02:00 level=DEBUG msg="received omemo device-list PEP push" protocol=v1 from="" jid=rbdduiktozne@movim.eu
time=2026-08-23T18:16:49.962+02:00 level=DEBUG msg="received omemo device-list PEP push" protocol=v1 from=qr30bqqwv50lbb3x3tau@movim.eu jid=rbdduiktozne@movim.eu
time=2026-08-23T18:16:49.962+02:00 level=DEBUG msg="received omemo device-list PEP push" protocol=v2 from=qr30bqqwv50lbb3x3tau@movim.eu jid=rbdduiktozne@movim.eu
time=2026-08-23T18:16:50.195+02:00 level=DEBUG msg="FetchOmemoDeviceList: fetched" peer=qr30bqqwv50lbb3x3tau@movim.eu count=9 devices="[3546796710 543807001 1136287838 804539282 766575397 1069781368 3439252694 3095662882 1110435295]"
time=2026-08-23T18:16:50.195+02:00 level=DEBUG msg="FetchOmemoDeviceListV1: fetched" peer=qr30bqqwv50lbb3x3tau@movim.eu count=7 devices="[1041050623 99377310 406890504 465880925 1294895317 1689625064 1425664679]"
time=2026-08-23T18:16:50.195+02:00 level=DEBUG msg="FetchOmemoDeviceList: fetched" peer=qr30bqqwv50lbb3x3tau@movim.eu count=9 devices="[3546796710 543807001 1136287838 804539282 766575397 1069781368 3439252694 3095662882 1110435295]"
time=2026-08-23T18:16:50.195+02:00 level=DEBUG msg="FetchOmemoDeviceListV1: fetched" peer=qr30bqqwv50lbb3x3tau@movim.eu count=7 devices="[1041050623 99377310 406890504 465880925 1294895317 1689625064 1425664679]"
time=2026-08-23T18:16:50.196+02:00 level=DEBUG msg="FetchOmemoDeviceListV1: fetched" peer=juliya@conversations.im count=1 devices=[80731641]
time=2026-08-23T18:16:50.196+02:00 level=DEBUG msg="FetchOmemoDeviceListV1: fetched" peer=jimww@conversations.im count=2 devices="[396492910 3519373093]"
time=2026-08-23T18:16:50.196+02:00 level=DEBUG msg="FetchOmemoDeviceList: fetched" peer=jimww@conversations.im count=2 devices="[454749576 1087746059]"
time=2026-08-23T18:16:50.248+02:00 level=DEBUG msg="resynced omemo device list after PEP push" protocol=v1 from=juliya@conversations.im jid=rbdduiktozne@movim.eu
time=2026-08-23T18:16:50.268+02:00 level=DEBUG msg="resynced omemo device list after PEP push" protocol=v1 from=jimww@conversations.im jid=rbdduiktozne@movim.eu
time=2026-08-23T18:16:50.300+02:00 level=DEBUG msg="resynced omemo device list after PEP push" protocol=v2 from=jimww@conversations.im jid=rbdduiktozne@movim.eu
time=2026-08-23T18:16:50.391+02:00 level=DEBUG msg="resynced omemo device list after PEP push" protocol=v1 from=qr30bqqwv50lbb3x3tau@movim.eu jid=rbdduiktozne@movim.eu
time=2026-08-23T18:16:50.412+02:00 level=DEBUG msg="resynced omemo device list after PEP push" protocol=v2 from=qr30bqqwv50lbb3x3tau@movim.eu jid=rbdduiktozne@movim.eu
time=2026-08-23T18:16:50.412+02:00 level=DEBUG msg="resynced omemo device list after PEP push" protocol=v2 from=qr30bqqwv50lbb3x3tau@movim.eu jid=rbdduiktozne@movim.eu
time=2026-08-23T18:16:50.412+02:00 level=DEBUG msg="resynced omemo device list after PEP push" protocol=v1 from=qr30bqqwv50lbb3x3tau@movim.eu jid=rbdduiktozne@movim.eu
time=2026-08-23T18:16:51.021+02:00 level=DEBUG msg="focus state updated" accountJID=rbdduiktozne@movim.eu chatAddress=jimww@conversations.im focused=false key="rbdduiktozne@movim.eu\x00jimww@conversations.im"
time=2026-08-23T18:16:51.372+02:00 level=DEBUG msg="focus state updated" accountJID=rbdduiktozne@movim.eu chatAddress=jimww@conversations.im focused=true key="rbdduiktozne@movim.eu\x00jimww@conversations.im"
time=2026-08-23T18:16:55.074+02:00 level=DEBUG msg="send: using omemo encryption" protocol=v1 jid=rbdduiktozne@movim.eu to=jimww@conversations.im
time=2026-08-23T18:16:55.120+02:00 level=DEBUG msg="send: omemo encrypt succeeded" protocol=v1 jid=rbdduiktozne@movim.eu to=jimww@conversations.im keys=5
time=2026-08-23T18:16:58.475+02:00 level=DEBUG msg="focus state updated" accountJID="" chatAddress="" focused=true key=""
time=2026-08-23T18:17:02.665+02:00 level=DEBUG msg="focus state updated" accountJID=rbdduiktozne@movim.eu chatAddress=jimww@conversations.im focused=true key="rbdduiktozne@movim.eu\x00jimww@conversations.im"
time=2026-08-23T18:17:03.031+02:00 level=DEBUG msg="focus state updated" accountJID=rbdduiktozne@movim.eu chatAddress=jimww@conversations.im focused=false key="rbdduiktozne@movim.eu\x00jimww@conversations.im"
time=2026-08-23T18:17:20.924+02:00 level=WARN msg="account disconnected; reconnecting" jid=jimww@conversations.im err="write tcp 192.168.1.49:47864->89.238.78.50:443: write: broken pipe"
time=2026-08-23T18:17:23.873+02:00 level=DEBUG msg="received omemo device-list PEP push" protocol=v1 from=jimww@conversations.im jid=rbdduiktozne@movim.eu
time=2026-08-23T18:17:23.873+02:00 level=DEBUG msg="received omemo device-list PEP push" protocol=v2 from=jimww@conversations.im jid=rbdduiktozne@movim.eu
time=2026-08-23T18:17:24.253+02:00 level=DEBUG msg="FetchOmemoDeviceList: fetched" peer=jimww@conversations.im count=2 devices="[454749576 1087746059]"
time=2026-08-23T18:17:24.253+02:00 level=DEBUG msg="FetchOmemoDeviceListV1: fetched" peer=jimww@conversations.im count=2 devices="[396492910 3519373093]"
time=2026-08-23T18:17:24.287+02:00 level=DEBUG msg="resynced omemo device list after PEP push" protocol=v2 from=jimww@conversations.im jid=rbdduiktozne@movim.eu
time=2026-08-23T18:17:24.294+02:00 level=DEBUG msg="resynced omemo device list after PEP push" protocol=v1 from=jimww@conversations.im jid=rbdduiktozne@movim.eu
time=2026-08-23T18:17:24.488+02:00 level=DEBUG msg="makeNodeOpen: reconfigured to open access" node=urn:xmpp:omemo:2:bundles:454749576
time=2026-08-23T18:17:24.702+02:00 level=DEBUG msg="FetchOmemoDeviceList: fetched" peer=jimww@conversations.im count=2 devices="[454749576 1087746059]"
time=2026-08-23T18:17:24.702+02:00 level=DEBUG msg="omemo setup: local device ID and current device list" protocol=v2 jid=jimww@conversations.im local_device=454749576 devices="[454749576 1087746059]"
time=2026-08-23T18:17:24.702+02:00 level=DEBUG msg="omemo setup: publishing device list" protocol=v2 jid=jimww@conversations.im devices="[454749576 1087746059]"
time=2026-08-23T18:17:24.999+02:00 level=DEBUG msg="received omemo device-list PEP push" protocol=v2 from=jimww@conversations.im jid=rbdduiktozne@movim.eu
time=2026-08-23T18:17:25.138+02:00 level=DEBUG msg="FetchOmemoDeviceList: fetched" peer=jimww@conversations.im count=2 devices="[454749576 1087746059]"
time=2026-08-23T18:17:25.160+02:00 level=DEBUG msg="resynced omemo device list after PEP push" protocol=v2 from=jimww@conversations.im jid=rbdduiktozne@movim.eu
time=2026-08-23T18:17:25.205+02:00 level=DEBUG msg="makeNodeOpen: reconfigured to open access" node=urn:xmpp:omemo:2:devices
time=2026-08-23T18:17:25.408+02:00 level=DEBUG msg="FetchOmemoDeviceList: fetched" peer=jimww@conversations.im count=2 devices="[454749576 1087746059]"
time=2026-08-23T18:17:26.023+02:00 level=DEBUG msg="makeNodeOpen: reconfigured to open access" node=eu.siacs.conversations.axolotl.bundles:396492910
time=2026-08-23T18:17:26.198+02:00 level=DEBUG msg="FetchOmemoDeviceListV1: fetched" peer=jimww@conversations.im count=2 devices="[396492910 3519373093]"
time=2026-08-23T18:17:26.198+02:00 level=DEBUG msg="omemo setup: local device ID and current device list" protocol=v1 jid=jimww@conversations.im local_device=396492910 devices="[396492910 3519373093]"
time=2026-08-23T18:17:26.198+02:00 level=DEBUG msg="omemo setup: publishing device list" protocol=v1 jid=jimww@conversations.im devices="[396492910 3519373093]"
time=2026-08-23T18:17:26.433+02:00 level=DEBUG msg="received omemo device-list PEP push" protocol=v1 from=jimww@conversations.im jid=rbdduiktozne@movim.eu
time=2026-08-23T18:17:26.689+02:00 level=DEBUG msg="FetchOmemoDeviceListV1: fetched" peer=jimww@conversations.im count=2 devices="[396492910 3519373093]"
time=2026-08-23T18:17:26.710+02:00 level=DEBUG msg="resynced omemo device list after PEP push" protocol=v1 from=jimww@conversations.im jid=rbdduiktozne@movim.eu
time=2026-08-23T18:17:26.815+02:00 level=DEBUG msg="makeNodeOpen: reconfigured to open access" node=eu.siacs.conversations.axolotl.devicelist
time=2026-08-23T18:17:27.050+02:00 level=DEBUG msg="FetchOmemoDeviceListV1: fetched" peer=jimww@conversations.im count=2 devices="[396492910 3519373093]"
time=2026-08-23T18:17:27.430+02:00 level=DEBUG msg="FetchOmemoDeviceList: fetched" peer=rbdduiktozne@movim.eu count=2 devices="[3970042472 738931598]"
time=2026-08-23T18:17:27.661+02:00 level=DEBUG msg="FetchOmemoDeviceListV1: fetched" peer=rbdduiktozne@movim.eu count=4 devices="[652529220 1532489010 1215632555 281798428]"
time=2026-08-23T18:17:27.696+02:00 level=DEBUG msg="resynced omemo-v1 device list on connect" peer=rbdduiktozne@movim.eu jid=jimww@conversations.im
time=2026-08-23T18:17:28.044+02:00 level=DEBUG msg="FetchOmemoDeviceList: fetched" peer=jimww@conversations.im count=2 devices="[454749576 1087746059]"
time=2026-08-23T18:17:28.275+02:00 level=DEBUG msg="FetchOmemoDeviceListV1: fetched" peer=jimww@conversations.im count=2 devices="[396492910 3519373093]"
time=2026-08-23T18:17:28.295+02:00 level=DEBUG msg="resynced omemo-v1 device list on connect" peer=jimww@conversations.im jid=jimww@conversations.im
time=2026-08-23T18:17:28.295+02:00 level=DEBUG msg="account reconnected" jid=jimww@conversations.im
time=2026-08-23T18:17:28.296+02:00 level=DEBUG msg="syncArchive: contacts to check" jid=jimww@conversations.im contacts=2
time=2026-08-23T18:17:28.657+02:00 level=DEBUG msg="mam page fetched" jid=jimww@conversations.im peer=rbdduiktozne@movim.eu page=0 elapsed=361.58461ms after=1786145008487877 items=0 complete=false err=<nil>
time=2026-08-23T18:17:28.657+02:00 level=DEBUG msg="syncArchiveForContact done" jid=jimww@conversations.im peer=rbdduiktozne@movim.eu elapsed=361.712814ms
time=2026-08-23T18:17:28.993+02:00 level=DEBUG msg="mam page fetched" jid=jimww@conversations.im peer=jimww@conversations.im page=0 elapsed=335.581805ms after="" items=0 complete=false err=<nil>
time=2026-08-23T18:17:28.993+02:00 level=DEBUG msg="syncArchiveForContact done" jid=jimww@conversations.im peer=jimww@conversations.im elapsed=335.701979ms
time=2026-08-23T18:17:28.993+02:00 level=DEBUG msg="received omemo device-list PEP push" protocol=v1 from="" jid=jimww@conversations.im
time=2026-08-23T18:17:28.993+02:00 level=DEBUG msg="received omemo device-list PEP push" protocol=v2 from="" jid=jimww@conversations.im
time=2026-08-23T18:17:28.994+02:00 level=DEBUG msg="received omemo device-list PEP push" protocol=v1 from=rbdduiktozne@movim.eu jid=jimww@conversations.im
time=2026-08-23T18:17:28.994+02:00 level=DEBUG msg="received omemo device-list PEP push" protocol=v2 from=rbdduiktozne@movim.eu jid=jimww@conversations.im
time=2026-08-23T18:17:28.994+02:00 level=DEBUG msg="received omemo device-list PEP push" protocol=v1 from=rbdduiktozne@movim.eu jid=jimww@conversations.im
time=2026-08-23T18:17:28.994+02:00 level=DEBUG msg="received omemo device-list PEP push" protocol=v2 from=rbdduiktozne@movim.eu jid=jimww@conversations.im
time=2026-08-23T18:17:28.994+02:00 level=DEBUG msg="received omemo device-list PEP push" protocol=v1 from=rbdduiktozne@movim.eu jid=jimww@conversations.im
time=2026-08-23T18:17:28.994+02:00 level=DEBUG msg="received omemo device-list PEP push" protocol=v2 from=rbdduiktozne@movim.eu jid=jimww@conversations.im
time=2026-08-23T18:17:28.994+02:00 level=DEBUG msg="received omemo device-list PEP push" protocol=v2 from="" jid=jimww@conversations.im
time=2026-08-23T18:17:28.994+02:00 level=DEBUG msg="received omemo device-list PEP push" protocol=v1 from="" jid=jimww@conversations.im
time=2026-08-23T18:17:29.375+02:00 level=DEBUG msg="FetchOmemoDeviceListV1: fetched" peer=rbdduiktozne@movim.eu count=4 devices="[652529220 1532489010 1215632555 281798428]"
time=2026-08-23T18:17:29.376+02:00 level=DEBUG msg="FetchOmemoDeviceList: fetched" peer=rbdduiktozne@movim.eu count=2 devices="[3970042472 738931598]"
time=2026-08-23T18:17:29.376+02:00 level=DEBUG msg="FetchOmemoDeviceListV1: fetched" peer=rbdduiktozne@movim.eu count=4 devices="[652529220 1532489010 1215632555 281798428]"
time=2026-08-23T18:17:29.376+02:00 level=DEBUG msg="FetchOmemoDeviceListV1: fetched" peer=rbdduiktozne@movim.eu count=4 devices="[652529220 1532489010 1215632555 281798428]"
time=2026-08-23T18:17:29.377+02:00 level=DEBUG msg="FetchOmemoDeviceList: fetched" peer=rbdduiktozne@movim.eu count=2 devices="[3970042472 738931598]"
time=2026-08-23T18:17:29.377+02:00 level=DEBUG msg="FetchOmemoDeviceList: fetched" peer=rbdduiktozne@movim.eu count=2 devices="[3970042472 738931598]"
time=2026-08-23T18:17:29.430+02:00 level=DEBUG msg="resynced omemo device list after PEP push" protocol=v2 from=rbdduiktozne@movim.eu jid=jimww@conversations.im
time=2026-08-23T18:17:29.444+02:00 level=DEBUG msg="resynced omemo device list after PEP push" protocol=v1 from=rbdduiktozne@movim.eu jid=jimww@conversations.im
time=2026-08-23T18:17:29.451+02:00 level=DEBUG msg="resynced omemo device list after PEP push" protocol=v1 from=rbdduiktozne@movim.eu jid=jimww@conversations.im
time=2026-08-23T18:17:29.458+02:00 level=DEBUG msg="resynced omemo device list after PEP push" protocol=v2 from=rbdduiktozne@movim.eu jid=jimww@conversations.im
time=2026-08-23T18:17:29.459+02:00 level=DEBUG msg="resynced omemo device list after PEP push" protocol=v1 from=rbdduiktozne@movim.eu jid=jimww@conversations.im
time=2026-08-23T18:17:29.466+02:00 level=DEBUG msg="resynced omemo device list after PEP push" protocol=v2 from=rbdduiktozne@movim.eu jid=jimww@conversations.im
time=2026-08-23T18:19:20.697+02:00 level=DEBUG msg="focus state updated" accountJID=rbdduiktozne@movim.eu chatAddress=jimww@conversations.im focused=true key="rbdduiktozne@movim.eu\x00jimww@conversations.im"
time=2026-08-23T18:19:22.854+02:00 level=INFO msg="kage background service: SIGTERM received, shutting down"
time=2026-08-23T18:19:22.854+02:00 level=DEBUG msg="background: socket accept loop ended" err="accept unix /home/jim/.config/kage/kage.sock: use of closed network connection"
time=2026-08-23T18:19:22.879+02:00 level=INFO msg="kage background service: exiting"
time=2026-08-23T18:19:23.432+02:00 level=INFO msg="kage starting" version=0.5.0-cf31e60a399b2c1ad5901d48d79db416269171f9 log_file=/home/jim/.config/kage/debug.log
time=2026-08-23T18:19:23.494+02:00 level=INFO msg="kage starting" version=0.5.0-cf31e60a399b2c1ad5901d48d79db416269171f9 log_file=/home/jim/.config/kage/debug.log
time=2026-08-23T18:19:23.494+02:00 level=INFO msg="kage background service: starting version=0.5.0-cf31e60a399b2c1ad5901d48d79db416269171f9 for 2 account(s)"
time=2026-08-23T18:19:23.608+02:00 level=DEBUG msg="connectAccountLocal starting" jid=jimww@conversations.im
time=2026-08-23T18:19:23.608+02:00 level=DEBUG msg="connectAccountLocal starting" jid=rbdduiktozne@movim.eu
time=2026-08-23T18:19:23.609+02:00 level=DEBUG msg="local roster loaded" jid=jimww@conversations.im contacts=1
time=2026-08-23T18:19:23.609+02:00 level=DEBUG msg="local roster loaded" jid=rbdduiktozne@movim.eu contacts=3
time=2026-08-23T18:19:23.617+02:00 level=DEBUG msg="local roster loaded" jid=rbdduiktozne@movim.eu contacts=3
time=2026-08-23T18:19:23.635+02:00 level=DEBUG msg="loadHistoryWindow done" jid=jimww@conversations.im peer=rbdduiktozne@movim.eu elapsed=24.252381ms messages=60 more=true
time=2026-08-23T18:19:23.635+02:00 level=DEBUG msg="connectAccountLocal done" jid=jimww@conversations.im elapsed=26.27026ms chats=1
time=2026-08-23T18:19:23.635+02:00 level=DEBUG msg="loadHistoryWindow done" jid=rbdduiktozne@movim.eu peer=jimww@conversations.im elapsed=24.790008ms messages=60 more=true
time=2026-08-23T18:19:23.636+02:00 level=DEBUG msg="connectAccountLive starting" jid=jimww@conversations.im
time=2026-08-23T18:19:23.636+02:00 level=DEBUG msg="resolving password" jid=jimww@conversations.im
time=2026-08-23T18:19:23.640+02:00 level=DEBUG msg="loadHistoryWindow done" jid=rbdduiktozne@movim.eu peer=jimww@conversations.im elapsed=18.966792ms messages=60 more=true
time=2026-08-23T18:19:23.653+02:00 level=DEBUG msg="password resolved" jid=jimww@conversations.im elapsed=17.145968ms
time=2026-08-23T18:19:23.653+02:00 level=DEBUG msg=dialing jid=jimww@conversations.im
time=2026-08-23T18:19:23.656+02:00 level=DEBUG msg="loadHistoryWindow done" jid=rbdduiktozne@movim.eu peer=juliya@conversations.im elapsed=20.086929ms messages=60 more=true
time=2026-08-23T18:19:23.659+02:00 level=DEBUG msg="loadHistoryWindow done" jid=rbdduiktozne@movim.eu peer=juliya@conversations.im elapsed=18.24286ms messages=60 more=true
time=2026-08-23T18:19:23.672+02:00 level=DEBUG msg="loadHistoryWindow done" jid=rbdduiktozne@movim.eu peer=qr30bqqwv50lbb3x3tau@movim.eu elapsed=15.842319ms messages=60 more=true
time=2026-08-23T18:19:23.672+02:00 level=DEBUG msg="connectAccountLocal done" jid=rbdduiktozne@movim.eu elapsed=63.416671ms chats=3
time=2026-08-23T18:19:23.672+02:00 level=DEBUG msg="loadHistoryWindow done" jid=rbdduiktozne@movim.eu peer=qr30bqqwv50lbb3x3tau@movim.eu elapsed=12.981213ms messages=60 more=true
time=2026-08-23T18:19:23.672+02:00 level=DEBUG msg="local roster loaded" jid=jimww@conversations.im contacts=1
time=2026-08-23T18:19:23.674+02:00 level=DEBUG msg="connectAccountLive starting" jid=rbdduiktozne@movim.eu
time=2026-08-23T18:19:23.674+02:00 level=DEBUG msg="resolving password" jid=rbdduiktozne@movim.eu
time=2026-08-23T18:19:23.678+02:00 level=DEBUG msg="loadHistoryWindow done" jid=jimww@conversations.im peer=rbdduiktozne@movim.eu elapsed=5.220951ms messages=60 more=true
time=2026-08-23T18:19:23.693+02:00 level=DEBUG msg="password resolved" jid=rbdduiktozne@movim.eu elapsed=18.375137ms
time=2026-08-23T18:19:23.693+02:00 level=DEBUG msg=dialing jid=rbdduiktozne@movim.eu
time=2026-08-23T18:19:23.723+02:00 level=DEBUG msg="focus state updated" accountJID=rbdduiktozne@movim.eu chatAddress=jimww@conversations.im focused=true key="rbdduiktozne@movim.eu\x00jimww@conversations.im"
time=2026-08-23T18:19:25.384+02:00 level=DEBUG msg=dialed jid=jimww@conversations.im elapsed=1.731112332s
time=2026-08-23T18:19:25.384+02:00 level=DEBUG msg="publishOwnGPGKey starting" jid=jimww@conversations.im
time=2026-08-23T18:19:25.384+02:00 level=DEBUG msg="gpg: running" args="[--batch --export 84E78B81883125DEF4FFBD7735AE71B304C67013]" stdin_bytes=0 timeout=10s
time=2026-08-23T18:19:25.393+02:00 level=DEBUG msg="gpg: finished" args="[--batch --export 84E78B81883125DEF4FFBD7735AE71B304C67013]" elapsed=8.718774ms err=<nil>
time=2026-08-23T18:19:25.619+02:00 level=DEBUG msg="focus state updated" accountJID="" chatAddress="" focused=true key=""
time=2026-08-23T18:19:25.682+02:00 level=DEBUG msg=dialed jid=rbdduiktozne@movim.eu elapsed=1.988633389s
time=2026-08-23T18:19:25.682+02:00 level=DEBUG msg="publishOwnGPGKey starting" jid=rbdduiktozne@movim.eu
time=2026-08-23T18:19:25.682+02:00 level=DEBUG msg="gpg: running" args="[--batch --export 84E78B81883125DEF4FFBD7735AE71B304C67013]" stdin_bytes=0 timeout=10s
time=2026-08-23T18:19:25.689+02:00 level=DEBUG msg="gpg: finished" args="[--batch --export 84E78B81883125DEF4FFBD7735AE71B304C67013]" elapsed=7.477771ms err=<nil>
time=2026-08-23T18:19:26.117+02:00 level=DEBUG msg="makeNodeOpen: reconfigured to open access" node=urn:xmpp:openpgp:0:public-keys:84E78B81883125DEF4FFBD7735AE71B304C67013
time=2026-08-23T18:19:26.500+02:00 level=DEBUG msg="makeNodeOpen: reconfigured to open access" node=urn:xmpp:openpgp:0:public-keys:84E78B81883125DEF4FFBD7735AE71B304C67013
time=2026-08-23T18:19:26.689+02:00 level=DEBUG msg="makeNodeOpen: reconfigured to open access" node=urn:xmpp:openpgp:0:public-keys
time=2026-08-23T18:19:26.689+02:00 level=DEBUG msg="publishOwnGPGKey done" jid=jimww@conversations.im elapsed=1.304206329s
time=2026-08-23T18:19:26.689+02:00 level=DEBUG msg="setupOmemo starting" jid=jimww@conversations.im
time=2026-08-23T18:19:26.935+02:00 level=DEBUG msg="makeNodeOpen: reconfigured to open access" node=urn:xmpp:openpgp:0:public-keys
time=2026-08-23T18:19:26.935+02:00 level=DEBUG msg="publishOwnGPGKey done" jid=rbdduiktozne@movim.eu elapsed=1.253685718s
time=2026-08-23T18:19:26.935+02:00 level=DEBUG msg="setupOmemo starting" jid=rbdduiktozne@movim.eu
time=2026-08-23T18:19:26.990+02:00 level=DEBUG msg="makeNodeOpen: reconfigured to open access" node=urn:xmpp:omemo:2:bundles:454749576
time=2026-08-23T18:19:27.114+02:00 level=DEBUG msg="makeNodeOpen: reconfigured to open access" node=urn:xmpp:omemo:2:bundles:3970042472
time=2026-08-23T18:19:27.114+02:00 level=DEBUG msg="FetchOmemoDeviceList: fetched" peer=jimww@conversations.im count=2 devices="[454749576 1087746059]"
time=2026-08-23T18:19:27.114+02:00 level=DEBUG msg="omemo setup: local device ID and current device list" protocol=v2 jid=jimww@conversations.im local_device=454749576 devices="[454749576 1087746059]"
time=2026-08-23T18:19:27.114+02:00 level=DEBUG msg="omemo setup: publishing device list" protocol=v2 jid=jimww@conversations.im devices="[454749576 1087746059]"
time=2026-08-23T18:19:27.344+02:00 level=DEBUG msg="FetchOmemoDeviceList: fetched" peer=rbdduiktozne@movim.eu count=2 devices="[3970042472 738931598]"
time=2026-08-23T18:19:27.344+02:00 level=DEBUG msg="omemo setup: local device ID and current device list" protocol=v2 jid=rbdduiktozne@movim.eu local_device=3970042472 devices="[3970042472 738931598]"
time=2026-08-23T18:19:27.345+02:00 level=DEBUG msg="omemo setup: publishing device list" protocol=v2 jid=rbdduiktozne@movim.eu devices="[3970042472 738931598]"
time=2026-08-23T18:19:27.728+02:00 level=DEBUG msg="makeNodeOpen: reconfigured to open access" node=urn:xmpp:omemo:2:devices
time=2026-08-23T18:19:27.929+02:00 level=DEBUG msg="makeNodeOpen: reconfigured to open access" node=urn:xmpp:omemo:2:devices
time=2026-08-23T18:19:27.929+02:00 level=DEBUG msg="FetchOmemoDeviceList: fetched" peer=jimww@conversations.im count=2 devices="[454749576 1087746059]"
time=2026-08-23T18:19:27.974+02:00 level=DEBUG msg="FetchOmemoDeviceList: fetched" peer=rbdduiktozne@movim.eu count=2 devices="[3970042472 738931598]"
time=2026-08-23T18:19:28.546+02:00 level=DEBUG msg="makeNodeOpen: reconfigured to open access" node=eu.siacs.conversations.axolotl.bundles:1215632555
time=2026-08-23T18:19:28.546+02:00 level=DEBUG msg="makeNodeOpen: reconfigured to open access" node=eu.siacs.conversations.axolotl.bundles:396492910
time=2026-08-23T18:19:28.675+02:00 level=DEBUG msg="FetchOmemoDeviceListV1: fetched" peer=rbdduiktozne@movim.eu count=4 devices="[652529220 1532489010 1215632555 281798428]"
time=2026-08-23T18:19:28.675+02:00 level=DEBUG msg="FetchOmemoDeviceListV1: fetched" peer=jimww@conversations.im count=2 devices="[396492910 3519373093]"
time=2026-08-23T18:19:28.675+02:00 level=DEBUG msg="omemo setup: local device ID and current device list" protocol=v1 jid=rbdduiktozne@movim.eu local_device=1215632555 devices="[652529220 1532489010 1215632555 281798428]"
time=2026-08-23T18:19:28.675+02:00 level=DEBUG msg="omemo setup: publishing device list" protocol=v1 jid=rbdduiktozne@movim.eu devices="[652529220 1532489010 1215632555 281798428]"
time=2026-08-23T18:19:28.675+02:00 level=DEBUG msg="omemo setup: local device ID and current device list" protocol=v1 jid=jimww@conversations.im local_device=396492910 devices="[396492910 3519373093]"
time=2026-08-23T18:19:28.676+02:00 level=DEBUG msg="omemo setup: publishing device list" protocol=v1 jid=jimww@conversations.im devices="[396492910 3519373093]"
time=2026-08-23T18:19:28.832+02:00 level=DEBUG msg="makeNodeOpen: reconfigured to open access" node=eu.siacs.conversations.axolotl.devicelist
time=2026-08-23T18:19:28.838+02:00 level=DEBUG msg="makeNodeOpen: reconfigured to open access" node=eu.siacs.conversations.axolotl.devicelist
time=2026-08-23T18:19:28.880+02:00 level=DEBUG msg="FetchOmemoDeviceListV1: fetched" peer=jimww@conversations.im count=2 devices="[396492910 3519373093]"
time=2026-08-23T18:19:28.880+02:00 level=DEBUG msg="FetchOmemoDeviceListV1: fetched" peer=rbdduiktozne@movim.eu count=4 devices="[652529220 1532489010 1215632555 281798428]"
time=2026-08-23T18:19:28.923+02:00 level=DEBUG msg="setupOmemo done" jid=jimww@conversations.im elapsed=2.233826416s
time=2026-08-23T18:19:28.923+02:00 level=DEBUG msg="fetching live roster" jid=jimww@conversations.im
time=2026-08-23T18:19:28.943+02:00 level=DEBUG msg="setupOmemo done" jid=rbdduiktozne@movim.eu elapsed=2.007120005s
time=2026-08-23T18:19:28.943+02:00 level=DEBUG msg="fetching live roster" jid=rbdduiktozne@movim.eu
time=2026-08-23T18:19:28.970+02:00 level=DEBUG msg="live roster fetched" jid=jimww@conversations.im elapsed=47.763691ms contacts=1
time=2026-08-23T18:19:28.982+02:00 level=DEBUG msg="live roster fetched" jid=rbdduiktozne@movim.eu elapsed=39.0557ms contacts=3
time=2026-08-23T18:19:29.047+02:00 level=DEBUG msg="FetchOmemoDeviceList: fetched" peer=jimww@conversations.im count=2 devices="[454749576 1087746059]"
time=2026-08-23T18:19:29.066+02:00 level=DEBUG msg="FetchOmemoDeviceList: fetched" peer=rbdduiktozne@movim.eu count=2 devices="[3970042472 738931598]"
time=2026-08-23T18:19:29.145+02:00 level=DEBUG msg="FetchOmemoDeviceListV1: fetched" peer=jimww@conversations.im count=2 devices="[396492910 3519373093]"
time=2026-08-23T18:19:29.165+02:00 level=DEBUG msg="resynced omemo-v1 device list on connect" peer=jimww@conversations.im jid=rbdduiktozne@movim.eu
time=2026-08-23T18:19:29.190+02:00 level=DEBUG msg="FetchOmemoDeviceListV1: fetched" peer=rbdduiktozne@movim.eu count=4 devices="[652529220 1532489010 1215632555 281798428]"
time=2026-08-23T18:19:29.224+02:00 level=DEBUG msg="resynced omemo-v1 device list on connect" peer=rbdduiktozne@movim.eu jid=jimww@conversations.im
time=2026-08-23T18:19:29.224+02:00 level=DEBUG msg="connectAccountLive done" jid=jimww@conversations.im elapsed=5.58796398s new_chats=0
time=2026-08-23T18:19:29.224+02:00 level=DEBUG msg="syncArchive starting" jid=jimww@conversations.im
time=2026-08-23T18:19:29.225+02:00 level=DEBUG msg="received omemo device-list PEP push" protocol=v1 from="" jid=jimww@conversations.im
time=2026-08-23T18:19:29.225+02:00 level=DEBUG msg="received omemo device-list PEP push" protocol=v2 from="" jid=jimww@conversations.im
time=2026-08-23T18:19:29.225+02:00 level=DEBUG msg="syncArchive: contacts to check" jid=jimww@conversations.im contacts=2
time=2026-08-23T18:19:29.225+02:00 level=DEBUG msg="received omemo device-list PEP push" protocol=v1 from=rbdduiktozne@movim.eu jid=jimww@conversations.im
time=2026-08-23T18:19:29.225+02:00 level=DEBUG msg="received omemo device-list PEP push" protocol=v2 from=rbdduiktozne@movim.eu jid=jimww@conversations.im
time=2026-08-23T18:19:29.225+02:00 level=DEBUG msg="received omemo device-list PEP push" protocol=v1 from=rbdduiktozne@movim.eu jid=jimww@conversations.im
time=2026-08-23T18:19:29.225+02:00 level=DEBUG msg="received omemo device-list PEP push" protocol=v2 from=rbdduiktozne@movim.eu jid=jimww@conversations.im
time=2026-08-23T18:19:29.225+02:00 level=DEBUG msg="received omemo device-list PEP push" protocol=v1 from=rbdduiktozne@movim.eu jid=jimww@conversations.im
time=2026-08-23T18:19:29.225+02:00 level=DEBUG msg="received omemo device-list PEP push" protocol=v2 from=rbdduiktozne@movim.eu jid=jimww@conversations.im
time=2026-08-23T18:19:29.225+02:00 level=DEBUG msg="received omemo device-list PEP push" protocol=v2 from="" jid=jimww@conversations.im
time=2026-08-23T18:19:29.225+02:00 level=DEBUG msg="received omemo device-list PEP push" protocol=v2 from=rbdduiktozne@movim.eu jid=jimww@conversations.im
time=2026-08-23T18:19:29.225+02:00 level=DEBUG msg="received omemo device-list PEP push" protocol=v1 from="" jid=jimww@conversations.im
time=2026-08-23T18:19:29.225+02:00 level=DEBUG msg="received omemo device-list PEP push" protocol=v1 from=rbdduiktozne@movim.eu jid=jimww@conversations.im
time=2026-08-23T18:19:29.329+02:00 level=DEBUG msg="FetchOmemoDeviceListV1: fetched" peer=juliya@conversations.im count=1 devices=[80731641]
time=2026-08-23T18:19:29.339+02:00 level=DEBUG msg="mam page fetched" jid=jimww@conversations.im peer=jimww@conversations.im page=0 elapsed=114.089014ms after="" items=0 complete=false err=<nil>
time=2026-08-23T18:19:29.339+02:00 level=DEBUG msg="syncArchiveForContact done" jid=jimww@conversations.im peer=jimww@conversations.im elapsed=114.201895ms
time=2026-08-23T18:19:29.345+02:00 level=DEBUG msg="FetchOmemoDeviceListV1: fetched" peer=rbdduiktozne@movim.eu count=4 devices="[652529220 1532489010 1215632555 281798428]"
time=2026-08-23T18:19:29.345+02:00 level=DEBUG msg="FetchOmemoDeviceList: fetched" peer=rbdduiktozne@movim.eu count=2 devices="[3970042472 738931598]"
time=2026-08-23T18:19:29.345+02:00 level=DEBUG msg="FetchOmemoDeviceListV1: fetched" peer=rbdduiktozne@movim.eu count=4 devices="[652529220 1532489010 1215632555 281798428]"
time=2026-08-23T18:19:29.346+02:00 level=DEBUG msg="FetchOmemoDeviceList: fetched" peer=rbdduiktozne@movim.eu count=2 devices="[3970042472 738931598]"
time=2026-08-23T18:19:29.349+02:00 level=DEBUG msg="FetchOmemoDeviceListV1: fetched" peer=rbdduiktozne@movim.eu count=4 devices="[652529220 1532489010 1215632555 281798428]"
time=2026-08-23T18:19:29.349+02:00 level=DEBUG msg="FetchOmemoDeviceList: fetched" peer=rbdduiktozne@movim.eu count=2 devices="[3970042472 738931598]"
time=2026-08-23T18:19:29.349+02:00 level=DEBUG msg="FetchOmemoDeviceListV1: fetched" peer=rbdduiktozne@movim.eu count=4 devices="[652529220 1532489010 1215632555 281798428]"
time=2026-08-23T18:19:29.349+02:00 level=DEBUG msg="FetchOmemoDeviceList: fetched" peer=rbdduiktozne@movim.eu count=2 devices="[3970042472 738931598]"
time=2026-08-23T18:19:29.350+02:00 level=DEBUG msg="resynced omemo-v1 device list on connect" peer=juliya@conversations.im jid=rbdduiktozne@movim.eu
time=2026-08-23T18:19:29.422+02:00 level=DEBUG msg="FetchOmemoDeviceList: fetched" peer=qr30bqqwv50lbb3x3tau@movim.eu count=9 devices="[3546796710 543807001 1136287838 804539282 766575397 1069781368 3439252694 3095662882 1110435295]"
time=2026-08-23T18:19:29.423+02:00 level=DEBUG msg="resynced omemo device list after PEP push" protocol=v2 from=rbdduiktozne@movim.eu jid=jimww@conversations.im
time=2026-08-23T18:19:29.423+02:00 level=DEBUG msg="resynced omemo device list after PEP push" protocol=v2 from=rbdduiktozne@movim.eu jid=jimww@conversations.im
time=2026-08-23T18:19:29.438+02:00 level=DEBUG msg="mam page fetched" jid=jimww@conversations.im peer=rbdduiktozne@movim.eu page=0 elapsed=99.24132ms after=1786145008487877 items=0 complete=false err=<nil>
time=2026-08-23T18:19:29.438+02:00 level=DEBUG msg="syncArchiveForContact done" jid=jimww@conversations.im peer=rbdduiktozne@movim.eu elapsed=99.350361ms
time=2026-08-23T18:19:29.439+02:00 level=DEBUG msg="syncArchive done" jid=jimww@conversations.im elapsed=214.039801ms
time=2026-08-23T18:19:29.457+02:00 level=DEBUG msg="resynced omemo device list after PEP push" protocol=v2 from=rbdduiktozne@movim.eu jid=jimww@conversations.im
time=2026-08-23T18:19:29.463+02:00 level=DEBUG msg="resynced omemo device list after PEP push" protocol=v1 from=rbdduiktozne@movim.eu jid=jimww@conversations.im
time=2026-08-23T18:19:29.463+02:00 level=DEBUG msg="resynced omemo device list after PEP push" protocol=v1 from=rbdduiktozne@movim.eu jid=jimww@conversations.im
time=2026-08-23T18:19:29.470+02:00 level=DEBUG msg="resynced omemo device list after PEP push" protocol=v1 from=rbdduiktozne@movim.eu jid=jimww@conversations.im
time=2026-08-23T18:19:29.477+02:00 level=DEBUG msg="resynced omemo device list after PEP push" protocol=v1 from=rbdduiktozne@movim.eu jid=jimww@conversations.im
time=2026-08-23T18:19:29.484+02:00 level=DEBUG msg="resynced omemo device list after PEP push" protocol=v2 from=rbdduiktozne@movim.eu jid=jimww@conversations.im
time=2026-08-23T18:19:29.598+02:00 level=DEBUG msg="FetchOmemoDeviceListV1: fetched" peer=qr30bqqwv50lbb3x3tau@movim.eu count=7 devices="[1041050623 99377310 406890504 465880925 1294895317 1689625064 1425664679]"
time=2026-08-23T18:19:29.653+02:00 level=DEBUG msg="resynced omemo-v1 device list on connect" peer=qr30bqqwv50lbb3x3tau@movim.eu jid=rbdduiktozne@movim.eu
time=2026-08-23T18:19:29.653+02:00 level=DEBUG msg="connectAccountLive done" jid=rbdduiktozne@movim.eu elapsed=5.979083318s new_chats=0
time=2026-08-23T18:19:29.654+02:00 level=DEBUG msg="syncArchive starting" jid=rbdduiktozne@movim.eu
time=2026-08-23T18:19:29.654+02:00 level=DEBUG msg="syncArchive: contacts to check" jid=rbdduiktozne@movim.eu contacts=4
time=2026-08-23T18:19:29.654+02:00 level=DEBUG msg="received omemo device-list PEP push" protocol=v1 from=qr30bqqwv50lbb3x3tau@movim.eu jid=rbdduiktozne@movim.eu
time=2026-08-23T18:19:29.654+02:00 level=DEBUG msg="received omemo device-list PEP push" protocol=v2 from=qr30bqqwv50lbb3x3tau@movim.eu jid=rbdduiktozne@movim.eu
time=2026-08-23T18:19:29.654+02:00 level=DEBUG msg="received omemo device-list PEP push" protocol=v1 from="" jid=rbdduiktozne@movim.eu
time=2026-08-23T18:19:29.654+02:00 level=DEBUG msg="received omemo device-list PEP push" protocol=v2 from="" jid=rbdduiktozne@movim.eu
time=2026-08-23T18:19:29.654+02:00 level=DEBUG msg="received omemo device-list PEP push" protocol=v1 from=juliya@conversations.im jid=rbdduiktozne@movim.eu
time=2026-08-23T18:19:29.655+02:00 level=DEBUG msg="received omemo device-list PEP push" protocol=v1 from=jimww@conversations.im jid=rbdduiktozne@movim.eu
time=2026-08-23T18:19:29.655+02:00 level=DEBUG msg="received omemo device-list PEP push" protocol=v2 from=jimww@conversations.im jid=rbdduiktozne@movim.eu
time=2026-08-23T18:19:29.655+02:00 level=DEBUG msg="received omemo device-list PEP push" protocol=v1 from=jimww@conversations.im jid=rbdduiktozne@movim.eu
time=2026-08-23T18:19:29.655+02:00 level=DEBUG msg="received omemo device-list PEP push" protocol=v2 from=jimww@conversations.im jid=rbdduiktozne@movim.eu
time=2026-08-23T18:19:29.655+02:00 level=DEBUG msg="received omemo device-list PEP push" protocol=v2 from=jimww@conversations.im jid=rbdduiktozne@movim.eu
time=2026-08-23T18:19:29.655+02:00 level=DEBUG msg="received omemo device-list PEP push" protocol=v2 from="" jid=rbdduiktozne@movim.eu
time=2026-08-23T18:19:29.655+02:00 level=DEBUG msg="received omemo device-list PEP push" protocol=v1 from="" jid=rbdduiktozne@movim.eu
time=2026-08-23T18:19:29.655+02:00 level=DEBUG msg="received omemo device-list PEP push" protocol=v1 from=jimww@conversations.im jid=rbdduiktozne@movim.eu
time=2026-08-23T18:19:29.841+02:00 level=DEBUG msg="received omemo device-list PEP push" protocol=v1 from=qr30bqqwv50lbb3x3tau@movim.eu jid=rbdduiktozne@movim.eu
time=2026-08-23T18:19:29.842+02:00 level=DEBUG msg="received omemo device-list PEP push" protocol=v2 from=qr30bqqwv50lbb3x3tau@movim.eu jid=rbdduiktozne@movim.eu
time=2026-08-23T18:19:29.940+02:00 level=DEBUG msg="mam page fetched" jid=rbdduiktozne@movim.eu peer=qr30bqqwv50lbb3x3tau@movim.eu page=0 elapsed=285.854096ms after=1780827424944565 items=0 complete=false err=<nil>
time=2026-08-23T18:19:29.940+02:00 level=DEBUG msg="syncArchiveForContact done" jid=rbdduiktozne@movim.eu peer=qr30bqqwv50lbb3x3tau@movim.eu elapsed=285.966279ms
time=2026-08-23T18:19:29.943+02:00 level=DEBUG msg="FetchOmemoDeviceList: fetched" peer=qr30bqqwv50lbb3x3tau@movim.eu count=9 devices="[3546796710 543807001 1136287838 804539282 766575397 1069781368 3439252694 3095662882 1110435295]"
time=2026-08-23T18:19:29.943+02:00 level=DEBUG msg="FetchOmemoDeviceListV1: fetched" peer=qr30bqqwv50lbb3x3tau@movim.eu count=7 devices="[1041050623 99377310 406890504 465880925 1294895317 1689625064 1425664679]"
time=2026-08-23T18:19:29.943+02:00 level=DEBUG msg="FetchOmemoDeviceListV1: fetched" peer=juliya@conversations.im count=1 devices=[80731641]
time=2026-08-23T18:19:29.944+02:00 level=DEBUG msg="FetchOmemoDeviceList: fetched" peer=qr30bqqwv50lbb3x3tau@movim.eu count=9 devices="[3546796710 543807001 1136287838 804539282 766575397 1069781368 3439252694 3095662882 1110435295]"
time=2026-08-23T18:19:29.944+02:00 level=DEBUG msg="FetchOmemoDeviceListV1: fetched" peer=qr30bqqwv50lbb3x3tau@movim.eu count=7 devices="[1041050623 99377310 406890504 465880925 1294895317 1689625064 1425664679]"
time=2026-08-23T18:19:29.944+02:00 level=DEBUG msg="FetchOmemoDeviceListV1: fetched" peer=jimww@conversations.im count=2 devices="[396492910 3519373093]"
time=2026-08-23T18:19:29.944+02:00 level=DEBUG msg="FetchOmemoDeviceList: fetched" peer=jimww@conversations.im count=2 devices="[454749576 1087746059]"
time=2026-08-23T18:19:29.944+02:00 level=DEBUG msg="FetchOmemoDeviceList: fetched" peer=jimww@conversations.im count=2 devices="[454749576 1087746059]"
time=2026-08-23T18:19:29.945+02:00 level=DEBUG msg="FetchOmemoDeviceList: fetched" peer=jimww@conversations.im count=2 devices="[454749576 1087746059]"
time=2026-08-23T18:19:29.945+02:00 level=DEBUG msg="FetchOmemoDeviceListV1: fetched" peer=jimww@conversations.im count=2 devices="[396492910 3519373093]"
time=2026-08-23T18:19:29.945+02:00 level=DEBUG msg="FetchOmemoDeviceListV1: fetched" peer=jimww@conversations.im count=2 devices="[396492910 3519373093]"
time=2026-08-23T18:19:30.033+02:00 level=DEBUG msg="resynced omemo device list after PEP push" protocol=v1 from=jimww@conversations.im jid=rbdduiktozne@movim.eu
time=2026-08-23T18:19:30.054+02:00 level=DEBUG msg="resynced omemo device list after PEP push" protocol=v1 from=juliya@conversations.im jid=rbdduiktozne@movim.eu
time=2026-08-23T18:19:30.064+02:00 level=DEBUG msg="mam page fetched" jid=rbdduiktozne@movim.eu peer=rbdduiktozne@movim.eu page=0 elapsed=123.656529ms after="" items=0 complete=false err=<nil>
time=2026-08-23T18:19:30.064+02:00 level=DEBUG msg="syncArchiveForContact done" jid=rbdduiktozne@movim.eu peer=rbdduiktozne@movim.eu elapsed=123.744837ms
time=2026-08-23T18:19:30.068+02:00 level=DEBUG msg="resynced omemo device list after PEP push" protocol=v2 from=jimww@conversations.im jid=rbdduiktozne@movim.eu
time=2026-08-23T18:19:30.095+02:00 level=DEBUG msg="resynced omemo device list after PEP push" protocol=v1 from=jimww@conversations.im jid=rbdduiktozne@movim.eu
time=2026-08-23T18:19:30.108+02:00 level=DEBUG msg="resynced omemo device list after PEP push" protocol=v2 from=jimww@conversations.im jid=rbdduiktozne@movim.eu
time=2026-08-23T18:19:30.115+02:00 level=DEBUG msg="resynced omemo device list after PEP push" protocol=v1 from=jimww@conversations.im jid=rbdduiktozne@movim.eu
time=2026-08-23T18:19:30.129+02:00 level=DEBUG msg="resynced omemo device list after PEP push" protocol=v2 from=jimww@conversations.im jid=rbdduiktozne@movim.eu
time=2026-08-23T18:19:30.139+02:00 level=DEBUG msg="mam page fetched" jid=rbdduiktozne@movim.eu peer=jimww@conversations.im page=0 elapsed=74.749943ms after=1786145008477310 items=0 complete=false err=<nil>
time=2026-08-23T18:19:30.139+02:00 level=DEBUG msg="syncArchiveForContact done" jid=rbdduiktozne@movim.eu peer=jimww@conversations.im elapsed=74.876578ms
time=2026-08-23T18:19:30.171+02:00 level=DEBUG msg="resynced omemo device list after PEP push" protocol=v1 from=qr30bqqwv50lbb3x3tau@movim.eu jid=rbdduiktozne@movim.eu
time=2026-08-23T18:19:30.186+02:00 level=DEBUG msg="resynced omemo device list after PEP push" protocol=v2 from=qr30bqqwv50lbb3x3tau@movim.eu jid=rbdduiktozne@movim.eu
time=2026-08-23T18:19:30.186+02:00 level=DEBUG msg="resynced omemo device list after PEP push" protocol=v1 from=qr30bqqwv50lbb3x3tau@movim.eu jid=rbdduiktozne@movim.eu
time=2026-08-23T18:19:30.186+02:00 level=DEBUG msg="resynced omemo device list after PEP push" protocol=v2 from=qr30bqqwv50lbb3x3tau@movim.eu jid=rbdduiktozne@movim.eu
time=2026-08-23T18:19:30.235+02:00 level=DEBUG msg="mam page fetched" jid=rbdduiktozne@movim.eu peer=juliya@conversations.im page=0 elapsed=96.166646ms after=1781027641892659 items=0 complete=false err=<nil>
time=2026-08-23T18:19:30.235+02:00 level=DEBUG msg="syncArchiveForContact done" jid=rbdduiktozne@movim.eu peer=juliya@conversations.im elapsed=96.27164ms
time=2026-08-23T18:19:30.235+02:00 level=DEBUG msg="syncArchive done" jid=rbdduiktozne@movim.eu elapsed=581.253265ms
time=2026-08-23T18:19:43.893+02:00 level=DEBUG msg="focus state updated" accountJID=jimww@conversations.im chatAddress=rbdduiktozne@movim.eu focused=true key="jimww@conversations.im\x00rbdduiktozne@movim.eu"
time=2026-08-23T18:19:44.121+02:00 level=DEBUG msg="focus state updated" accountJID="" chatAddress="" focused=true key=""
time=2026-08-23T18:19:45.423+02:00 level=DEBUG msg="focus state updated" accountJID=rbdduiktozne@movim.eu chatAddress=jimww@conversations.im focused=true key="rbdduiktozne@movim.eu\x00jimww@conversations.im"
time=2026-08-23T18:19:47.261+02:00 level=DEBUG msg="send: using omemo encryption" protocol=v1 jid=rbdduiktozne@movim.eu to=jimww@conversations.im
time=2026-08-23T18:19:47.309+02:00 level=DEBUG msg="send: omemo encrypt succeeded" protocol=v1 jid=rbdduiktozne@movim.eu to=jimww@conversations.im keys=5
time=2026-08-23T18:19:47.378+02:00 level=DEBUG msg="received omemo message" from=rbdduiktozne@movim.eu/227130849620207195728951938 jid=jimww@conversations.im
time=2026-08-23T18:19:47.385+02:00 level=DEBUG msg="omemo message decrypted successfully" from=rbdduiktozne@movim.eu/227130849620207195728951938
time=2026-08-23T18:19:47.400+02:00 level=DEBUG msg="notify decision" incomingKey="jimww@conversations.im\x00rbdduiktozne@movim.eu" tuiFocused=true tuiActiveChat="rbdduiktozne@movim.eu\x00jimww@conversations.im" chatIsFocused=false notifyEnabled=true decryptFailed=false outgoing=false
time=2026-08-23T18:19:49.910+02:00 level=DEBUG msg="focus state updated" accountJID=rbdduiktozne@movim.eu chatAddress=jimww@conversations.im focused=false key="rbdduiktozne@movim.eu\x00jimww@conversations.im"
time=2026-08-23T18:19:52.765+02:00 level=DEBUG msg="focus state updated" accountJID=rbdduiktozne@movim.eu chatAddress=jimww@conversations.im focused=true key="rbdduiktozne@movim.eu\x00jimww@conversations.im"
time=2026-08-23T18:19:52.854+02:00 level=DEBUG msg="focus state updated" accountJID="" chatAddress="" focused=true key=""
time=2026-08-23T18:19:53.218+02:00 level=DEBUG msg="focus state updated" accountJID=rbdduiktozne@movim.eu chatAddress=qr30bqqwv50lbb3x3tau@movim.eu focused=true key="rbdduiktozne@movim.eu\x00qr30bqqwv50lbb3x3tau@movim.eu"
time=2026-08-23T18:19:53.357+02:00 level=DEBUG msg="focus state updated" accountJID="" chatAddress="" focused=true key=""
time=2026-08-23T18:19:53.578+02:00 level=DEBUG msg="focus state updated" accountJID=rbdduiktozne@movim.eu chatAddress=qr30bqqwv50lbb3x3tau@movim.eu focused=true key="rbdduiktozne@movim.eu\x00qr30bqqwv50lbb3x3tau@movim.eu"
time=2026-08-23T18:20:02.085+02:00 level=DEBUG msg="send: using omemo encryption" protocol=v1 jid=rbdduiktozne@movim.eu to=qr30bqqwv50lbb3x3tau@movim.eu
time=2026-08-23T18:20:02.176+02:00 level=DEBUG msg="send: omemo encrypt succeeded" protocol=v1 jid=rbdduiktozne@movim.eu to=qr30bqqwv50lbb3x3tau@movim.eu keys=10
time=2026-08-23T18:20:09.869+02:00 level=DEBUG msg="focus state updated" accountJID="" chatAddress="" focused=true key=""
time=2026-08-23T18:20:17.032+02:00 level=DEBUG msg="focus state updated" accountJID=rbdduiktozne@movim.eu chatAddress=jimww@conversations.im focused=true key="rbdduiktozne@movim.eu\x00jimww@conversations.im"
time=2026-08-23T18:20:25.706+02:00 level=DEBUG msg="focus state updated" accountJID="" chatAddress="" focused=true key=""
time=2026-08-23T18:20:27.144+02:00 level=DEBUG msg="focus state updated" accountJID=jimww@conversations.im chatAddress=rbdduiktozne@movim.eu focused=true key="jimww@conversations.im\x00rbdduiktozne@movim.eu"
time=2026-08-23T18:20:27.192+02:00 level=DEBUG msg="focus state updated" accountJID="" chatAddress="" focused=true key=""
time=2026-08-23T18:20:28.942+02:00 level=DEBUG msg="focus state updated" accountJID=jimww@conversations.im chatAddress=rbdduiktozne@movim.eu focused=true key="jimww@conversations.im\x00rbdduiktozne@movim.eu"
time=2026-08-23T18:20:29.318+02:00 level=DEBUG msg="focus state updated" accountJID="" chatAddress="" focused=true key=""
time=2026-08-23T18:20:30.815+02:00 level=INFO msg="kage background service: reload: re-read config (2 accounts)"
time=2026-08-23T18:20:30.969+02:00 level=DEBUG msg="focus state updated" accountJID=jimww@conversations.im chatAddress=rbdduiktozne@movim.eu focused=true key="jimww@conversations.im\x00rbdduiktozne@movim.eu"
time=2026-08-23T18:20:31.087+02:00 level=DEBUG msg="focus state updated" accountJID="" chatAddress="" focused=true key=""
time=2026-08-23T18:20:33.653+02:00 level=DEBUG msg="focus state updated" accountJID=rbdduiktozne@movim.eu chatAddress=jimww@conversations.im focused=true key="rbdduiktozne@movim.eu\x00jimww@conversations.im"
time=2026-08-23T18:20:37.964+02:00 level=DEBUG msg="send: using omemo encryption" protocol=v1 jid=rbdduiktozne@movim.eu to=jimww@conversations.im
time=2026-08-23T18:20:38.012+02:00 level=DEBUG msg="send: omemo encrypt succeeded" protocol=v1 jid=rbdduiktozne@movim.eu to=jimww@conversations.im keys=5
time=2026-08-23T18:20:39.654+02:00 level=DEBUG msg="focus state updated" accountJID="" chatAddress="" focused=true key=""
time=2026-08-23T18:20:39.660+02:00 level=DEBUG msg="focus state updated" accountJID=rbdduiktozne@movim.eu chatAddress=jimww@conversations.im focused=true key="rbdduiktozne@movim.eu\x00jimww@conversations.im"
time=2026-08-23T18:20:39.700+02:00 level=DEBUG msg="focus state updated" accountJID="" chatAddress="" focused=true key=""
time=2026-08-23T18:20:42.995+02:00 level=DEBUG msg="resolving password" jid=jimww@conversations.im
time=2026-08-23T18:20:42.995+02:00 level=INFO msg="kage background service: reload: re-read config (2 accounts)"
time=2026-08-23T18:20:43.012+02:00 level=DEBUG msg="password resolved" jid=jimww@conversations.im elapsed=17.186157ms
time=2026-08-23T18:20:43.012+02:00 level=DEBUG msg=dialing jid=jimww@conversations.im
time=2026-08-23T18:20:43.398+02:00 level=DEBUG msg="focus state updated" accountJID=jimww@conversations.im chatAddress=rbdduiktozne@movim.eu focused=true key="jimww@conversations.im\x00rbdduiktozne@movim.eu"
time=2026-08-23T18:20:44.318+02:00 level=DEBUG msg="focus state updated" accountJID="" chatAddress="" focused=true key=""
time=2026-08-23T18:20:46.253+02:00 level=DEBUG msg="received omemo device-list PEP push" protocol=v1 from=jimww@conversations.im jid=rbdduiktozne@movim.eu
time=2026-08-23T18:20:46.253+02:00 level=DEBUG msg="received omemo device-list PEP push" protocol=v2 from=jimww@conversations.im jid=rbdduiktozne@movim.eu
time=2026-08-23T18:20:46.254+02:00 level=DEBUG msg=dialed jid=jimww@conversations.im elapsed=3.241475492s
time=2026-08-23T18:20:46.254+02:00 level=DEBUG msg="publishOwnGPGKey starting" jid=jimww@conversations.im
time=2026-08-23T18:20:46.254+02:00 level=DEBUG msg="gpg: running" args="[--batch --export 84E78B81883125DEF4FFBD7735AE71B304C67013]" stdin_bytes=0 timeout=10s
time=2026-08-23T18:20:46.263+02:00 level=DEBUG msg="gpg: finished" args="[--batch --export 84E78B81883125DEF4FFBD7735AE71B304C67013]" elapsed=9.621748ms err=<nil>
time=2026-08-23T18:20:46.486+02:00 level=DEBUG msg="FetchOmemoDeviceList: fetched" peer=jimww@conversations.im count=2 devices="[454749576 1087746059]"
time=2026-08-23T18:20:46.487+02:00 level=DEBUG msg="FetchOmemoDeviceListV1: fetched" peer=jimww@conversations.im count=2 devices="[396492910 3519373093]"
time=2026-08-23T18:20:46.529+02:00 level=DEBUG msg="resynced omemo device list after PEP push" protocol=v2 from=jimww@conversations.im jid=rbdduiktozne@movim.eu
time=2026-08-23T18:20:46.536+02:00 level=DEBUG msg="resynced omemo device list after PEP push" protocol=v1 from=jimww@conversations.im jid=rbdduiktozne@movim.eu
time=2026-08-23T18:20:46.663+02:00 level=DEBUG msg="makeNodeOpen: reconfigured to open access" node=urn:xmpp:openpgp:0:public-keys:84E78B81883125DEF4FFBD7735AE71B304C67013
time=2026-08-23T18:20:47.355+02:00 level=DEBUG msg="makeNodeOpen: reconfigured to open access" node=urn:xmpp:openpgp:0:public-keys
time=2026-08-23T18:20:47.355+02:00 level=DEBUG msg="publishOwnGPGKey done" jid=jimww@conversations.im elapsed=1.101275098s
time=2026-08-23T18:20:47.355+02:00 level=DEBUG msg="setupOmemo starting" jid=jimww@conversations.im
time=2026-08-23T18:20:47.586+02:00 level=DEBUG msg="makeNodeOpen: reconfigured to open access" node=urn:xmpp:omemo:2:bundles:454749576
time=2026-08-23T18:20:47.970+02:00 level=DEBUG msg="FetchOmemoDeviceList: fetched" peer=jimww@conversations.im count=2 devices="[454749576 1087746059]"
time=2026-08-23T18:20:47.970+02:00 level=DEBUG msg="omemo setup: local device ID and current device list" protocol=v2 jid=jimww@conversations.im local_device=454749576 devices="[454749576 1087746059]"
time=2026-08-23T18:20:47.970+02:00 level=DEBUG msg="omemo setup: publishing device list" protocol=v2 jid=jimww@conversations.im devices="[454749576 1087746059]"
time=2026-08-23T18:20:48.201+02:00 level=DEBUG msg="received omemo device-list PEP push" protocol=v2 from=jimww@conversations.im jid=rbdduiktozne@movim.eu
time=2026-08-23T18:20:48.585+02:00 level=DEBUG msg="FetchOmemoDeviceList: fetched" peer=jimww@conversations.im count=2 devices="[454749576 1087746059]"
time=2026-08-23T18:20:48.614+02:00 level=DEBUG msg="resynced omemo device list after PEP push" protocol=v2 from=jimww@conversations.im jid=rbdduiktozne@movim.eu
time=2026-08-23T18:20:48.671+02:00 level=DEBUG msg="makeNodeOpen: reconfigured to open access" node=urn:xmpp:omemo:2:devices
time=2026-08-23T18:20:48.786+02:00 level=DEBUG msg="FetchOmemoDeviceList: fetched" peer=jimww@conversations.im count=2 devices="[454749576 1087746059]"
time=2026-08-23T18:20:48.801+02:00 level=INFO msg="kage background service: reload: re-read config (2 accounts)"
time=2026-08-23T18:20:49.154+02:00 level=DEBUG msg="focus state updated" accountJID=jimww@conversations.im chatAddress=rbdduiktozne@movim.eu focused=true key="jimww@conversations.im\x00rbdduiktozne@movim.eu"
time=2026-08-23T18:20:49.196+02:00 level=DEBUG msg="makeNodeOpen: reconfigured to open access" node=eu.siacs.conversations.axolotl.bundles:396492910
time=2026-08-23T18:20:49.246+02:00 level=DEBUG msg="FetchOmemoDeviceListV1: fetched" peer=jimww@conversations.im count=2 devices="[396492910 3519373093]"
time=2026-08-23T18:20:49.246+02:00 level=DEBUG msg="omemo setup: local device ID and current device list" protocol=v1 jid=jimww@conversations.im local_device=396492910 devices="[396492910 3519373093]"
time=2026-08-23T18:20:49.246+02:00 level=DEBUG msg="omemo setup: publishing device list" protocol=v1 jid=jimww@conversations.im devices="[396492910 3519373093]"
time=2026-08-23T18:20:49.409+02:00 level=DEBUG msg="focus state updated" accountJID="" chatAddress="" focused=true key=""
time=2026-08-23T18:20:49.430+02:00 level=DEBUG msg="received omemo device-list PEP push" protocol=v1 from=jimww@conversations.im jid=rbdduiktozne@movim.eu
time=2026-08-23T18:20:49.637+02:00 level=DEBUG msg="FetchOmemoDeviceListV1: fetched" peer=jimww@conversations.im count=2 devices="[396492910 3519373093]"
time=2026-08-23T18:20:49.666+02:00 level=DEBUG msg="resynced omemo device list after PEP push" protocol=v1 from=jimww@conversations.im jid=rbdduiktozne@movim.eu
time=2026-08-23T18:20:49.787+02:00 level=DEBUG msg="focus state updated" accountJID=jimww@conversations.im chatAddress=rbdduiktozne@movim.eu focused=true key="jimww@conversations.im\x00rbdduiktozne@movim.eu"
time=2026-08-23T18:20:49.814+02:00 level=DEBUG msg="makeNodeOpen: reconfigured to open access" node=eu.siacs.conversations.axolotl.devicelist
time=2026-08-23T18:20:50.050+02:00 level=DEBUG msg="FetchOmemoDeviceListV1: fetched" peer=jimww@conversations.im count=2 devices="[396492910 3519373093]"
time=2026-08-23T18:20:50.078+02:00 level=DEBUG msg="setupOmemo done" jid=jimww@conversations.im elapsed=2.722463613s
time=2026-08-23T18:20:50.078+02:00 level=DEBUG msg="fetching live roster" jid=jimww@conversations.im
time=2026-08-23T18:20:50.300+02:00 level=DEBUG msg="live roster fetched" jid=jimww@conversations.im elapsed=221.989677ms contacts=1
time=2026-08-23T18:20:50.426+02:00 level=DEBUG msg="FetchOmemoDeviceList: fetched" peer=rbdduiktozne@movim.eu count=2 devices="[3970042472 738931598]"
time=2026-08-23T18:20:50.660+02:00 level=DEBUG msg="FetchOmemoDeviceListV1: fetched" peer=rbdduiktozne@movim.eu count=4 devices="[652529220 1532489010 1215632555 281798428]"
time=2026-08-23T18:20:50.703+02:00 level=DEBUG msg="resynced omemo-v1 device list on connect" peer=rbdduiktozne@movim.eu jid=jimww@conversations.im
time=2026-08-23T18:20:50.755+02:00 level=DEBUG msg="FetchOmemoDeviceList: fetched" peer=jimww@conversations.im count=2 devices="[454749576 1087746059]"
time=2026-08-23T18:20:50.968+02:00 level=DEBUG msg="FetchOmemoDeviceListV1: fetched" peer=jimww@conversations.im count=2 devices="[396492910 3519373093]"
time=2026-08-23T18:20:50.997+02:00 level=DEBUG msg="resynced omemo-v1 device list on connect" peer=jimww@conversations.im jid=jimww@conversations.im
time=2026-08-23T18:20:50.998+02:00 level=DEBUG msg="received omemo device-list PEP push" protocol=v1 from="" jid=jimww@conversations.im
time=2026-08-23T18:20:50.998+02:00 level=DEBUG msg="received omemo device-list PEP push" protocol=v2 from="" jid=jimww@conversations.im
time=2026-08-23T18:20:50.998+02:00 level=DEBUG msg="received omemo device-list PEP push" protocol=v1 from=rbdduiktozne@movim.eu jid=jimww@conversations.im
time=2026-08-23T18:20:50.998+02:00 level=DEBUG msg="received omemo device-list PEP push" protocol=v2 from=rbdduiktozne@movim.eu jid=jimww@conversations.im
time=2026-08-23T18:20:50.998+02:00 level=DEBUG msg="received omemo device-list PEP push" protocol=v1 from=rbdduiktozne@movim.eu jid=jimww@conversations.im
time=2026-08-23T18:20:50.998+02:00 level=DEBUG msg="received omemo device-list PEP push" protocol=v2 from=rbdduiktozne@movim.eu jid=jimww@conversations.im
time=2026-08-23T18:20:50.998+02:00 level=DEBUG msg="received omemo device-list PEP push" protocol=v1 from=rbdduiktozne@movim.eu jid=jimww@conversations.im
time=2026-08-23T18:20:50.998+02:00 level=DEBUG msg="received omemo device-list PEP push" protocol=v2 from=rbdduiktozne@movim.eu jid=jimww@conversations.im
time=2026-08-23T18:20:50.998+02:00 level=DEBUG msg="received omemo device-list PEP push" protocol=v2 from="" jid=jimww@conversations.im
time=2026-08-23T18:20:50.998+02:00 level=DEBUG msg="received omemo device-list PEP push" protocol=v1 from="" jid=jimww@conversations.im
time=2026-08-23T18:20:51.353+02:00 level=DEBUG msg="FetchOmemoDeviceListV1: fetched" peer=rbdduiktozne@movim.eu count=4 devices="[652529220 1532489010 1215632555 281798428]"
time=2026-08-23T18:20:51.354+02:00 level=DEBUG msg="FetchOmemoDeviceList: fetched" peer=rbdduiktozne@movim.eu count=2 devices="[3970042472 738931598]"
time=2026-08-23T18:20:51.354+02:00 level=DEBUG msg="FetchOmemoDeviceList: fetched" peer=rbdduiktozne@movim.eu count=2 devices="[3970042472 738931598]"
time=2026-08-23T18:20:51.354+02:00 level=DEBUG msg="FetchOmemoDeviceList: fetched" peer=rbdduiktozne@movim.eu count=2 devices="[3970042472 738931598]"
time=2026-08-23T18:20:51.396+02:00 level=DEBUG msg="resynced omemo device list after PEP push" protocol=v2 from=rbdduiktozne@movim.eu jid=jimww@conversations.im
time=2026-08-23T18:20:51.396+02:00 level=DEBUG msg="resynced omemo device list after PEP push" protocol=v2 from=rbdduiktozne@movim.eu jid=jimww@conversations.im
time=2026-08-23T18:20:51.431+02:00 level=DEBUG msg="resynced omemo device list after PEP push" protocol=v2 from=rbdduiktozne@movim.eu jid=jimww@conversations.im
time=2026-08-23T18:20:51.438+02:00 level=DEBUG msg="resynced omemo device list after PEP push" protocol=v1 from=rbdduiktozne@movim.eu jid=jimww@conversations.im
time=2026-08-23T18:20:51.583+02:00 level=DEBUG msg="FetchOmemoDeviceListV1: fetched" peer=rbdduiktozne@movim.eu count=4 devices="[652529220 1532489010 1215632555 281798428]"
time=2026-08-23T18:20:51.584+02:00 level=DEBUG msg="FetchOmemoDeviceListV1: fetched" peer=rbdduiktozne@movim.eu count=4 devices="[652529220 1532489010 1215632555 281798428]"
time=2026-08-23T18:20:51.628+02:00 level=DEBUG msg="resynced omemo device list after PEP push" protocol=v1 from=rbdduiktozne@movim.eu jid=jimww@conversations.im
time=2026-08-23T18:20:51.628+02:00 level=DEBUG msg="resynced omemo device list after PEP push" protocol=v1 from=rbdduiktozne@movim.eu jid=jimww@conversations.im
time=2026-08-23T18:20:55.344+02:00 level=DEBUG msg="focus state updated" accountJID="" chatAddress="" focused=true key=""
time=2026-08-23T18:20:56.313+02:00 level=DEBUG msg="focus state updated" accountJID=jimww@conversations.im chatAddress=rbdduiktozne@movim.eu focused=true key="jimww@conversations.im\x00rbdduiktozne@movim.eu"
time=2026-08-23T18:20:57.783+02:00 level=DEBUG msg="focus state updated" accountJID="" chatAddress="" focused=true key=""
time=2026-08-23T18:21:15.689+02:00 level=DEBUG msg="focus state updated" accountJID=jimww@conversations.im chatAddress=rbdduiktozne@movim.eu focused=true key="jimww@conversations.im\x00rbdduiktozne@movim.eu"
time=2026-08-23T18:21:21.242+02:00 level=DEBUG msg="focus state updated" accountJID=jimww@conversations.im chatAddress=rbdduiktozne@movim.eu focused=false key="jimww@conversations.im\x00rbdduiktozne@movim.eu"
time=2026-08-23T18:21:24.397+02:00 level=DEBUG msg="focus state updated" accountJID=jimww@conversations.im chatAddress=rbdduiktozne@movim.eu focused=true key="jimww@conversations.im\x00rbdduiktozne@movim.eu"
time=2026-08-23T18:21:29.360+02:00 level=DEBUG msg="focus state updated" accountJID=jimww@conversations.im chatAddress=rbdduiktozne@movim.eu focused=false key="jimww@conversations.im\x00rbdduiktozne@movim.eu"
time=2026-08-23T18:25:33.826+02:00 level=DEBUG msg="focus state updated" accountJID=jimww@conversations.im chatAddress=rbdduiktozne@movim.eu focused=true key="jimww@conversations.im\x00rbdduiktozne@movim.eu"
time=2026-08-23T18:25:34.032+02:00 level=DEBUG msg="focus state updated" accountJID=jimww@conversations.im chatAddress=rbdduiktozne@movim.eu focused=false key="jimww@conversations.im\x00rbdduiktozne@movim.eu"
time=2026-08-23T18:26:41.893+02:00 level=DEBUG msg="focus state updated" accountJID=jimww@conversations.im chatAddress=rbdduiktozne@movim.eu focused=true key="jimww@conversations.im\x00rbdduiktozne@movim.eu"
time=2026-08-23T18:26:42.653+02:00 level=DEBUG msg="focus state updated" accountJID=jimww@conversations.im chatAddress=rbdduiktozne@movim.eu focused=false key="jimww@conversations.im\x00rbdduiktozne@movim.eu"
time=2026-08-23T18:26:42.954+02:00 level=DEBUG msg="focus state updated" accountJID=jimww@conversations.im chatAddress=rbdduiktozne@movim.eu focused=true key="jimww@conversations.im\x00rbdduiktozne@movim.eu"
time=2026-08-23T18:26:46.198+02:00 level=DEBUG msg="focus state updated" accountJID=jimww@conversations.im chatAddress=rbdduiktozne@movim.eu focused=false key="jimww@conversations.im\x00rbdduiktozne@movim.eu"
time=2026-08-23T18:26:47.399+02:00 level=DEBUG msg="focus state updated" accountJID=jimww@conversations.im chatAddress=rbdduiktozne@movim.eu focused=true key="jimww@conversations.im\x00rbdduiktozne@movim.eu"
time=2026-08-23T18:26:48.870+02:00 level=DEBUG msg="focus state updated" accountJID=jimww@conversations.im chatAddress=rbdduiktozne@movim.eu focused=false key="jimww@conversations.im\x00rbdduiktozne@movim.eu"
time=2026-08-23T18:26:54.583+02:00 level=DEBUG msg="focus state updated" accountJID=jimww@conversations.im chatAddress=rbdduiktozne@movim.eu focused=true key="jimww@conversations.im\x00rbdduiktozne@movim.eu"
time=2026-08-23T18:26:55.617+02:00 level=DEBUG msg="focus state updated" accountJID="" chatAddress="" focused=true key=""
time=2026-08-23T18:26:56.564+02:00 level=DEBUG msg="focus state updated" accountJID=jimww@conversations.im chatAddress=rbdduiktozne@movim.eu focused=true key="jimww@conversations.im\x00rbdduiktozne@movim.eu"
time=2026-08-23T18:26:56.785+02:00 level=DEBUG msg="focus state updated" accountJID=jimww@conversations.im chatAddress=rbdduiktozne@movim.eu focused=false key="jimww@conversations.im\x00rbdduiktozne@movim.eu"
time=2026-08-23T18:27:02.235+02:00 level=DEBUG msg="focus state updated" accountJID=jimww@conversations.im chatAddress=rbdduiktozne@movim.eu focused=true key="jimww@conversations.im\x00rbdduiktozne@movim.eu"
time=2026-08-23T18:27:04.486+02:00 level=DEBUG msg="focus state updated" accountJID=jimww@conversations.im chatAddress=rbdduiktozne@movim.eu focused=false key="jimww@conversations.im\x00rbdduiktozne@movim.eu"
time=2026-08-23T18:27:05.420+02:00 level=DEBUG msg="focus state updated" accountJID=jimww@conversations.im chatAddress=rbdduiktozne@movim.eu focused=true key="jimww@conversations.im\x00rbdduiktozne@movim.eu"
time=2026-08-23T18:27:07.929+02:00 level=DEBUG msg="focus state updated" accountJID=jimww@conversations.im chatAddress=rbdduiktozne@movim.eu focused=false key="jimww@conversations.im\x00rbdduiktozne@movim.eu"
time=2026-08-23T18:27:09.950+02:00 level=DEBUG msg="focus state updated" accountJID=jimww@conversations.im chatAddress=rbdduiktozne@movim.eu focused=true key="jimww@conversations.im\x00rbdduiktozne@movim.eu"
time=2026-08-23T18:27:11.444+02:00 level=DEBUG msg="upload discovery: service features" service=conference.conversations.im features="[http://jabber.org/protocol/disco#info http://jabber.org/protocol/disco#items http://jabber.org/protocol/muc vcard-temp urn:xmpp:mucsub:0 http://jabber.org/protocol/muc#unique jabber:iq:register http://jabber.org/protocol/rsm urn:xmpp:mam:tmp urn:xmpp:mam:0 urn:xmpp:mam:1 urn:xmpp:mam:2 urn:xmpp:occupant-id:0]"
time=2026-08-23T18:27:11.663+02:00 level=DEBUG msg="upload discovery: service features" service=proxy.conversations.im features="[http://jabber.org/protocol/disco#info http://jabber.org/protocol/disco#items vcard-temp http://jabber.org/protocol/bytestreams]"
time=2026-08-23T18:27:12.047+02:00 level=DEBUG msg="upload discovery: service features" service=pubsub.conversations.im features="[http://jabber.org/protocol/disco#info http://jabber.org/protocol/disco#items http://jabber.org/protocol/pubsub http://jabber.org/protocol/commands vcard-temp http://jabber.org/protocol/pubsub#access-open http://jabber.org/protocol/pubsub#access-presence http://jabber.org/protocol/pubsub#access-whitelist http://jabber.org/protocol/pubsub#auto-create http://jabber.org/protocol/pubsub#auto-subscribe http://jabber.org/protocol/pubsub#collections http://jabber.org/protocol/pubsub#config-node http://jabber.org/protocol/pubsub#config-node-max http://jabber.org/protocol/pubsub#create-and-configure http://jabber.org/protocol/pubsub#create-nodes http://jabber.org/protocol/pubsub#delete-items http://jabber.org/protocol/pubsub#delete-nodes http://jabber.org/protocol/pubsub#filtered-notifications http://jabber.org/protocol/pubsub#item-ids http://jabber.org/protocol/pubsub#last-published http://jabber.org/protocol/pubsub#member-affiliation http://jabber.org/protocol/pubsub#modify-affiliations http://jabber.org/protocol/pubsub#multi-items http://jabber.org/protocol/pubsub#outcast-affiliation http://jabber.org/protocol/pubsub#persistent-items http://jabber.org/protocol/pubsub#presence-notifications http://jabber.org/protocol/pubsub#presence-subscribe http://jabber.org/protocol/pubsub#publish http://jabber.org/protocol/pubsub#publish-only-affiliation http://jabber.org/protocol/pubsub#publish-options http://jabber.org/protocol/pubsub#publisher-affiliation http://jabber.org/protocol/pubsub#purge-nodes http://jabber.org/protocol/pubsub#retract-items http://jabber.org/protocol/pubsub#retrieve-affiliations http://jabber.org/protocol/pubsub#retrieve-default http://jabber.org/protocol/pubsub#retrieve-items http://jabber.org/protocol/pubsub#retrieve-subscriptions http://jabber.org/protocol/rsm http://jabber.org/protocol/pubsub#shim http://jabber.org/protocol/pubsub#subscribe]"
time=2026-08-23T18:27:12.278+02:00 level=DEBUG msg="upload discovery: service features" service=share.conversations.im features="[urn:xmpp:http:upload urn:xmpp:http:upload:0 urn:xmpp:http:upload:purpose:0#message urn:xmpp:http:upload:purpose:0#profile eu:siacs:conversations:http:upload vcard-temp http://jabber.org/protocol/disco#info http://jabber.org/protocol/disco#items]"
time=2026-08-23T18:27:13.746+02:00 level=DEBUG msg="send: using omemo encryption" protocol=v1 jid=jimww@conversations.im to=rbdduiktozne@movim.eu
time=2026-08-23T18:27:13.780+02:00 level=DEBUG msg="send: omemo encrypt succeeded" protocol=v1 jid=jimww@conversations.im to=rbdduiktozne@movim.eu keys=5
time=2026-08-23T18:27:13.889+02:00 level=DEBUG msg="received omemo message" from=jimww@conversations.im/14100876695811175858125675460 jid=rbdduiktozne@movim.eu
time=2026-08-23T18:27:13.896+02:00 level=DEBUG msg="omemo message decrypted successfully" from=jimww@conversations.im/14100876695811175858125675460
time=2026-08-23T18:27:13.903+02:00 level=DEBUG msg="notify decision" incomingKey="rbdduiktozne@movim.eu\x00jimww@conversations.im" tuiFocused=true tuiActiveChat="jimww@conversations.im\x00rbdduiktozne@movim.eu" chatIsFocused=false notifyEnabled=true decryptFailed=false outgoing=false
time=2026-08-23T18:27:20.546+02:00 level=DEBUG msg="focus state updated" accountJID=jimww@conversations.im chatAddress=rbdduiktozne@movim.eu focused=false key="jimww@conversations.im\x00rbdduiktozne@movim.eu"
time=2026-08-23T18:27:34.510+02:00 level=DEBUG msg="focus state updated" accountJID=jimww@conversations.im chatAddress=rbdduiktozne@movim.eu focused=true key="jimww@conversations.im\x00rbdduiktozne@movim.eu"
time=2026-08-23T18:27:35.672+02:00 level=DEBUG msg="focus state updated" accountJID=jimww@conversations.im chatAddress=rbdduiktozne@movim.eu focused=false key="jimww@conversations.im\x00rbdduiktozne@movim.eu"
time=2026-08-23T18:27:39.808+02:00 level=DEBUG msg="focus state updated" accountJID="" chatAddress="" focused=false key=""
time=2026-08-23T18:27:39.863+02:00 level=DEBUG msg="focus state updated" accountJID=jimww@conversations.im chatAddress=rbdduiktozne@movim.eu focused=false key="jimww@conversations.im\x00rbdduiktozne@movim.eu"
time=2026-08-23T18:27:56.565+02:00 level=DEBUG msg="focus state updated" accountJID=jimww@conversations.im chatAddress=rbdduiktozne@movim.eu focused=true key="jimww@conversations.im\x00rbdduiktozne@movim.eu"
time=2026-08-23T18:27:57.078+02:00 level=DEBUG msg="focus state updated" accountJID=jimww@conversations.im chatAddress=rbdduiktozne@movim.eu focused=false key="jimww@conversations.im\x00rbdduiktozne@movim.eu"
time=2026-08-23T18:28:00.425+02:00 level=DEBUG msg="focus state updated" accountJID=jimww@conversations.im chatAddress=rbdduiktozne@movim.eu focused=true key="jimww@conversations.im\x00rbdduiktozne@movim.eu"
time=2026-08-23T18:28:00.932+02:00 level=DEBUG msg="focus state updated" accountJID=jimww@conversations.im chatAddress=rbdduiktozne@movim.eu focused=false key="jimww@conversations.im\x00rbdduiktozne@movim.eu"
time=2026-08-23T18:31:20.278+02:00 level=DEBUG msg="focus state updated" accountJID=jimww@conversations.im chatAddress=rbdduiktozne@movim.eu focused=true key="jimww@conversations.im\x00rbdduiktozne@movim.eu"
time=2026-08-23T18:31:20.564+02:00 level=DEBUG msg="focus state updated" accountJID=jimww@conversations.im chatAddress=rbdduiktozne@movim.eu focused=false key="jimww@conversations.im\x00rbdduiktozne@movim.eu"
time=2026-08-23T18:31:32.136+02:00 level=DEBUG msg="focus state updated" accountJID=jimww@conversations.im chatAddress=rbdduiktozne@movim.eu focused=true key="jimww@conversations.im\x00rbdduiktozne@movim.eu"
time=2026-08-23T18:31:32.296+02:00 level=DEBUG msg="focus state updated" accountJID=jimww@conversations.im chatAddress=rbdduiktozne@movim.eu focused=false key="jimww@conversations.im\x00rbdduiktozne@movim.eu"
time=2026-08-23T18:31:32.699+02:00 level=DEBUG msg="focus state updated" accountJID=jimww@conversations.im chatAddress=rbdduiktozne@movim.eu focused=true key="jimww@conversations.im\x00rbdduiktozne@movim.eu"
time=2026-08-23T18:31:33.303+02:00 level=DEBUG msg="focus state updated" accountJID=jimww@conversations.im chatAddress=rbdduiktozne@movim.eu focused=false key="jimww@conversations.im\x00rbdduiktozne@movim.eu"
time=2026-08-23T18:31:33.583+02:00 level=DEBUG msg="focus state updated" accountJID=jimww@conversations.im chatAddress=rbdduiktozne@movim.eu focused=true key="jimww@conversations.im\x00rbdduiktozne@movim.eu"
time=2026-08-23T18:31:34.032+02:00 level=DEBUG msg="focus state updated" accountJID=jimww@conversations.im chatAddress=rbdduiktozne@movim.eu focused=false key="jimww@conversations.im\x00rbdduiktozne@movim.eu"
time=2026-08-23T18:31:35.670+02:00 level=DEBUG msg="focus state updated" accountJID=jimww@conversations.im chatAddress=rbdduiktozne@movim.eu focused=true key="jimww@conversations.im\x00rbdduiktozne@movim.eu"
time=2026-08-23T18:31:36.148+02:00 level=DEBUG msg="focus state updated" accountJID="" chatAddress="" focused=true key=""
time=2026-08-23T18:31:36.219+02:00 level=DEBUG msg="focus state updated" accountJID=jimww@conversations.im chatAddress=rbdduiktozne@movim.eu focused=true key="jimww@conversations.im\x00rbdduiktozne@movim.eu"
time=2026-08-23T18:31:36.307+02:00 level=DEBUG msg="focus state updated" accountJID="" chatAddress="" focused=true key=""
time=2026-08-23T18:31:37.522+02:00 level=DEBUG msg="focus state updated" accountJID=rbdduiktozne@movim.eu chatAddress=jimww@conversations.im focused=true key="rbdduiktozne@movim.eu\x00jimww@conversations.im"
time=2026-08-23T18:31:37.949+02:00 level=DEBUG msg="focus state updated" accountJID=rbdduiktozne@movim.eu chatAddress=jimww@conversations.im focused=false key="rbdduiktozne@movim.eu\x00jimww@conversations.im"
time=2026-08-23T18:31:38.253+02:00 level=DEBUG msg="focus state updated" accountJID=rbdduiktozne@movim.eu chatAddress=jimww@conversations.im focused=true key="rbdduiktozne@movim.eu\x00jimww@conversations.im"
time=2026-08-23T18:31:38.398+02:00 level=DEBUG msg="focus state updated" accountJID="" chatAddress="" focused=true key=""
time=2026-08-23T18:31:38.745+02:00 level=DEBUG msg="focus state updated" accountJID=rbdduiktozne@movim.eu chatAddress=qr30bqqwv50lbb3x3tau@movim.eu focused=true key="rbdduiktozne@movim.eu\x00qr30bqqwv50lbb3x3tau@movim.eu"
time=2026-08-23T18:31:38.875+02:00 level=DEBUG msg="focus state updated" accountJID="" chatAddress="" focused=true key=""
time=2026-08-23T18:31:39.074+02:00 level=DEBUG msg="focus state updated" accountJID=rbdduiktozne@movim.eu chatAddress=jimww@conversations.im focused=true key="rbdduiktozne@movim.eu\x00jimww@conversations.im"
time=2026-08-23T18:31:39.290+02:00 level=DEBUG msg="focus state updated" accountJID="" chatAddress="" focused=true key=""
time=2026-08-23T18:31:39.386+02:00 level=DEBUG msg="focus state updated" accountJID=rbdduiktozne@movim.eu chatAddress=jimww@conversations.im focused=true key="rbdduiktozne@movim.eu\x00jimww@conversations.im"
time=2026-08-23T18:31:46.345+02:00 level=DEBUG msg="focus state updated" accountJID=rbdduiktozne@movim.eu chatAddress=jimww@conversations.im focused=false key="rbdduiktozne@movim.eu\x00jimww@conversations.im"
time=2026-08-23T18:31:47.650+02:00 level=DEBUG msg="focus state updated" accountJID=rbdduiktozne@movim.eu chatAddress=jimww@conversations.im focused=true key="rbdduiktozne@movim.eu\x00jimww@conversations.im"
time=2026-08-23T18:31:47.687+02:00 level=DEBUG msg="focus state updated" accountJID="" chatAddress="" focused=true key=""
time=2026-08-23T18:31:48.341+02:00 level=DEBUG msg="focus state updated" accountJID=rbdduiktozne@movim.eu chatAddress=jimww@conversations.im focused=true key="rbdduiktozne@movim.eu\x00jimww@conversations.im"
time=2026-08-23T18:31:51.303+02:00 level=DEBUG msg="focus state updated" accountJID=rbdduiktozne@movim.eu chatAddress=jimww@conversations.im focused=false key="rbdduiktozne@movim.eu\x00jimww@conversations.im"
time=2026-08-23T18:31:52.350+02:00 level=DEBUG msg="focus state updated" accountJID=rbdduiktozne@movim.eu chatAddress=jimww@conversations.im focused=true key="rbdduiktozne@movim.eu\x00jimww@conversations.im"
time=2026-08-23T18:31:52.832+02:00 level=DEBUG msg="focus state updated" accountJID=rbdduiktozne@movim.eu chatAddress=jimww@conversations.im focused=false key="rbdduiktozne@movim.eu\x00jimww@conversations.im"
time=2026-08-23T18:32:19.201+02:00 level=DEBUG msg="focus state updated" accountJID=rbdduiktozne@movim.eu chatAddress=jimww@conversations.im focused=true key="rbdduiktozne@movim.eu\x00jimww@conversations.im"
time=2026-08-23T18:32:30.867+02:00 level=DEBUG msg="focus state updated" accountJID=rbdduiktozne@movim.eu chatAddress=jimww@conversations.im focused=false key="rbdduiktozne@movim.eu\x00jimww@conversations.im"
time=2026-08-23T18:32:31.682+02:00 level=DEBUG msg="focus state updated" accountJID=rbdduiktozne@movim.eu chatAddress=jimww@conversations.im focused=true key="rbdduiktozne@movim.eu\x00jimww@conversations.im"
time=2026-08-23T18:32:31.978+02:00 level=DEBUG msg="focus state updated" accountJID=rbdduiktozne@movim.eu chatAddress=jimww@conversations.im focused=false key="rbdduiktozne@movim.eu\x00jimww@conversations.im"
time=2026-08-23T18:32:42.247+02:00 level=DEBUG msg="focus state updated" accountJID=rbdduiktozne@movim.eu chatAddress=jimww@conversations.im focused=true key="rbdduiktozne@movim.eu\x00jimww@conversations.im"
time=2026-08-23T18:32:42.284+02:00 level=DEBUG msg="focus state updated" accountJID="" chatAddress="" focused=true key=""
time=2026-08-23T18:32:42.392+02:00 level=DEBUG msg="focus state updated" accountJID="" chatAddress="" focused=false key=""
time=2026-08-23T18:32:44.014+02:00 level=DEBUG msg="focus state updated" accountJID="" chatAddress="" focused=true key=""
time=2026-08-23T18:32:44.242+02:00 level=DEBUG msg="focus state updated" accountJID="" chatAddress="" focused=false key=""
time=2026-08-23T18:32:44.799+02:00 level=DEBUG msg="focus state updated" accountJID="" chatAddress="" focused=true key=""
time=2026-08-23T18:32:44.947+02:00 level=DEBUG msg="focus state updated" accountJID=rbdduiktozne@movim.eu chatAddress=jimww@conversations.im focused=true key="rbdduiktozne@movim.eu\x00jimww@conversations.im"
time=2026-08-23T18:32:45.070+02:00 level=DEBUG msg="focus state updated" accountJID=rbdduiktozne@movim.eu chatAddress=jimww@conversations.im focused=false key="rbdduiktozne@movim.eu\x00jimww@conversations.im"
time=2026-08-23T18:33:22.798+02:00 level=DEBUG msg="focus state updated" accountJID="" chatAddress="" focused=false key=""
time=2026-08-23T18:33:22.837+02:00 level=DEBUG msg="focus state updated" accountJID=rbdduiktozne@movim.eu chatAddress=jimww@conversations.im focused=false key="rbdduiktozne@movim.eu\x00jimww@conversations.im"
time=2026-08-23T18:33:23.042+02:00 level=DEBUG msg="focus state updated" accountJID=rbdduiktozne@movim.eu chatAddress=jimww@conversations.im focused=true key="rbdduiktozne@movim.eu\x00jimww@conversations.im"
time=2026-08-23T18:33:23.144+02:00 level=DEBUG msg="focus state updated" accountJID=rbdduiktozne@movim.eu chatAddress=jimww@conversations.im focused=false key="rbdduiktozne@movim.eu\x00jimww@conversations.im"
time=2026-08-23T18:37:14.842+02:00 level=DEBUG msg="focus state updated" accountJID=rbdduiktozne@movim.eu chatAddress=jimww@conversations.im focused=true key="rbdduiktozne@movim.eu\x00jimww@conversations.im"
time=2026-08-23T18:37:16.021+02:00 level=DEBUG msg="focus state updated" accountJID=rbdduiktozne@movim.eu chatAddress=jimww@conversations.im focused=false key="rbdduiktozne@movim.eu\x00jimww@conversations.im"
time=2026-08-23T18:38:43.395+02:00 level=DEBUG msg="focus state updated" accountJID=rbdduiktozne@movim.eu chatAddress=jimww@conversations.im focused=true key="rbdduiktozne@movim.eu\x00jimww@conversations.im"
time=2026-08-23T18:38:43.755+02:00 level=DEBUG msg="focus state updated" accountJID=rbdduiktozne@movim.eu chatAddress=jimww@conversations.im focused=false key="rbdduiktozne@movim.eu\x00jimww@conversations.im"
time=2026-08-23T19:00:12.536+02:00 level=INFO msg="kage starting" version=0.5.0-cf31e60a399b2c1ad5901d48d79db416269171f9 log_file=/home/jim/.config/kage/debug.log
time=2026-08-23T19:00:12.537+02:00 level=DEBUG msg="local roster loaded" jid=rbdduiktozne@movim.eu contacts=3
time=2026-08-23T19:00:12.542+02:00 level=DEBUG msg="loadHistoryWindow done" jid=rbdduiktozne@movim.eu peer=jimww@conversations.im elapsed=4.429157ms messages=60 more=true
time=2026-08-23T19:00:12.547+02:00 level=DEBUG msg="loadHistoryWindow done" jid=rbdduiktozne@movim.eu peer=juliya@conversations.im elapsed=5.001866ms messages=60 more=true
time=2026-08-23T19:00:12.552+02:00 level=DEBUG msg="loadHistoryWindow done" jid=rbdduiktozne@movim.eu peer=qr30bqqwv50lbb3x3tau@movim.eu elapsed=5.107804ms messages=60 more=true
time=2026-08-23T19:00:12.553+02:00 level=DEBUG msg="local roster loaded" jid=jimww@conversations.im contacts=1
time=2026-08-23T19:00:12.558+02:00 level=DEBUG msg="loadHistoryWindow done" jid=jimww@conversations.im peer=rbdduiktozne@movim.eu elapsed=4.745086ms messages=60 more=true
time=2026-08-23T19:00:12.604+02:00 level=DEBUG msg="focus state updated" accountJID=rbdduiktozne@movim.eu chatAddress=jimww@conversations.im focused=true key="rbdduiktozne@movim.eu\x00jimww@conversations.im"
time=2026-08-23T19:00:13.564+02:00 level=DEBUG msg="focus state updated" accountJID="" chatAddress="" focused=true key=""
time=2026-08-23T19:53:16.335+02:00 level=WARN msg="account disconnected; reconnecting" jid=rbdduiktozne@movim.eu err="write tcp [2a07:b944::2:2]:45274->[2a03:4000:51:f44:4e1:2ff:fe00:4257]:5223: write: broken pipe"
time=2026-08-23T19:53:26.575+02:00 level=WARN msg="account disconnected; reconnecting" jid=jimww@conversations.im err="write tcp [2a07:b944::2:2]:44404->[2a00:1828:2000:215::50]:443: write: broken pipe"
time=2026-08-23T19:53:36.356+02:00 level=WARN msg="reconnecting failed; retrying" jid=rbdduiktozne@movim.eu err="dialing rbdduiktozne@movim.eu: lookup _xmpps-client._tcp.movim.eu on [2a07:b944::2:1]:53: read udp [2a07:b944::2:2]:60543->[2a07:b944::2:1]:53: i/o timeout\nlookup _xmpp-client._tcp.movim.eu on [2a07:b944::2:1]:53: read udp [2a07:b944::2:2]:34131->[2a07:b944::2:1]:53: i/o timeout" backoff=1s
time=2026-08-23T19:53:46.591+02:00 level=WARN msg="reconnecting failed; retrying" jid=jimww@conversations.im err="dialing jimww@conversations.im: lookup _xmpps-client._tcp.conversations.im on [2a07:b944::2:1]:53: read udp [2a07:b944::2:2]:44686->[2a07:b944::2:1]:53: i/o timeout\nlookup _xmpp-client._tcp.conversations.im on [2a07:b944::2:1]:53: read udp [2a07:b944::2:2]:59015->[2a07:b944::2:1]:53: i/o timeout" backoff=1s
time=2026-08-23T19:53:57.375+02:00 level=WARN msg="reconnecting failed; retrying" jid=rbdduiktozne@movim.eu err="dialing rbdduiktozne@movim.eu: lookup _xmpps-client._tcp.movim.eu on [2a07:b944::2:1]:53: read udp [2a07:b944::2:2]:54305->[2a07:b944::2:1]:53: i/o timeout\nlookup _xmpp-client._tcp.movim.eu on [2a07:b944::2:1]:53: read udp [2a07:b944::2:2]:55653->[2a07:b944::2:1]:53: i/o timeout" backoff=2s
time=2026-08-23T19:54:07.607+02:00 level=WARN msg="reconnecting failed; retrying" jid=jimww@conversations.im err="dialing jimww@conversations.im: lookup _xmpps-client._tcp.conversations.im on [2a07:b944::2:1]:53: read udp [2a07:b944::2:2]:46202->[2a07:b944::2:1]:53: i/o timeout\nlookup _xmpp-client._tcp.conversations.im on [2a07:b944::2:1]:53: read udp [2a07:b944::2:2]:50230->[2a07:b944::2:1]:53: i/o timeout" backoff=2s
time=2026-08-23T19:54:19.392+02:00 level=WARN msg="reconnecting failed; retrying" jid=rbdduiktozne@movim.eu err="dialing rbdduiktozne@movim.eu: lookup _xmpps-client._tcp.movim.eu on [2a07:b944::2:1]:53: read udp [2a07:b944::2:2]:32898->[2a07:b944::2:1]:53: i/o timeout\nlookup _xmpp-client._tcp.movim.eu on [2a07:b944::2:1]:53: read udp [2a07:b944::2:2]:39532->[2a07:b944::2:1]:53: i/o timeout" backoff=4s
time=2026-08-23T19:54:29.618+02:00 level=WARN msg="reconnecting failed; retrying" jid=jimww@conversations.im err="dialing jimww@conversations.im: lookup _xmpps-client._tcp.conversations.im on [2a07:b944::2:1]:53: read udp [2a07:b944::2:2]:56794->[2a07:b944::2:1]:53: i/o timeout\nlookup _xmpp-client._tcp.conversations.im on [2a07:b944::2:1]:53: read udp [2a07:b944::2:2]:52541->[2a07:b944::2:1]:53: i/o timeout" backoff=4s
time=2026-08-23T19:54:43.416+02:00 level=WARN msg="reconnecting failed; retrying" jid=rbdduiktozne@movim.eu err="dialing rbdduiktozne@movim.eu: lookup _xmpps-client._tcp.movim.eu on [2a07:b944::2:1]:53: read udp [2a07:b944::2:2]:48568->[2a07:b944::2:1]:53: i/o timeout\nlookup _xmpp-client._tcp.movim.eu on [2a07:b944::2:1]:53: read udp [2a07:b944::2:2]:34919->[2a07:b944::2:1]:53: i/o timeout" backoff=8s
time=2026-08-23T19:54:53.631+02:00 level=WARN msg="reconnecting failed; retrying" jid=jimww@conversations.im err="dialing jimww@conversations.im: lookup _xmpps-client._tcp.conversations.im on [2a07:b944::2:1]:53: read udp [2a07:b944::2:2]:34718->[2a07:b944::2:1]:53: i/o timeout\nlookup _xmpp-client._tcp.conversations.im on [2a07:b944::2:1]:53: read udp [2a07:b944::2:2]:34643->[2a07:b944::2:1]:53: i/o timeout" backoff=8s
time=2026-08-23T19:55:11.441+02:00 level=WARN msg="reconnecting failed; retrying" jid=rbdduiktozne@movim.eu err="dialing rbdduiktozne@movim.eu: lookup _xmpps-client._tcp.movim.eu on [2a07:b944::2:1]:53: read udp [2a07:b944::2:2]:45935->[2a07:b944::2:1]:53: i/o timeout\nlookup _xmpp-client._tcp.movim.eu on [2a07:b944::2:1]:53: read udp [2a07:b944::2:2]:53503->[2a07:b944::2:1]:53: i/o timeout" backoff=16s
time=2026-08-23T19:55:21.647+02:00 level=WARN msg="reconnecting failed; retrying" jid=jimww@conversations.im err="dialing jimww@conversations.im: lookup _xmpps-client._tcp.conversations.im on [2a07:b944::2:1]:53: read udp [2a07:b944::2:2]:39222->[2a07:b944::2:1]:53: i/o timeout\nlookup _xmpp-client._tcp.conversations.im on [2a07:b944::2:1]:53: read udp [2a07:b944::2:2]:36205->[2a07:b944::2:1]:53: i/o timeout" backoff=16s
time=2026-08-23T19:55:47.473+02:00 level=WARN msg="reconnecting failed; retrying" jid=rbdduiktozne@movim.eu err="dialing rbdduiktozne@movim.eu: lookup _xmpps-client._tcp.movim.eu on [2a07:b944::2:1]:53: read udp [2a07:b944::2:2]:45382->[2a07:b944::2:1]:53: i/o timeout\nlookup _xmpp-client._tcp.movim.eu on [2a07:b944::2:1]:53: read udp [2a07:b944::2:2]:39299->[2a07:b944::2:1]:53: i/o timeout" backoff=32s
time=2026-08-23T19:55:57.667+02:00 level=WARN msg="reconnecting failed; retrying" jid=jimww@conversations.im err="dialing jimww@conversations.im: lookup _xmpps-client._tcp.conversations.im on [2a07:b944::2:1]:53: read udp [2a07:b944::2:2]:37117->[2a07:b944::2:1]:53: i/o timeout\nlookup _xmpp-client._tcp.conversations.im on [2a07:b944::2:1]:53: read udp [2a07:b944::2:2]:50486->[2a07:b944::2:1]:53: i/o timeout" backoff=32s
time=2026-08-23T19:56:39.492+02:00 level=WARN msg="reconnecting failed; retrying" jid=rbdduiktozne@movim.eu err="dialing rbdduiktozne@movim.eu: lookup _xmpps-client._tcp.movim.eu on [2a07:b944::2:1]:53: read udp [2a07:b944::2:2]:42943->[2a07:b944::2:1]:53: i/o timeout\nlookup _xmpp-client._tcp.movim.eu on [2a07:b944::2:1]:53: read udp [2a07:b944::2:2]:59239->[2a07:b944::2:1]:53: i/o timeout" backoff=1m0s
time=2026-08-23T19:56:49.686+02:00 level=WARN msg="reconnecting failed; retrying" jid=jimww@conversations.im err="dialing jimww@conversations.im: lookup _xmpps-client._tcp.conversations.im on [2a07:b944::2:1]:53: read udp [2a07:b944::2:2]:45844->[2a07:b944::2:1]:53: i/o timeout\nlookup _xmpp-client._tcp.conversations.im on [2a07:b944::2:1]:53: read udp [2a07:b944::2:2]:39780->[2a07:b944::2:1]:53: i/o timeout" backoff=1m0s
time=2026-08-23T19:57:59.569+02:00 level=WARN msg="reconnecting failed; retrying" jid=rbdduiktozne@movim.eu err="dialing rbdduiktozne@movim.eu: lookup _xmpps-client._tcp.movim.eu on [2a07:b944::2:1]:53: read udp [2a07:b944::2:2]:55240->[2a07:b944::2:1]:53: i/o timeout\nlookup _xmpp-client._tcp.movim.eu on [2a07:b944::2:1]:53: read udp [2a07:b944::2:2]:43869->[2a07:b944::2:1]:53: i/o timeout" backoff=1m0s
time=2026-08-23T19:58:09.705+02:00 level=WARN msg="reconnecting failed; retrying" jid=jimww@conversations.im err="dialing jimww@conversations.im: lookup _xmpps-client._tcp.conversations.im on [2a07:b944::2:1]:53: read udp [2a07:b944::2:2]:58347->[2a07:b944::2:1]:53: i/o timeout\nlookup _xmpp-client._tcp.conversations.im on [2a07:b944::2:1]:53: read udp [2a07:b944::2:2]:38238->[2a07:b944::2:1]:53: i/o timeout" backoff=1m0s
time=2026-08-23T19:59:19.593+02:00 level=WARN msg="reconnecting failed; retrying" jid=rbdduiktozne@movim.eu err="dialing rbdduiktozne@movim.eu: lookup _xmpps-client._tcp.movim.eu on [2a07:b944::2:1]:53: read udp [2a07:b944::2:2]:50752->[2a07:b944::2:1]:53: i/o timeout\nlookup _xmpp-client._tcp.movim.eu on [2a07:b944::2:1]:53: read udp [2a07:b944::2:2]:55651->[2a07:b944::2:1]:53: i/o timeout" backoff=1m0s
time=2026-08-23T19:59:29.719+02:00 level=WARN msg="reconnecting failed; retrying" jid=jimww@conversations.im err="dialing jimww@conversations.im: lookup _xmpps-client._tcp.conversations.im on [2a07:b944::2:1]:53: read udp [2a07:b944::2:2]:45360->[2a07:b944::2:1]:53: i/o timeout\nlookup _xmpp-client._tcp.conversations.im on [2a07:b944::2:1]:53: read udp [2a07:b944::2:2]:60083->[2a07:b944::2:1]:53: i/o timeout" backoff=1m0s
time=2026-08-23T20:00:39.654+02:00 level=WARN msg="reconnecting failed; retrying" jid=rbdduiktozne@movim.eu err="dialing rbdduiktozne@movim.eu: lookup _xmpps-client._tcp.movim.eu on [2a07:b944::2:1]:53: read udp [2a07:b944::2:2]:43194->[2a07:b944::2:1]:53: i/o timeout\nlookup _xmpp-client._tcp.movim.eu on [2a07:b944::2:1]:53: read udp [2a07:b944::2:2]:56130->[2a07:b944::2:1]:53: i/o timeout" backoff=1m0s
time=2026-08-23T20:00:49.735+02:00 level=WARN msg="reconnecting failed; retrying" jid=jimww@conversations.im err="dialing jimww@conversations.im: lookup _xmpps-client._tcp.conversations.im on [2a07:b944::2:1]:53: read udp [2a07:b944::2:2]:37413->[2a07:b944::2:1]:53: i/o timeout\nlookup _xmpp-client._tcp.conversations.im on [2a07:b944::2:1]:53: read udp [2a07:b944::2:2]:45415->[2a07:b944::2:1]:53: i/o timeout" backoff=1m0s
time=2026-08-23T20:01:59.671+02:00 level=WARN msg="reconnecting failed; retrying" jid=rbdduiktozne@movim.eu err="dialing rbdduiktozne@movim.eu: lookup _xmpps-client._tcp.movim.eu on [2a07:b944::2:1]:53: read udp [2a07:b944::2:2]:54389->[2a07:b944::2:1]:53: i/o timeout\nlookup _xmpp-client._tcp.movim.eu on [2a07:b944::2:1]:53: read udp [2a07:b944::2:2]:43927->[2a07:b944::2:1]:53: i/o timeout" backoff=1m0s
time=2026-08-23T20:02:09.755+02:00 level=WARN msg="reconnecting failed; retrying" jid=jimww@conversations.im err="dialing jimww@conversations.im: lookup _xmpps-client._tcp.conversations.im on [2a07:b944::2:1]:53: read udp [2a07:b944::2:2]:38414->[2a07:b944::2:1]:53: i/o timeout\nlookup _xmpp-client._tcp.conversations.im on [2a07:b944::2:1]:53: read udp [2a07:b944::2:2]:48856->[2a07:b944::2:1]:53: i/o timeout" backoff=1m0s
time=2026-08-23T20:03:19.743+02:00 level=WARN msg="reconnecting failed; retrying" jid=rbdduiktozne@movim.eu err="dialing rbdduiktozne@movim.eu: lookup _xmpps-client._tcp.movim.eu on [2a07:b944::2:1]:53: read udp [2a07:b944::2:2]:49745->[2a07:b944::2:1]:53: i/o timeout\nlookup _xmpp-client._tcp.movim.eu on [2a07:b944::2:1]:53: read udp [2a07:b944::2:2]:48780->[2a07:b944::2:1]:53: i/o timeout" backoff=1m0s
time=2026-08-23T20:03:29.774+02:00 level=WARN msg="reconnecting failed; retrying" jid=jimww@conversations.im err="dialing jimww@conversations.im: lookup _xmpps-client._tcp.conversations.im on [2a07:b944::2:1]:53: read udp [2a07:b944::2:2]:41934->[2a07:b944::2:1]:53: i/o timeout\nlookup _xmpp-client._tcp.conversations.im on [2a07:b944::2:1]:53: read udp [2a07:b944::2:2]:52221->[2a07:b944::2:1]:53: i/o timeout" backoff=1m0s
time=2026-08-23T20:04:39.764+02:00 level=WARN msg="reconnecting failed; retrying" jid=rbdduiktozne@movim.eu err="dialing rbdduiktozne@movim.eu: lookup _xmpps-client._tcp.movim.eu on [2a07:b944::2:1]:53: read udp [2a07:b944::2:2]:47678->[2a07:b944::2:1]:53: i/o timeout\nlookup _xmpp-client._tcp.movim.eu on [2a07:b944::2:1]:53: read udp [2a07:b944::2:2]:34744->[2a07:b944::2:1]:53: i/o timeout" backoff=1m0s
time=2026-08-23T20:04:49.792+02:00 level=WARN msg="reconnecting failed; retrying" jid=jimww@conversations.im err="dialing jimww@conversations.im: lookup _xmpps-client._tcp.conversations.im on [2a07:b944::2:1]:53: read udp [2a07:b944::2:2]:34574->[2a07:b944::2:1]:53: i/o timeout\nlookup _xmpp-client._tcp.conversations.im on [2a07:b944::2:1]:53: read udp [2a07:b944::2:2]:49375->[2a07:b944::2:1]:53: i/o timeout" backoff=1m0s
time=2026-08-23T20:05:59.822+02:00 level=WARN msg="reconnecting failed; retrying" jid=rbdduiktozne@movim.eu err="dialing rbdduiktozne@movim.eu: lookup _xmpps-client._tcp.movim.eu on [2a07:b944::2:1]:53: read udp [2a07:b944::2:2]:34049->[2a07:b944::2:1]:53: i/o timeout\nlookup _xmpp-client._tcp.movim.eu on [2a07:b944::2:1]:53: read udp [2a07:b944::2:2]:33249->[2a07:b944::2:1]:53: i/o timeout" backoff=1m0s
time=2026-08-23T20:06:09.821+02:00 level=WARN msg="reconnecting failed; retrying" jid=jimww@conversations.im err="dialing jimww@conversations.im: lookup _xmpps-client._tcp.conversations.im on [2a07:b944::2:1]:53: read udp [2a07:b944::2:2]:54484->[2a07:b944::2:1]:53: i/o timeout\nlookup _xmpp-client._tcp.conversations.im on [2a07:b944::2:1]:53: read udp [2a07:b944::2:2]:50702->[2a07:b944::2:1]:53: i/o timeout" backoff=1m0s
time=2026-08-23T20:07:19.842+02:00 level=WARN msg="reconnecting failed; retrying" jid=rbdduiktozne@movim.eu err="dialing rbdduiktozne@movim.eu: lookup _xmpps-client._tcp.movim.eu on [2a07:b944::2:1]:53: read udp [2a07:b944::2:2]:38726->[2a07:b944::2:1]:53: i/o timeout\nlookup _xmpp-client._tcp.movim.eu on [2a07:b944::2:1]:53: read udp [2a07:b944::2:2]:52182->[2a07:b944::2:1]:53: i/o timeout" backoff=1m0s
time=2026-08-23T20:07:29.850+02:00 level=WARN msg="reconnecting failed; retrying" jid=jimww@conversations.im err="dialing jimww@conversations.im: lookup _xmpps-client._tcp.conversations.im on [2a07:b944::2:1]:53: read udp [2a07:b944::2:2]:33916->[2a07:b944::2:1]:53: i/o timeout\nlookup _xmpp-client._tcp.conversations.im on [2a07:b944::2:1]:53: read udp [2a07:b944::2:2]:44324->[2a07:b944::2:1]:53: i/o timeout" backoff=1m0s
time=2026-08-23T20:08:39.873+02:00 level=WARN msg="reconnecting failed; retrying" jid=rbdduiktozne@movim.eu err="dialing rbdduiktozne@movim.eu: lookup _xmpps-client._tcp.movim.eu on [2a07:b944::2:1]:53: read udp [2a07:b944::2:2]:34100->[2a07:b944::2:1]:53: i/o timeout\nlookup _xmpp-client._tcp.movim.eu on [2a07:b944::2:1]:53: read udp [2a07:b944::2:2]:38389->[2a07:b944::2:1]:53: i/o timeout" backoff=1m0s
time=2026-08-23T20:08:49.881+02:00 level=WARN msg="reconnecting failed; retrying" jid=jimww@conversations.im err="dialing jimww@conversations.im: lookup _xmpps-client._tcp.conversations.im on [2a07:b944::2:1]:53: read udp [2a07:b944::2:2]:39367->[2a07:b944::2:1]:53: i/o timeout\nlookup _xmpp-client._tcp.conversations.im on [2a07:b944::2:1]:53: read udp [2a07:b944::2:2]:36203->[2a07:b944::2:1]:53: i/o timeout" backoff=1m0s
time=2026-08-23T20:09:59.898+02:00 level=WARN msg="reconnecting failed; retrying" jid=rbdduiktozne@movim.eu err="dialing rbdduiktozne@movim.eu: lookup _xmpps-client._tcp.movim.eu on [2a07:b944::2:1]:53: read udp [2a07:b944::2:2]:37837->[2a07:b944::2:1]:53: i/o timeout\nlookup _xmpp-client._tcp.movim.eu on [2a07:b944::2:1]:53: read udp [2a07:b944::2:2]:40384->[2a07:b944::2:1]:53: i/o timeout" backoff=1m0s
time=2026-08-23T20:10:09.907+02:00 level=WARN msg="reconnecting failed; retrying" jid=jimww@conversations.im err="dialing jimww@conversations.im: lookup _xmpps-client._tcp.conversations.im on [2a07:b944::2:1]:53: read udp [2a07:b944::2:2]:59729->[2a07:b944::2:1]:53: i/o timeout\nlookup _xmpp-client._tcp.conversations.im on [2a07:b944::2:1]:53: read udp [2a07:b944::2:2]:34468->[2a07:b944::2:1]:53: i/o timeout" backoff=1m0s
time=2026-08-23T20:11:19.964+02:00 level=WARN msg="reconnecting failed; retrying" jid=rbdduiktozne@movim.eu err="dialing rbdduiktozne@movim.eu: lookup _xmpps-client._tcp.movim.eu on [2a07:b944::2:1]:53: read udp [2a07:b944::2:2]:47921->[2a07:b944::2:1]:53: i/o timeout\nlookup _xmpp-client._tcp.movim.eu on [2a07:b944::2:1]:53: read udp [2a07:b944::2:2]:41555->[2a07:b944::2:1]:53: i/o timeout" backoff=1m0s
time=2026-08-23T20:11:29.937+02:00 level=WARN msg="reconnecting failed; retrying" jid=jimww@conversations.im err="dialing jimww@conversations.im: lookup _xmpps-client._tcp.conversations.im on [2a07:b944::2:1]:53: read udp [2a07:b944::2:2]:56421->[2a07:b944::2:1]:53: i/o timeout\nlookup _xmpp-client._tcp.conversations.im on [2a07:b944::2:1]:53: read udp [2a07:b944::2:2]:46558->[2a07:b944::2:1]:53: i/o timeout" backoff=1m0s
time=2026-08-23T20:12:39.974+02:00 level=WARN msg="reconnecting failed; retrying" jid=rbdduiktozne@movim.eu err="dialing rbdduiktozne@movim.eu: lookup _xmpps-client._tcp.movim.eu on [2a07:b944::2:1]:53: read udp [2a07:b944::2:2]:55348->[2a07:b944::2:1]:53: i/o timeout\nlookup _xmpp-client._tcp.movim.eu on [2a07:b944::2:1]:53: read udp [2a07:b944::2:2]:57050->[2a07:b944::2:1]:53: i/o timeout" backoff=1m0s
time=2026-08-23T20:12:49.968+02:00 level=WARN msg="reconnecting failed; retrying" jid=jimww@conversations.im err="dialing jimww@conversations.im: lookup _xmpps-client._tcp.conversations.im on [2a07:b944::2:1]:53: read udp [2a07:b944::2:2]:57583->[2a07:b944::2:1]:53: i/o timeout\nlookup _xmpp-client._tcp.conversations.im on [2a07:b944::2:1]:53: read udp [2a07:b944::2:2]:60123->[2a07:b944::2:1]:53: i/o timeout" backoff=1m0s
time=2026-08-23T20:14:00.017+02:00 level=WARN msg="reconnecting failed; retrying" jid=rbdduiktozne@movim.eu err="dialing rbdduiktozne@movim.eu: lookup _xmpps-client._tcp.movim.eu on [2a07:b944::2:1]:53: read udp [2a07:b944::2:2]:50594->[2a07:b944::2:1]:53: i/o timeout\nlookup _xmpp-client._tcp.movim.eu on [2a07:b944::2:1]:53: read udp [2a07:b944::2:2]:40120->[2a07:b944::2:1]:53: i/o timeout" backoff=1m0s
time=2026-08-23T20:14:10.001+02:00 level=WARN msg="reconnecting failed; retrying" jid=jimww@conversations.im err="dialing jimww@conversations.im: lookup _xmpps-client._tcp.conversations.im on [2a07:b944::2:1]:53: read udp [2a07:b944::2:2]:38425->[2a07:b944::2:1]:53: i/o timeout\nlookup _xmpp-client._tcp.conversations.im on [2a07:b944::2:1]:53: read udp [2a07:b944::2:2]:57753->[2a07:b944::2:1]:53: i/o timeout" backoff=1m0s
time=2026-08-23T20:15:20.028+02:00 level=WARN msg="reconnecting failed; retrying" jid=rbdduiktozne@movim.eu err="dialing rbdduiktozne@movim.eu: lookup _xmpps-client._tcp.movim.eu on [2a07:b944::2:1]:53: read udp [2a07:b944::2:2]:35130->[2a07:b944::2:1]:53: i/o timeout\nlookup _xmpp-client._tcp.movim.eu on [2a07:b944::2:1]:53: read udp [2a07:b944::2:2]:54518->[2a07:b944::2:1]:53: i/o timeout" backoff=1m0s
time=2026-08-23T20:15:30.030+02:00 level=WARN msg="reconnecting failed; retrying" jid=jimww@conversations.im err="dialing jimww@conversations.im: lookup _xmpps-client._tcp.conversations.im on [2a07:b944::2:1]:53: read udp [2a07:b944::2:2]:54128->[2a07:b944::2:1]:53: i/o timeout\nlookup _xmpp-client._tcp.conversations.im on [2a07:b944::2:1]:53: read udp [2a07:b944::2:2]:57262->[2a07:b944::2:1]:53: i/o timeout" backoff=1m0s
time=2026-08-23T20:16:40.048+02:00 level=WARN msg="reconnecting failed; retrying" jid=rbdduiktozne@movim.eu err="dialing rbdduiktozne@movim.eu: lookup _xmpps-client._tcp.movim.eu on [2a07:b944::2:1]:53: read udp [2a07:b944::2:2]:50264->[2a07:b944::2:1]:53: i/o timeout\nlookup _xmpp-client._tcp.movim.eu on [2a07:b944::2:1]:53: read udp [2a07:b944::2:2]:44779->[2a07:b944::2:1]:53: i/o timeout" backoff=1m0s
time=2026-08-23T20:16:50.057+02:00 level=WARN msg="reconnecting failed; retrying" jid=jimww@conversations.im err="dialing jimww@conversations.im: lookup _xmpps-client._tcp.conversations.im on [2a07:b944::2:1]:53: read udp [2a07:b944::2:2]:52484->[2a07:b944::2:1]:53: i/o timeout\nlookup _xmpp-client._tcp.conversations.im on [2a07:b944::2:1]:53: read udp [2a07:b944::2:2]:41119->[2a07:b944::2:1]:53: i/o timeout" backoff=1m0s
time=2026-08-23T20:18:00.068+02:00 level=WARN msg="reconnecting failed; retrying" jid=rbdduiktozne@movim.eu err="dialing rbdduiktozne@movim.eu: lookup _xmpps-client._tcp.movim.eu on [2a07:b944::2:1]:53: read udp [2a07:b944::2:2]:58064->[2a07:b944::2:1]:53: i/o timeout\nlookup _xmpp-client._tcp.movim.eu on [2a07:b944::2:1]:53: read udp [2a07:b944::2:2]:42015->[2a07:b944::2:1]:53: i/o timeout" backoff=1m0s
time=2026-08-23T20:18:10.078+02:00 level=WARN msg="reconnecting failed; retrying" jid=jimww@conversations.im err="dialing jimww@conversations.im: lookup _xmpps-client._tcp.conversations.im on [2a07:b944::2:1]:53: read udp [2a07:b944::2:2]:60971->[2a07:b944::2:1]:53: i/o timeout\nlookup _xmpp-client._tcp.conversations.im on [2a07:b944::2:1]:53: read udp [2a07:b944::2:2]:37074->[2a07:b944::2:1]:53: i/o timeout" backoff=1m0s
time=2026-08-23T20:19:13.147+02:00 level=DEBUG msg="makeNodeOpen: reconfigured to open access" node=urn:xmpp:omemo:2:bundles:454749576
time=2026-08-23T20:19:13.147+02:00 level=DEBUG msg="makeNodeOpen: reconfigured to open access" node=urn:xmpp:omemo:2:bundles:3970042472
time=2026-08-23T20:19:13.351+02:00 level=DEBUG msg="FetchOmemoDeviceList: fetched" peer=jimww@conversations.im count=2 devices="[454749576 1087746059]"
time=2026-08-23T20:19:13.351+02:00 level=DEBUG msg="FetchOmemoDeviceList: fetched" peer=rbdduiktozne@movim.eu count=2 devices="[3970042472 738931598]"
time=2026-08-23T20:19:13.351+02:00 level=DEBUG msg="omemo setup: local device ID and current device list" protocol=v2 jid=jimww@conversations.im local_device=454749576 devices="[454749576 1087746059]"
time=2026-08-23T20:19:13.351+02:00 level=DEBUG msg="omemo setup: local device ID and current device list" protocol=v2 jid=rbdduiktozne@movim.eu local_device=3970042472 devices="[3970042472 738931598]"
time=2026-08-23T20:19:13.352+02:00 level=DEBUG msg="omemo setup: publishing device list" protocol=v2 jid=jimww@conversations.im devices="[454749576 1087746059]"
time=2026-08-23T20:19:13.352+02:00 level=DEBUG msg="omemo setup: publishing device list" protocol=v2 jid=rbdduiktozne@movim.eu devices="[3970042472 738931598]"
time=2026-08-23T20:19:14.170+02:00 level=DEBUG msg="makeNodeOpen: reconfigured to open access" node=urn:xmpp:omemo:2:devices
time=2026-08-23T20:19:14.170+02:00 level=DEBUG msg="makeNodeOpen: reconfigured to open access" node=urn:xmpp:omemo:2:devices
time=2026-08-23T20:19:14.374+02:00 level=DEBUG msg="FetchOmemoDeviceList: fetched" peer=jimww@conversations.im count=2 devices="[454749576 1087746059]"
time=2026-08-23T20:19:14.374+02:00 level=DEBUG msg="FetchOmemoDeviceList: fetched" peer=rbdduiktozne@movim.eu count=2 devices="[3970042472 738931598]"
time=2026-08-23T20:19:14.955+02:00 level=DEBUG msg="makeNodeOpen: reconfigured to open access" node=eu.siacs.conversations.axolotl.bundles:396492910
time=2026-08-23T20:19:14.955+02:00 level=DEBUG msg="makeNodeOpen: reconfigured to open access" node=eu.siacs.conversations.axolotl.bundles:1215632555
time=2026-08-23T20:19:15.126+02:00 level=DEBUG msg="FetchOmemoDeviceListV1: fetched" peer=jimww@conversations.im count=2 devices="[396492910 3519373093]"
time=2026-08-23T20:19:15.126+02:00 level=DEBUG msg="FetchOmemoDeviceListV1: fetched" peer=rbdduiktozne@movim.eu count=4 devices="[652529220 1532489010 1215632555 281798428]"
time=2026-08-23T20:19:15.126+02:00 level=DEBUG msg="omemo setup: local device ID and current device list" protocol=v1 jid=jimww@conversations.im local_device=396492910 devices="[396492910 3519373093]"
time=2026-08-23T20:19:15.126+02:00 level=DEBUG msg="omemo setup: publishing device list" protocol=v1 jid=jimww@conversations.im devices="[396492910 3519373093]"
time=2026-08-23T20:19:15.126+02:00 level=DEBUG msg="omemo setup: local device ID and current device list" protocol=v1 jid=rbdduiktozne@movim.eu local_device=1215632555 devices="[652529220 1532489010 1215632555 281798428]"
time=2026-08-23T20:19:15.126+02:00 level=DEBUG msg="omemo setup: publishing device list" protocol=v1 jid=rbdduiktozne@movim.eu devices="[652529220 1532489010 1215632555 281798428]"
time=2026-08-23T20:19:15.581+02:00 level=DEBUG msg="makeNodeOpen: reconfigured to open access" node=eu.siacs.conversations.axolotl.devicelist
time=2026-08-23T20:19:15.593+02:00 level=DEBUG msg="makeNodeOpen: reconfigured to open access" node=eu.siacs.conversations.axolotl.devicelist
time=2026-08-23T20:19:15.754+02:00 level=DEBUG msg="FetchOmemoDeviceListV1: fetched" peer=jimww@conversations.im count=2 devices="[396492910 3519373093]"
time=2026-08-23T20:19:15.754+02:00 level=DEBUG msg="FetchOmemoDeviceListV1: fetched" peer=rbdduiktozne@movim.eu count=4 devices="[652529220 1532489010 1215632555 281798428]"
time=2026-08-23T20:19:15.979+02:00 level=DEBUG msg="FetchOmemoDeviceList: fetched" peer=rbdduiktozne@movim.eu count=2 devices="[3970042472 738931598]"
time=2026-08-23T20:19:15.979+02:00 level=DEBUG msg="FetchOmemoDeviceList: fetched" peer=qr30bqqwv50lbb3x3tau@movim.eu count=9 devices="[3546796710 543807001 1136287838 804539282 766575397 1069781368 3439252694 3095662882 1110435295]"
time=2026-08-23T20:19:16.139+02:00 level=DEBUG msg="FetchOmemoDeviceListV1: fetched" peer=rbdduiktozne@movim.eu count=4 devices="[652529220 1532489010 1215632555 281798428]"
time=2026-08-23T20:19:16.149+02:00 level=DEBUG msg="FetchOmemoDeviceListV1: fetched" peer=qr30bqqwv50lbb3x3tau@movim.eu count=7 devices="[1041050623 99377310 406890504 465880925 1294895317 1689625064 1425664679]"
time=2026-08-23T20:19:16.185+02:00 level=DEBUG msg="resynced omemo-v1 device list on connect" peer=rbdduiktozne@movim.eu jid=jimww@conversations.im
time=2026-08-23T20:19:16.213+02:00 level=DEBUG msg="resynced omemo-v1 device list on connect" peer=qr30bqqwv50lbb3x3tau@movim.eu jid=rbdduiktozne@movim.eu
time=2026-08-23T20:19:16.422+02:00 level=DEBUG msg="FetchOmemoDeviceList: fetched" peer=jimww@conversations.im count=2 devices="[454749576 1087746059]"
time=2026-08-23T20:19:16.422+02:00 level=DEBUG msg="FetchOmemoDeviceList: fetched" peer=rbdduiktozne@movim.eu count=2 devices="[3970042472 738931598]"
time=2026-08-23T20:19:16.831+02:00 level=DEBUG msg="FetchOmemoDeviceListV1: fetched" peer=jimww@conversations.im count=2 devices="[396492910 3519373093]"
time=2026-08-23T20:19:16.831+02:00 level=DEBUG msg="FetchOmemoDeviceListV1: fetched" peer=rbdduiktozne@movim.eu count=4 devices="[652529220 1532489010 1215632555 281798428]"
time=2026-08-23T20:19:16.869+02:00 level=DEBUG msg="resynced omemo-v1 device list on connect" peer=jimww@conversations.im jid=jimww@conversations.im
time=2026-08-23T20:19:16.869+02:00 level=DEBUG msg="account reconnected" jid=jimww@conversations.im
time=2026-08-23T20:19:16.880+02:00 level=DEBUG msg="syncArchive: contacts to check" jid=jimww@conversations.im contacts=2
time=2026-08-23T20:19:16.886+02:00 level=DEBUG msg="resynced omemo-v1 device list on connect" peer=rbdduiktozne@movim.eu jid=rbdduiktozne@movim.eu
time=2026-08-23T20:19:17.240+02:00 level=DEBUG msg="FetchOmemoDeviceList: fetched" peer=jimww@conversations.im count=2 devices="[454749576 1087746059]"
time=2026-08-23T20:19:17.549+02:00 level=DEBUG msg="FetchOmemoDeviceListV1: fetched" peer=jimww@conversations.im count=2 devices="[396492910 3519373093]"
time=2026-08-23T20:19:17.574+02:00 level=DEBUG msg="resynced omemo-v1 device list on connect" peer=jimww@conversations.im jid=rbdduiktozne@movim.eu
time=2026-08-23T20:19:17.855+02:00 level=DEBUG msg="mam page fetched" jid=jimww@conversations.im peer=rbdduiktozne@movim.eu page=0 elapsed=974.688092ms after=1786145008487877 items=0 complete=false err=<nil>
time=2026-08-23T20:19:17.855+02:00 level=DEBUG msg="syncArchiveForContact done" jid=jimww@conversations.im peer=rbdduiktozne@movim.eu elapsed=974.778211ms
time=2026-08-23T20:19:18.198+02:00 level=DEBUG msg="mam page fetched" jid=jimww@conversations.im peer=jimww@conversations.im page=0 elapsed=342.687577ms after="" items=0 complete=false err=<nil>
time=2026-08-23T20:19:18.198+02:00 level=DEBUG msg="syncArchiveForContact done" jid=jimww@conversations.im peer=jimww@conversations.im elapsed=342.780001ms
time=2026-08-23T20:19:18.198+02:00 level=DEBUG msg="FetchOmemoDeviceListV1: fetched" peer=juliya@conversations.im count=1 devices=[80731641]
time=2026-08-23T20:19:18.198+02:00 level=DEBUG msg="received omemo device-list PEP push" protocol=v1 from="" jid=jimww@conversations.im
time=2026-08-23T20:19:18.198+02:00 level=DEBUG msg="received omemo device-list PEP push" protocol=v2 from="" jid=jimww@conversations.im
time=2026-08-23T20:19:18.198+02:00 level=DEBUG msg="received omemo device-list PEP push" protocol=v1 from=rbdduiktozne@movim.eu jid=jimww@conversations.im
time=2026-08-23T20:19:18.198+02:00 level=DEBUG msg="received omemo device-list PEP push" protocol=v2 from=rbdduiktozne@movim.eu jid=jimww@conversations.im
time=2026-08-23T20:19:18.198+02:00 level=DEBUG msg="received omemo device-list PEP push" protocol=v1 from=rbdduiktozne@movim.eu jid=jimww@conversations.im
time=2026-08-23T20:19:18.198+02:00 level=DEBUG msg="received omemo device-list PEP push" protocol=v2 from=rbdduiktozne@movim.eu jid=jimww@conversations.im
time=2026-08-23T20:19:18.198+02:00 level=DEBUG msg="received omemo device-list PEP push" protocol=v1 from=rbdduiktozne@movim.eu jid=jimww@conversations.im
time=2026-08-23T20:19:18.198+02:00 level=DEBUG msg="received omemo device-list PEP push" protocol=v2 from=rbdduiktozne@movim.eu jid=jimww@conversations.im
time=2026-08-23T20:19:18.198+02:00 level=DEBUG msg="received omemo device-list PEP push" protocol=v2 from="" jid=jimww@conversations.im
time=2026-08-23T20:19:18.198+02:00 level=DEBUG msg="received omemo device-list PEP push" protocol=v2 from=rbdduiktozne@movim.eu jid=jimww@conversations.im
time=2026-08-23T20:19:18.198+02:00 level=DEBUG msg="received omemo device-list PEP push" protocol=v1 from="" jid=jimww@conversations.im
time=2026-08-23T20:19:18.198+02:00 level=DEBUG msg="received omemo device-list PEP push" protocol=v1 from=rbdduiktozne@movim.eu jid=jimww@conversations.im
time=2026-08-23T20:19:18.218+02:00 level=DEBUG msg="resynced omemo-v1 device list on connect" peer=juliya@conversations.im jid=rbdduiktozne@movim.eu
time=2026-08-23T20:19:18.218+02:00 level=DEBUG msg="account reconnected" jid=rbdduiktozne@movim.eu
time=2026-08-23T20:19:18.219+02:00 level=DEBUG msg="syncArchive: contacts to check" jid=rbdduiktozne@movim.eu contacts=4
time=2026-08-23T20:19:18.395+02:00 level=DEBUG msg="FetchOmemoDeviceList: fetched" peer=rbdduiktozne@movim.eu count=2 devices="[3970042472 738931598]"
time=2026-08-23T20:19:18.395+02:00 level=DEBUG msg="FetchOmemoDeviceListV1: fetched" peer=rbdduiktozne@movim.eu count=4 devices="[652529220 1532489010 1215632555 281798428]"
time=2026-08-23T20:19:18.395+02:00 level=DEBUG msg="FetchOmemoDeviceListV1: fetched" peer=rbdduiktozne@movim.eu count=4 devices="[652529220 1532489010 1215632555 281798428]"
time=2026-08-23T20:19:18.396+02:00 level=DEBUG msg="FetchOmemoDeviceList: fetched" peer=rbdduiktozne@movim.eu count=2 devices="[3970042472 738931598]"
time=2026-08-23T20:19:18.396+02:00 level=DEBUG msg="FetchOmemoDeviceListV1: fetched" peer=rbdduiktozne@movim.eu count=4 devices="[652529220 1532489010 1215632555 281798428]"
time=2026-08-23T20:19:18.396+02:00 level=DEBUG msg="FetchOmemoDeviceList: fetched" peer=rbdduiktozne@movim.eu count=2 devices="[3970042472 738931598]"
time=2026-08-23T20:19:18.438+02:00 level=DEBUG msg="resynced omemo device list after PEP push" protocol=v2 from=rbdduiktozne@movim.eu jid=jimww@conversations.im
time=2026-08-23T20:19:18.444+02:00 level=DEBUG msg="resynced omemo device list after PEP push" protocol=v2 from=rbdduiktozne@movim.eu jid=jimww@conversations.im
time=2026-08-23T20:19:18.450+02:00 level=DEBUG msg="resynced omemo device list after PEP push" protocol=v1 from=rbdduiktozne@movim.eu jid=jimww@conversations.im
time=2026-08-23T20:19:18.450+02:00 level=DEBUG msg="resynced omemo device list after PEP push" protocol=v1 from=rbdduiktozne@movim.eu jid=jimww@conversations.im
time=2026-08-23T20:19:18.450+02:00 level=DEBUG msg="resynced omemo device list after PEP push" protocol=v2 from=rbdduiktozne@movim.eu jid=jimww@conversations.im
time=2026-08-23T20:19:18.450+02:00 level=DEBUG msg="resynced omemo device list after PEP push" protocol=v1 from=rbdduiktozne@movim.eu jid=jimww@conversations.im
time=2026-08-23T20:19:18.583+02:00 level=DEBUG msg="FetchOmemoDeviceList: fetched" peer=rbdduiktozne@movim.eu count=2 devices="[3970042472 738931598]"
time=2026-08-23T20:19:18.583+02:00 level=DEBUG msg="FetchOmemoDeviceListV1: fetched" peer=rbdduiktozne@movim.eu count=4 devices="[652529220 1532489010 1215632555 281798428]"
time=2026-08-23T20:19:18.620+02:00 level=DEBUG msg="resynced omemo device list after PEP push" protocol=v2 from=rbdduiktozne@movim.eu jid=jimww@conversations.im
time=2026-08-23T20:19:18.637+02:00 level=DEBUG msg="resynced omemo device list after PEP push" protocol=v1 from=rbdduiktozne@movim.eu jid=jimww@conversations.im
time=2026-08-23T20:19:18.796+02:00 level=DEBUG msg="mam page fetched" jid=rbdduiktozne@movim.eu peer=juliya@conversations.im page=0 elapsed=577.044691ms after=1781027641892659 items=0 complete=false err=<nil>
time=2026-08-23T20:19:18.796+02:00 level=DEBUG msg="syncArchiveForContact done" jid=rbdduiktozne@movim.eu peer=juliya@conversations.im elapsed=577.102561ms
time=2026-08-23T20:19:20.566+02:00 level=DEBUG msg="mam page fetched" jid=rbdduiktozne@movim.eu peer=qr30bqqwv50lbb3x3tau@movim.eu page=0 elapsed=1.770655154s after=1780827424944565 items=0 complete=false err=<nil>
time=2026-08-23T20:19:20.567+02:00 level=DEBUG msg="syncArchiveForContact done" jid=rbdduiktozne@movim.eu peer=qr30bqqwv50lbb3x3tau@movim.eu elapsed=1.770733686s
time=2026-08-23T20:19:20.688+02:00 level=DEBUG msg="mam page fetched" jid=rbdduiktozne@movim.eu peer=rbdduiktozne@movim.eu page=0 elapsed=121.875897ms after="" items=0 complete=false err=<nil>
time=2026-08-23T20:19:20.689+02:00 level=DEBUG msg="syncArchiveForContact done" jid=rbdduiktozne@movim.eu peer=rbdduiktozne@movim.eu elapsed=121.989961ms
time=2026-08-23T20:19:20.932+02:00 level=DEBUG msg="mam page fetched" jid=rbdduiktozne@movim.eu peer=jimww@conversations.im page=0 elapsed=243.285278ms after=1786145008477310 items=0 complete=false err=<nil>
time=2026-08-23T20:19:20.932+02:00 level=DEBUG msg="syncArchiveForContact done" jid=rbdduiktozne@movim.eu peer=jimww@conversations.im elapsed=243.358226ms
time=2026-08-23T20:19:20.932+02:00 level=DEBUG msg="received omemo device-list PEP push" protocol=v1 from="" jid=rbdduiktozne@movim.eu
time=2026-08-23T20:19:20.932+02:00 level=DEBUG msg="received omemo device-list PEP push" protocol=v2 from="" jid=rbdduiktozne@movim.eu
time=2026-08-23T20:19:20.932+02:00 level=DEBUG msg="received omemo device-list PEP push" protocol=v1 from=qr30bqqwv50lbb3x3tau@movim.eu jid=rbdduiktozne@movim.eu
time=2026-08-23T20:19:20.932+02:00 level=DEBUG msg="received omemo device-list PEP push" protocol=v2 from=qr30bqqwv50lbb3x3tau@movim.eu jid=rbdduiktozne@movim.eu
time=2026-08-23T20:19:20.932+02:00 level=DEBUG msg="received omemo device-list PEP push" protocol=v1 from=juliya@conversations.im jid=rbdduiktozne@movim.eu
time=2026-08-23T20:19:20.932+02:00 level=DEBUG msg="received omemo device-list PEP push" protocol=v1 from=jimww@conversations.im jid=rbdduiktozne@movim.eu
time=2026-08-23T20:19:20.932+02:00 level=DEBUG msg="received omemo device-list PEP push" protocol=v2 from=jimww@conversations.im jid=rbdduiktozne@movim.eu
time=2026-08-23T20:19:20.932+02:00 level=DEBUG msg="received omemo device-list PEP push" protocol=v1 from=jimww@conversations.im jid=rbdduiktozne@movim.eu
time=2026-08-23T20:19:20.932+02:00 level=DEBUG msg="received omemo device-list PEP push" protocol=v2 from=jimww@conversations.im jid=rbdduiktozne@movim.eu
time=2026-08-23T20:19:20.932+02:00 level=DEBUG msg="received omemo device-list PEP push" protocol=v2 from="" jid=rbdduiktozne@movim.eu
time=2026-08-23T20:19:20.932+02:00 level=DEBUG msg="received omemo device-list PEP push" protocol=v2 from=jimww@conversations.im jid=rbdduiktozne@movim.eu
time=2026-08-23T20:19:20.932+02:00 level=DEBUG msg="received omemo device-list PEP push" protocol=v1 from="" jid=rbdduiktozne@movim.eu
time=2026-08-23T20:19:20.932+02:00 level=DEBUG msg="received omemo device-list PEP push" protocol=v1 from=jimww@conversations.im jid=rbdduiktozne@movim.eu
time=2026-08-23T20:19:20.932+02:00 level=DEBUG msg="received omemo device-list PEP push" protocol=v1 from=qr30bqqwv50lbb3x3tau@movim.eu jid=rbdduiktozne@movim.eu
time=2026-08-23T20:19:20.932+02:00 level=DEBUG msg="received omemo device-list PEP push" protocol=v2 from=qr30bqqwv50lbb3x3tau@movim.eu jid=rbdduiktozne@movim.eu
time=2026-08-23T20:19:21.114+02:00 level=DEBUG msg="FetchOmemoDeviceListV1: fetched" peer=qr30bqqwv50lbb3x3tau@movim.eu count=7 devices="[1041050623 99377310 406890504 465880925 1294895317 1689625064 1425664679]"
time=2026-08-23T20:19:21.114+02:00 level=DEBUG msg="FetchOmemoDeviceList: fetched" peer=qr30bqqwv50lbb3x3tau@movim.eu count=9 devices="[3546796710 543807001 1136287838 804539282 766575397 1069781368 3439252694 3095662882 1110435295]"
time=2026-08-23T20:19:21.156+02:00 level=DEBUG msg="FetchOmemoDeviceListV1: fetched" peer=qr30bqqwv50lbb3x3tau@movim.eu count=7 devices="[1041050623 99377310 406890504 465880925 1294895317 1689625064 1425664679]"
time=2026-08-23T20:19:21.156+02:00 level=DEBUG msg="FetchOmemoDeviceList: fetched" peer=qr30bqqwv50lbb3x3tau@movim.eu count=9 devices="[3546796710 543807001 1136287838 804539282 766575397 1069781368 3439252694 3095662882 1110435295]"
time=2026-08-23T20:19:21.156+02:00 level=DEBUG msg="FetchOmemoDeviceListV1: fetched" peer=jimww@conversations.im count=2 devices="[396492910 3519373093]"
time=2026-08-23T20:19:21.156+02:00 level=DEBUG msg="FetchOmemoDeviceListV1: fetched" peer=juliya@conversations.im count=1 devices=[80731641]
time=2026-08-23T20:19:21.156+02:00 level=DEBUG msg="FetchOmemoDeviceListV1: fetched" peer=jimww@conversations.im count=2 devices="[396492910 3519373093]"
time=2026-08-23T20:19:21.156+02:00 level=DEBUG msg="FetchOmemoDeviceList: fetched" peer=jimww@conversations.im count=2 devices="[454749576 1087746059]"
time=2026-08-23T20:19:21.210+02:00 level=DEBUG msg="resynced omemo device list after PEP push" protocol=v1 from=juliya@conversations.im jid=rbdduiktozne@movim.eu
time=2026-08-23T20:19:21.225+02:00 level=DEBUG msg="FetchOmemoDeviceList: fetched" peer=jimww@conversations.im count=2 devices="[454749576 1087746059]"
time=2026-08-23T20:19:21.225+02:00 level=DEBUG msg="FetchOmemoDeviceList: fetched" peer=jimww@conversations.im count=2 devices="[454749576 1087746059]"
time=2026-08-23T20:19:21.225+02:00 level=DEBUG msg="FetchOmemoDeviceListV1: fetched" peer=jimww@conversations.im count=2 devices="[396492910 3519373093]"
time=2026-08-23T20:19:21.229+02:00 level=DEBUG msg="resynced omemo device list after PEP push" protocol=v1 from=jimww@conversations.im jid=rbdduiktozne@movim.eu
time=2026-08-23T20:19:21.229+02:00 level=DEBUG msg="resynced omemo device list after PEP push" protocol=v1 from=jimww@conversations.im jid=rbdduiktozne@movim.eu
time=2026-08-23T20:19:21.248+02:00 level=DEBUG msg="resynced omemo device list after PEP push" protocol=v2 from=jimww@conversations.im jid=rbdduiktozne@movim.eu
time=2026-08-23T20:19:21.259+02:00 level=DEBUG msg="resynced omemo device list after PEP push" protocol=v2 from=jimww@conversations.im jid=rbdduiktozne@movim.eu
time=2026-08-23T20:19:21.284+02:00 level=DEBUG msg="resynced omemo device list after PEP push" protocol=v2 from=jimww@conversations.im jid=rbdduiktozne@movim.eu
time=2026-08-23T20:19:21.344+02:00 level=DEBUG msg="resynced omemo device list after PEP push" protocol=v1 from=qr30bqqwv50lbb3x3tau@movim.eu jid=rbdduiktozne@movim.eu
time=2026-08-23T20:19:21.350+02:00 level=DEBUG msg="resynced omemo device list after PEP push" protocol=v1 from=jimww@conversations.im jid=rbdduiktozne@movim.eu
time=2026-08-23T20:19:21.369+02:00 level=DEBUG msg="resynced omemo device list after PEP push" protocol=v2 from=qr30bqqwv50lbb3x3tau@movim.eu jid=rbdduiktozne@movim.eu
time=2026-08-23T20:19:21.369+02:00 level=DEBUG msg="resynced omemo device list after PEP push" protocol=v2 from=qr30bqqwv50lbb3x3tau@movim.eu jid=rbdduiktozne@movim.eu
time=2026-08-23T20:19:21.369+02:00 level=DEBUG msg="resynced omemo device list after PEP push" protocol=v1 from=qr30bqqwv50lbb3x3tau@movim.eu jid=rbdduiktozne@movim.eu
time=2026-08-23T20:20:21.174+02:00 level=INFO msg="kage starting" version=0.5.0-cf31e60a399b2c1ad5901d48d79db416269171f9 log_file=/home/jim/.config/kage/debug.log
time=2026-08-23T20:20:21.175+02:00 level=DEBUG msg="local roster loaded" jid=rbdduiktozne@movim.eu contacts=3
time=2026-08-23T20:20:21.183+02:00 level=DEBUG msg="loadHistoryWindow done" jid=rbdduiktozne@movim.eu peer=jimww@conversations.im elapsed=7.643377ms messages=60 more=true
time=2026-08-23T20:20:21.187+02:00 level=DEBUG msg="loadHistoryWindow done" jid=rbdduiktozne@movim.eu peer=juliya@conversations.im elapsed=3.866365ms messages=60 more=true
time=2026-08-23T20:20:21.190+02:00 level=DEBUG msg="loadHistoryWindow done" jid=rbdduiktozne@movim.eu peer=qr30bqqwv50lbb3x3tau@movim.eu elapsed=3.612479ms messages=60 more=true
time=2026-08-23T20:20:21.190+02:00 level=DEBUG msg="local roster loaded" jid=jimww@conversations.im contacts=1
time=2026-08-23T20:20:21.194+02:00 level=DEBUG msg="loadHistoryWindow done" jid=jimww@conversations.im peer=rbdduiktozne@movim.eu elapsed=3.57967ms messages=60 more=true
time=2026-08-23T20:20:21.224+02:00 level=DEBUG msg="focus state updated" accountJID=rbdduiktozne@movim.eu chatAddress=jimww@conversations.im focused=true key="rbdduiktozne@movim.eu\x00jimww@conversations.im"
time=2026-08-23T20:20:23.943+02:00 level=DEBUG msg="focus state updated" accountJID="" chatAddress="" focused=true key=""
time=2026-08-23T20:20:33.064+02:00 level=DEBUG msg="focus state updated" accountJID=rbdduiktozne@movim.eu chatAddress=jimww@conversations.im focused=true key="rbdduiktozne@movim.eu\x00jimww@conversations.im"
time=2026-08-23T20:20:33.427+02:00 level=DEBUG msg="focus state updated" accountJID="" chatAddress="" focused=true key=""
time=2026-08-23T20:20:38.981+02:00 level=DEBUG msg="focus state updated" accountJID=rbdduiktozne@movim.eu chatAddress=jimww@conversations.im focused=true key="rbdduiktozne@movim.eu\x00jimww@conversations.im"
time=2026-08-23T20:20:39.683+02:00 level=DEBUG msg="focus state updated" accountJID="" chatAddress="" focused=true key=""
time=2026-08-23T20:20:46.370+02:00 level=INFO msg="kage starting" version=0.5.0-cf31e60a399b2c1ad5901d48d79db416269171f9 log_file=/home/jim/.config/kage/debug.log
time=2026-08-23T20:20:46.371+02:00 level=DEBUG msg="local roster loaded" jid=rbdduiktozne@movim.eu contacts=3
time=2026-08-23T20:20:46.379+02:00 level=DEBUG msg="loadHistoryWindow done" jid=rbdduiktozne@movim.eu peer=jimww@conversations.im elapsed=8.553024ms messages=60 more=true
time=2026-08-23T20:20:46.383+02:00 level=DEBUG msg="loadHistoryWindow done" jid=rbdduiktozne@movim.eu peer=juliya@conversations.im elapsed=3.441663ms messages=60 more=true
time=2026-08-23T20:20:46.387+02:00 level=DEBUG msg="loadHistoryWindow done" jid=rbdduiktozne@movim.eu peer=qr30bqqwv50lbb3x3tau@movim.eu elapsed=3.621693ms messages=60 more=true
time=2026-08-23T20:20:46.387+02:00 level=DEBUG msg="local roster loaded" jid=jimww@conversations.im contacts=1
time=2026-08-23T20:20:46.393+02:00 level=DEBUG msg="loadHistoryWindow done" jid=jimww@conversations.im peer=rbdduiktozne@movim.eu elapsed=6.295766ms messages=60 more=true
time=2026-08-23T20:20:46.412+02:00 level=DEBUG msg="focus state updated" accountJID=rbdduiktozne@movim.eu chatAddress=jimww@conversations.im focused=true key="rbdduiktozne@movim.eu\x00jimww@conversations.im"
time=2026-08-23T20:20:47.256+02:00 level=DEBUG msg="focus state updated" accountJID=rbdduiktozne@movim.eu chatAddress=jimww@conversations.im focused=false key="rbdduiktozne@movim.eu\x00jimww@conversations.im"
time=2026-08-23T20:20:47.543+02:00 level=DEBUG msg="focus state updated" accountJID=rbdduiktozne@movim.eu chatAddress=jimww@conversations.im focused=true key="rbdduiktozne@movim.eu\x00jimww@conversations.im"
time=2026-08-23T20:20:47.577+02:00 level=DEBUG msg="focus state updated" accountJID="" chatAddress="" focused=true key=""
time=2026-08-23T21:31:30.263+02:00 level=WARN msg="account disconnected; reconnecting" jid=jimww@conversations.im err="write tcp [2a07:b944::2:2]:59108->[2a00:1828:2000:215::50]:443: write: broken pipe"
time=2026-08-23T21:31:39.478+02:00 level=WARN msg="account disconnected; reconnecting" jid=rbdduiktozne@movim.eu err="write tcp [2a07:b944::2:2]:49576->[2a03:4000:51:f44:4e1:2ff:fe00:4257]:5223: write: broken pipe"
time=2026-08-23T21:31:50.289+02:00 level=WARN msg="reconnecting failed; retrying" jid=jimww@conversations.im err="dialing jimww@conversations.im: lookup _xmpps-client._tcp.conversations.im on [2a07:b944::2:1]:53: read udp [2a07:b944::2:2]:49607->[2a07:b944::2:1]:53: i/o timeout\nlookup _xmpp-client._tcp.conversations.im on [2a07:b944::2:1]:53: read udp [2a07:b944::2:2]:38223->[2a07:b944::2:1]:53: i/o timeout" backoff=1s
time=2026-08-23T21:31:59.504+02:00 level=WARN msg="reconnecting failed; retrying" jid=rbdduiktozne@movim.eu err="dialing rbdduiktozne@movim.eu: lookup _xmpps-client._tcp.movim.eu on [2a07:b944::2:1]:53: read udp [2a07:b944::2:2]:37821->[2a07:b944::2:1]:53: i/o timeout\nlookup _xmpp-client._tcp.movim.eu on [2a07:b944::2:1]:53: read udp [2a07:b944::2:2]:38063->[2a07:b944::2:1]:53: i/o timeout" backoff=1s
time=2026-08-23T21:32:11.302+02:00 level=WARN msg="reconnecting failed; retrying" jid=jimww@conversations.im err="dialing jimww@conversations.im: lookup _xmpps-client._tcp.conversations.im on [2a07:b944::2:1]:53: read udp [2a07:b944::2:2]:50040->[2a07:b944::2:1]:53: i/o timeout\nlookup _xmpp-client._tcp.conversations.im on [2a07:b944::2:1]:53: read udp [2a07:b944::2:2]:58874->[2a07:b944::2:1]:53: i/o timeout" backoff=2s
time=2026-08-23T21:32:20.525+02:00 level=WARN msg="reconnecting failed; retrying" jid=rbdduiktozne@movim.eu err="dialing rbdduiktozne@movim.eu: lookup _xmpps-client._tcp.movim.eu on [2a07:b944::2:1]:53: read udp [2a07:b944::2:2]:32839->[2a07:b944::2:1]:53: i/o timeout\nlookup _xmpp-client._tcp.movim.eu on [2a07:b944::2:1]:53: read udp [2a07:b944::2:2]:44756->[2a07:b944::2:1]:53: i/o timeout" backoff=2s
time=2026-08-23T21:32:33.317+02:00 level=WARN msg="reconnecting failed; retrying" jid=jimww@conversations.im err="dialing jimww@conversations.im: lookup _xmpps-client._tcp.conversations.im on [2a07:b944::2:1]:53: read udp [2a07:b944::2:2]:54935->[2a07:b944::2:1]:53: i/o timeout\nlookup _xmpp-client._tcp.conversations.im on [2a07:b944::2:1]:53: read udp [2a07:b944::2:2]:43402->[2a07:b944::2:1]:53: i/o timeout" backoff=4s
time=2026-08-23T21:32:42.544+02:00 level=WARN msg="reconnecting failed; retrying" jid=rbdduiktozne@movim.eu err="dialing rbdduiktozne@movim.eu: lookup _xmpps-client._tcp.movim.eu on [2a07:b944::2:1]:53: read udp [2a07:b944::2:2]:41594->[2a07:b944::2:1]:53: i/o timeout\nlookup _xmpp-client._tcp.movim.eu on [2a07:b944::2:1]:53: read udp [2a07:b944::2:2]:55780->[2a07:b944::2:1]:53: i/o timeout" backoff=4s
time=2026-08-23T21:32:57.334+02:00 level=WARN msg="reconnecting failed; retrying" jid=jimww@conversations.im err="dialing jimww@conversations.im: lookup _xmpps-client._tcp.conversations.im on [2a07:b944::2:1]:53: read udp [2a07:b944::2:2]:48906->[2a07:b944::2:1]:53: i/o timeout\nlookup _xmpp-client._tcp.conversations.im on [2a07:b944::2:1]:53: read udp [2a07:b944::2:2]:57257->[2a07:b944::2:1]:53: i/o timeout" backoff=8s
time=2026-08-23T21:33:06.560+02:00 level=WARN msg="reconnecting failed; retrying" jid=rbdduiktozne@movim.eu err="dialing rbdduiktozne@movim.eu: lookup _xmpps-client._tcp.movim.eu on [2a07:b944::2:1]:53: read udp [2a07:b944::2:2]:34519->[2a07:b944::2:1]:53: i/o timeout\nlookup _xmpp-client._tcp.movim.eu on [2a07:b944::2:1]:53: read udp [2a07:b944::2:2]:44852->[2a07:b944::2:1]:53: i/o timeout" backoff=8s
time=2026-08-23T21:33:25.348+02:00 level=WARN msg="reconnecting failed; retrying" jid=jimww@conversations.im err="dialing jimww@conversations.im: lookup _xmpps-client._tcp.conversations.im on [2a07:b944::2:1]:53: read udp [2a07:b944::2:2]:37622->[2a07:b944::2:1]:53: i/o timeout\nlookup _xmpp-client._tcp.conversations.im on [2a07:b944::2:1]:53: read udp [2a07:b944::2:2]:36302->[2a07:b944::2:1]:53: i/o timeout" backoff=16s
time=2026-08-23T21:33:34.587+02:00 level=WARN msg="reconnecting failed; retrying" jid=rbdduiktozne@movim.eu err="dialing rbdduiktozne@movim.eu: lookup _xmpps-client._tcp.movim.eu on [2a07:b944::2:1]:53: read udp [2a07:b944::2:2]:57743->[2a07:b944::2:1]:53: i/o timeout\nlookup _xmpp-client._tcp.movim.eu on [2a07:b944::2:1]:53: read udp [2a07:b944::2:2]:43938->[2a07:b944::2:1]:53: i/o timeout" backoff=16s
time=2026-08-23T21:34:01.369+02:00 level=WARN msg="reconnecting failed; retrying" jid=jimww@conversations.im err="dialing jimww@conversations.im: lookup _xmpps-client._tcp.conversations.im on [2a07:b944::2:1]:53: read udp [2a07:b944::2:2]:52062->[2a07:b944::2:1]:53: i/o timeout\nlookup _xmpp-client._tcp.conversations.im on [2a07:b944::2:1]:53: read udp [2a07:b944::2:2]:36316->[2a07:b944::2:1]:53: i/o timeout" backoff=32s
time=2026-08-23T21:34:02.144+02:00 level=INFO msg="kage starting" version=0.5.0-cf31e60a399b2c1ad5901d48d79db416269171f9 log_file=/home/jim/.config/kage/debug.log
time=2026-08-23T21:34:02.145+02:00 level=DEBUG msg="local roster loaded" jid=rbdduiktozne@movim.eu contacts=3
time=2026-08-23T21:34:02.150+02:00 level=DEBUG msg="loadHistoryWindow done" jid=rbdduiktozne@movim.eu peer=jimww@conversations.im elapsed=4.378643ms messages=60 more=true
time=2026-08-23T21:34:02.155+02:00 level=DEBUG msg="loadHistoryWindow done" jid=rbdduiktozne@movim.eu peer=juliya@conversations.im elapsed=4.420129ms messages=60 more=true
time=2026-08-23T21:34:02.159+02:00 level=DEBUG msg="loadHistoryWindow done" jid=rbdduiktozne@movim.eu peer=qr30bqqwv50lbb3x3tau@movim.eu elapsed=4.223036ms messages=60 more=true
time=2026-08-23T21:34:02.159+02:00 level=DEBUG msg="local roster loaded" jid=jimww@conversations.im contacts=1
time=2026-08-23T21:34:02.163+02:00 level=DEBUG msg="loadHistoryWindow done" jid=jimww@conversations.im peer=rbdduiktozne@movim.eu elapsed=3.162214ms messages=60 more=true
time=2026-08-23T21:34:02.186+02:00 level=DEBUG msg="focus state updated" accountJID=rbdduiktozne@movim.eu chatAddress=jimww@conversations.im focused=true key="rbdduiktozne@movim.eu\x00jimww@conversations.im"
time=2026-08-23T21:34:04.174+02:00 level=DEBUG msg="focus state updated" accountJID="" chatAddress="" focused=true key=""
time=2026-08-23T21:34:10.611+02:00 level=WARN msg="reconnecting failed; retrying" jid=rbdduiktozne@movim.eu err="dialing rbdduiktozne@movim.eu: lookup _xmpps-client._tcp.movim.eu on [2a07:b944::2:1]:53: read udp [2a07:b944::2:2]:47074->[2a07:b944::2:1]:53: i/o timeout\nlookup _xmpp-client._tcp.movim.eu on [2a07:b944::2:1]:53: read udp [2a07:b944::2:2]:37388->[2a07:b944::2:1]:53: i/o timeout" backoff=32s
time=2026-08-23T21:34:16.232+02:00 level=DEBUG msg="focus state updated" accountJID=rbdduiktozne@movim.eu chatAddress=jimww@conversations.im focused=true key="rbdduiktozne@movim.eu\x00jimww@conversations.im"
time=2026-08-23T21:34:53.393+02:00 level=WARN msg="reconnecting failed; retrying" jid=jimww@conversations.im err="dialing jimww@conversations.im: lookup _xmpps-client._tcp.conversations.im on [2a07:b944::2:1]:53: read udp [2a07:b944::2:2]:36553->[2a07:b944::2:1]:53: i/o timeout\nlookup _xmpp-client._tcp.conversations.im on [2a07:b944::2:1]:53: read udp [2a07:b944::2:2]:41882->[2a07:b944::2:1]:53: i/o timeout" backoff=1m0s
time=2026-08-23T21:35:02.635+02:00 level=WARN msg="reconnecting failed; retrying" jid=rbdduiktozne@movim.eu err="dialing rbdduiktozne@movim.eu: lookup _xmpps-client._tcp.movim.eu on [2a07:b944::2:1]:53: read udp [2a07:b944::2:2]:52003->[2a07:b944::2:1]:53: i/o timeout\nlookup _xmpp-client._tcp.movim.eu on [2a07:b944::2:1]:53: read udp [2a07:b944::2:2]:51741->[2a07:b944::2:1]:53: i/o timeout" backoff=1m0s
time=2026-08-23T21:36:13.456+02:00 level=WARN msg="reconnecting failed; retrying" jid=jimww@conversations.im err="dialing jimww@conversations.im: lookup _xmpps-client._tcp.conversations.im on [2a07:b944::2:1]:53: read udp [2a07:b944::2:2]:40213->[2a07:b944::2:1]:53: i/o timeout\nlookup _xmpp-client._tcp.conversations.im on [2a07:b944::2:1]:53: read udp [2a07:b944::2:2]:50228->[2a07:b944::2:1]:53: i/o timeout" backoff=1m0s
time=2026-08-23T21:36:22.653+02:00 level=WARN msg="reconnecting failed; retrying" jid=rbdduiktozne@movim.eu err="dialing rbdduiktozne@movim.eu: lookup _xmpps-client._tcp.movim.eu on [2a07:b944::2:1]:53: read udp [2a07:b944::2:2]:36574->[2a07:b944::2:1]:53: i/o timeout\nlookup _xmpp-client._tcp.movim.eu on [2a07:b944::2:1]:53: read udp [2a07:b944::2:2]:55734->[2a07:b944::2:1]:53: i/o timeout" backoff=1m0s
time=2026-08-23T21:37:33.508+02:00 level=WARN msg="reconnecting failed; retrying" jid=jimww@conversations.im err="dialing jimww@conversations.im: lookup _xmpps-client._tcp.conversations.im on [2a07:b944::2:1]:53: read udp [2a07:b944::2:2]:36560->[2a07:b944::2:1]:53: i/o timeout\nlookup _xmpp-client._tcp.conversations.im on [2a07:b944::2:1]:53: read udp [2a07:b944::2:2]:43032->[2a07:b944::2:1]:53: i/o timeout" backoff=1m0s
time=2026-08-23T21:37:42.681+02:00 level=WARN msg="reconnecting failed; retrying" jid=rbdduiktozne@movim.eu err="dialing rbdduiktozne@movim.eu: lookup _xmpps-client._tcp.movim.eu on [2a07:b944::2:1]:53: read udp [2a07:b944::2:2]:45995->[2a07:b944::2:1]:53: i/o timeout\nlookup _xmpp-client._tcp.movim.eu on [2a07:b944::2:1]:53: read udp [2a07:b944::2:2]:54638->[2a07:b944::2:1]:53: i/o timeout" backoff=1m0s
time=2026-08-23T21:38:53.519+02:00 level=WARN msg="reconnecting failed; retrying" jid=jimww@conversations.im err="dialing jimww@conversations.im: lookup _xmpps-client._tcp.conversations.im on [2a07:b944::2:1]:53: read udp [2a07:b944::2:2]:59438->[2a07:b944::2:1]:53: i/o timeout\nlookup _xmpp-client._tcp.conversations.im on [2a07:b944::2:1]:53: read udp [2a07:b944::2:2]:53363->[2a07:b944::2:1]:53: i/o timeout" backoff=1m0s
time=2026-08-23T21:39:02.704+02:00 level=WARN msg="reconnecting failed; retrying" jid=rbdduiktozne@movim.eu err="dialing rbdduiktozne@movim.eu: lookup _xmpps-client._tcp.movim.eu on [2a07:b944::2:1]:53: read udp [2a07:b944::2:2]:38077->[2a07:b944::2:1]:53: i/o timeout\nlookup _xmpp-client._tcp.movim.eu on [2a07:b944::2:1]:53: read udp [2a07:b944::2:2]:51073->[2a07:b944::2:1]:53: i/o timeout" backoff=1m0s
time=2026-08-23T21:40:13.581+02:00 level=WARN msg="reconnecting failed; retrying" jid=jimww@conversations.im err="dialing jimww@conversations.im: lookup _xmpps-client._tcp.conversations.im on [2a07:b944::2:1]:53: read udp [2a07:b944::2:2]:52143->[2a07:b944::2:1]:53: i/o timeout\nlookup _xmpp-client._tcp.conversations.im on [2a07:b944::2:1]:53: read udp [2a07:b944::2:2]:48947->[2a07:b944::2:1]:53: i/o timeout" backoff=1m0s
time=2026-08-23T21:40:22.728+02:00 level=WARN msg="reconnecting failed; retrying" jid=rbdduiktozne@movim.eu err="dialing rbdduiktozne@movim.eu: lookup _xmpps-client._tcp.movim.eu on [2a07:b944::2:1]:53: read udp [2a07:b944::2:2]:43663->[2a07:b944::2:1]:53: i/o timeout\nlookup _xmpp-client._tcp.movim.eu on [2a07:b944::2:1]:53: read udp [2a07:b944::2:2]:38651->[2a07:b944::2:1]:53: i/o timeout" backoff=1m0s
time=2026-08-23T21:41:33.591+02:00 level=WARN msg="reconnecting failed; retrying" jid=jimww@conversations.im err="dialing jimww@conversations.im: lookup _xmpps-client._tcp.conversations.im on [2a07:b944::2:1]:53: read udp [2a07:b944::2:2]:34254->[2a07:b944::2:1]:53: i/o timeout\nlookup _xmpp-client._tcp.conversations.im on [2a07:b944::2:1]:53: read udp [2a07:b944::2:2]:36925->[2a07:b944::2:1]:53: i/o timeout" backoff=1m0s
time=2026-08-23T21:41:42.749+02:00 level=WARN msg="reconnecting failed; retrying" jid=rbdduiktozne@movim.eu err="dialing rbdduiktozne@movim.eu: lookup _xmpps-client._tcp.movim.eu on [2a07:b944::2:1]:53: read udp [2a07:b944::2:2]:54535->[2a07:b944::2:1]:53: i/o timeout\nlookup _xmpp-client._tcp.movim.eu on [2a07:b944::2:1]:53: read udp [2a07:b944::2:2]:52142->[2a07:b944::2:1]:53: i/o timeout" backoff=1m0s
time=2026-08-23T21:42:53.651+02:00 level=WARN msg="reconnecting failed; retrying" jid=jimww@conversations.im err="dialing jimww@conversations.im: lookup _xmpps-client._tcp.conversations.im on [2a07:b944::2:1]:53: read udp [2a07:b944::2:2]:52410->[2a07:b944::2:1]:53: i/o timeout\nlookup _xmpp-client._tcp.conversations.im on [2a07:b944::2:1]:53: read udp [2a07:b944::2:2]:52513->[2a07:b944::2:1]:53: i/o timeout" backoff=1m0s
time=2026-08-23T21:43:02.773+02:00 level=WARN msg="reconnecting failed; retrying" jid=rbdduiktozne@movim.eu err="dialing rbdduiktozne@movim.eu: lookup _xmpps-client._tcp.movim.eu on [2a07:b944::2:1]:53: read udp [2a07:b944::2:2]:35174->[2a07:b944::2:1]:53: i/o timeout\nlookup _xmpp-client._tcp.movim.eu on [2a07:b944::2:1]:53: read udp [2a07:b944::2:2]:59948->[2a07:b944::2:1]:53: i/o timeout" backoff=1m0s
time=2026-08-23T21:44:13.661+02:00 level=WARN msg="reconnecting failed; retrying" jid=jimww@conversations.im err="dialing jimww@conversations.im: lookup _xmpps-client._tcp.conversations.im on [2a07:b944::2:1]:53: read udp [2a07:b944::2:2]:47427->[2a07:b944::2:1]:53: i/o timeout\nlookup _xmpp-client._tcp.conversations.im on [2a07:b944::2:1]:53: read udp [2a07:b944::2:2]:54484->[2a07:b944::2:1]:53: i/o timeout" backoff=1m0s
time=2026-08-23T21:44:22.800+02:00 level=WARN msg="reconnecting failed; retrying" jid=rbdduiktozne@movim.eu err="dialing rbdduiktozne@movim.eu: lookup _xmpps-client._tcp.movim.eu on [2a07:b944::2:1]:53: read udp [2a07:b944::2:2]:41637->[2a07:b944::2:1]:53: i/o timeout\nlookup _xmpp-client._tcp.movim.eu on [2a07:b944::2:1]:53: read udp [2a07:b944::2:2]:59595->[2a07:b944::2:1]:53: i/o timeout" backoff=1m0s
time=2026-08-23T21:45:33.727+02:00 level=WARN msg="reconnecting failed; retrying" jid=jimww@conversations.im err="dialing jimww@conversations.im: lookup _xmpps-client._tcp.conversations.im on [2a07:b944::2:1]:53: read udp [2a07:b944::2:2]:55855->[2a07:b944::2:1]:53: i/o timeout\nlookup _xmpp-client._tcp.conversations.im on [2a07:b944::2:1]:53: read udp [2a07:b944::2:2]:48700->[2a07:b944::2:1]:53: i/o timeout" backoff=1m0s
time=2026-08-23T21:45:42.825+02:00 level=WARN msg="reconnecting failed; retrying" jid=rbdduiktozne@movim.eu err="dialing rbdduiktozne@movim.eu: lookup _xmpps-client._tcp.movim.eu on [2a07:b944::2:1]:53: read udp [2a07:b944::2:2]:35539->[2a07:b944::2:1]:53: i/o timeout\nlookup _xmpp-client._tcp.movim.eu on [2a07:b944::2:1]:53: read udp [2a07:b944::2:2]:53633->[2a07:b944::2:1]:53: i/o timeout" backoff=1m0s
time=2026-08-23T21:46:53.737+02:00 level=WARN msg="reconnecting failed; retrying" jid=jimww@conversations.im err="dialing jimww@conversations.im: lookup _xmpps-client._tcp.conversations.im on [2a07:b944::2:1]:53: read udp [2a07:b944::2:2]:34407->[2a07:b944::2:1]:53: i/o timeout\nlookup _xmpp-client._tcp.conversations.im on [2a07:b944::2:1]:53: read udp [2a07:b944::2:2]:41940->[2a07:b944::2:1]:53: i/o timeout" backoff=1m0s
time=2026-08-23T21:47:02.850+02:00 level=WARN msg="reconnecting failed; retrying" jid=rbdduiktozne@movim.eu err="dialing rbdduiktozne@movim.eu: lookup _xmpps-client._tcp.movim.eu on [2a07:b944::2:1]:53: read udp [2a07:b944::2:2]:54717->[2a07:b944::2:1]:53: i/o timeout\nlookup _xmpp-client._tcp.movim.eu on [2a07:b944::2:1]:53: read udp [2a07:b944::2:2]:57066->[2a07:b944::2:1]:53: i/o timeout" backoff=1m0s
time=2026-08-23T21:48:13.790+02:00 level=WARN msg="reconnecting failed; retrying" jid=jimww@conversations.im err="dialing jimww@conversations.im: lookup _xmpps-client._tcp.conversations.im on [2a07:b944::2:1]:53: read udp [2a07:b944::2:2]:35544->[2a07:b944::2:1]:53: i/o timeout\nlookup _xmpp-client._tcp.conversations.im on [2a07:b944::2:1]:53: read udp [2a07:b944::2:2]:37616->[2a07:b944::2:1]:53: i/o timeout" backoff=1m0s
time=2026-08-23T21:48:22.871+02:00 level=WARN msg="reconnecting failed; retrying" jid=rbdduiktozne@movim.eu err="dialing rbdduiktozne@movim.eu: lookup _xmpps-client._tcp.movim.eu on [2a07:b944::2:1]:53: read udp [2a07:b944::2:2]:43756->[2a07:b944::2:1]:53: i/o timeout\nlookup _xmpp-client._tcp.movim.eu on [2a07:b944::2:1]:53: read udp [2a07:b944::2:2]:59012->[2a07:b944::2:1]:53: i/o timeout" backoff=1m0s
time=2026-08-23T21:49:33.801+02:00 level=WARN msg="reconnecting failed; retrying" jid=jimww@conversations.im err="dialing jimww@conversations.im: lookup _xmpps-client._tcp.conversations.im on [2a07:b944::2:1]:53: read udp [2a07:b944::2:2]:52155->[2a07:b944::2:1]:53: i/o timeout\nlookup _xmpp-client._tcp.conversations.im on [2a07:b944::2:1]:53: read udp [2a07:b944::2:2]:49008->[2a07:b944::2:1]:53: i/o timeout" backoff=1m0s
time=2026-08-23T21:49:42.896+02:00 level=WARN msg="reconnecting failed; retrying" jid=rbdduiktozne@movim.eu err="dialing rbdduiktozne@movim.eu: lookup _xmpps-client._tcp.movim.eu on [2a07:b944::2:1]:53: read udp [2a07:b944::2:2]:50920->[2a07:b944::2:1]:53: i/o timeout\nlookup _xmpp-client._tcp.movim.eu on [2a07:b944::2:1]:53: read udp [2a07:b944::2:2]:59195->[2a07:b944::2:1]:53: i/o timeout" backoff=1m0s
time=2026-08-23T21:50:53.867+02:00 level=WARN msg="reconnecting failed; retrying" jid=jimww@conversations.im err="dialing jimww@conversations.im: lookup _xmpps-client._tcp.conversations.im on [2a07:b944::2:1]:53: read udp [2a07:b944::2:2]:59777->[2a07:b944::2:1]:53: i/o timeout\nlookup _xmpp-client._tcp.conversations.im on [2a07:b944::2:1]:53: read udp [2a07:b944::2:2]:54109->[2a07:b944::2:1]:53: i/o timeout" backoff=1m0s
time=2026-08-23T21:51:02.922+02:00 level=WARN msg="reconnecting failed; retrying" jid=rbdduiktozne@movim.eu err="dialing rbdduiktozne@movim.eu: lookup _xmpps-client._tcp.movim.eu on [2a07:b944::2:1]:53: read udp [2a07:b944::2:2]:35311->[2a07:b944::2:1]:53: i/o timeout\nlookup _xmpp-client._tcp.movim.eu on [2a07:b944::2:1]:53: read udp [2a07:b944::2:2]:57019->[2a07:b944::2:1]:53: i/o timeout" backoff=1m0s
time=2026-08-23T21:52:13.879+02:00 level=WARN msg="reconnecting failed; retrying" jid=jimww@conversations.im err="dialing jimww@conversations.im: lookup _xmpps-client._tcp.conversations.im on [2a07:b944::2:1]:53: read udp [2a07:b944::2:2]:49285->[2a07:b944::2:1]:53: i/o timeout\nlookup _xmpp-client._tcp.conversations.im on [2a07:b944::2:1]:53: read udp [2a07:b944::2:2]:53265->[2a07:b944::2:1]:53: i/o timeout" backoff=1m0s
time=2026-08-23T21:52:22.951+02:00 level=WARN msg="reconnecting failed; retrying" jid=rbdduiktozne@movim.eu err="dialing rbdduiktozne@movim.eu: lookup _xmpps-client._tcp.movim.eu on [2a07:b944::2:1]:53: read udp [2a07:b944::2:2]:33307->[2a07:b944::2:1]:53: i/o timeout\nlookup _xmpp-client._tcp.movim.eu on [2a07:b944::2:1]:53: read udp [2a07:b944::2:2]:47754->[2a07:b944::2:1]:53: i/o timeout" backoff=1m0s
time=2026-08-23T21:53:33.943+02:00 level=WARN msg="reconnecting failed; retrying" jid=jimww@conversations.im err="dialing jimww@conversations.im: lookup _xmpps-client._tcp.conversations.im on [2a07:b944::2:1]:53: read udp [2a07:b944::2:2]:39557->[2a07:b944::2:1]:53: i/o timeout\nlookup _xmpp-client._tcp.conversations.im on [2a07:b944::2:1]:53: read udp [2a07:b944::2:2]:33331->[2a07:b944::2:1]:53: i/o timeout" backoff=1m0s
time=2026-08-23T21:53:42.977+02:00 level=WARN msg="reconnecting failed; retrying" jid=rbdduiktozne@movim.eu err="dialing rbdduiktozne@movim.eu: lookup _xmpps-client._tcp.movim.eu on [2a07:b944::2:1]:53: read udp [2a07:b944::2:2]:40205->[2a07:b944::2:1]:53: i/o timeout\nlookup _xmpp-client._tcp.movim.eu on [2a07:b944::2:1]:53: read udp [2a07:b944::2:2]:33209->[2a07:b944::2:1]:53: i/o timeout" backoff=1m0s
time=2026-08-23T21:54:53.955+02:00 level=WARN msg="reconnecting failed; retrying" jid=jimww@conversations.im err="dialing jimww@conversations.im: lookup _xmpps-client._tcp.conversations.im on [2a07:b944::2:1]:53: read udp [2a07:b944::2:2]:57622->[2a07:b944::2:1]:53: i/o timeout\nlookup _xmpp-client._tcp.conversations.im on [2a07:b944::2:1]:53: read udp [2a07:b944::2:2]:43614->[2a07:b944::2:1]:53: i/o timeout" backoff=1m0s
time=2026-08-23T21:55:03.004+02:00 level=WARN msg="reconnecting failed; retrying" jid=rbdduiktozne@movim.eu err="dialing rbdduiktozne@movim.eu: lookup _xmpps-client._tcp.movim.eu on [2a07:b944::2:1]:53: read udp [2a07:b944::2:2]:57783->[2a07:b944::2:1]:53: i/o timeout\nlookup _xmpp-client._tcp.movim.eu on [2a07:b944::2:1]:53: read udp [2a07:b944::2:2]:42417->[2a07:b944::2:1]:53: i/o timeout" backoff=1m0s
time=2026-08-23T21:56:14.021+02:00 level=WARN msg="reconnecting failed; retrying" jid=jimww@conversations.im err="dialing jimww@conversations.im: lookup _xmpps-client._tcp.conversations.im on [2a07:b944::2:1]:53: read udp [2a07:b944::2:2]:54010->[2a07:b944::2:1]:53: i/o timeout\nlookup _xmpp-client._tcp.conversations.im on [2a07:b944::2:1]:53: read udp [2a07:b944::2:2]:38640->[2a07:b944::2:1]:53: i/o timeout" backoff=1m0s
time=2026-08-23T21:56:23.030+02:00 level=WARN msg="reconnecting failed; retrying" jid=rbdduiktozne@movim.eu err="dialing rbdduiktozne@movim.eu: lookup _xmpps-client._tcp.movim.eu on [2a07:b944::2:1]:53: read udp [2a07:b944::2:2]:49057->[2a07:b944::2:1]:53: i/o timeout\nlookup _xmpp-client._tcp.movim.eu on [2a07:b944::2:1]:53: read udp [2a07:b944::2:2]:36977->[2a07:b944::2:1]:53: i/o timeout" backoff=1m0s
time=2026-08-23T21:57:34.033+02:00 level=WARN msg="reconnecting failed; retrying" jid=jimww@conversations.im err="dialing jimww@conversations.im: lookup _xmpps-client._tcp.conversations.im on [2a07:b944::2:1]:53: read udp [2a07:b944::2:2]:48517->[2a07:b944::2:1]:53: i/o timeout\nlookup _xmpp-client._tcp.conversations.im on [2a07:b944::2:1]:53: read udp [2a07:b944::2:2]:56998->[2a07:b944::2:1]:53: i/o timeout" backoff=1m0s
time=2026-08-23T21:57:43.068+02:00 level=WARN msg="reconnecting failed; retrying" jid=rbdduiktozne@movim.eu err="dialing rbdduiktozne@movim.eu: lookup _xmpps-client._tcp.movim.eu on [2a07:b944::2:1]:53: read udp [2a07:b944::2:2]:49328->[2a07:b944::2:1]:53: i/o timeout\nlookup _xmpp-client._tcp.movim.eu on [2a07:b944::2:1]:53: read udp [2a07:b944::2:2]:51602->[2a07:b944::2:1]:53: i/o timeout" backoff=1m0s
time=2026-08-23T21:58:54.087+02:00 level=WARN msg="reconnecting failed; retrying" jid=jimww@conversations.im err="dialing jimww@conversations.im: lookup _xmpps-client._tcp.conversations.im on [2a07:b944::2:1]:53: read udp [2a07:b944::2:2]:37309->[2a07:b944::2:1]:53: i/o timeout\nlookup _xmpp-client._tcp.conversations.im on [2a07:b944::2:1]:53: read udp [2a07:b944::2:2]:59297->[2a07:b944::2:1]:53: i/o timeout" backoff=1m0s
time=2026-08-23T21:59:03.094+02:00 level=WARN msg="reconnecting failed; retrying" jid=rbdduiktozne@movim.eu err="dialing rbdduiktozne@movim.eu: lookup _xmpps-client._tcp.movim.eu on [2a07:b944::2:1]:53: read udp [2a07:b944::2:2]:59158->[2a07:b944::2:1]:53: i/o timeout\nlookup _xmpp-client._tcp.movim.eu on [2a07:b944::2:1]:53: read udp [2a07:b944::2:2]:36035->[2a07:b944::2:1]:53: i/o timeout" backoff=1m0s
time=2026-08-23T22:00:14.099+02:00 level=WARN msg="reconnecting failed; retrying" jid=jimww@conversations.im err="dialing jimww@conversations.im: lookup _xmpps-client._tcp.conversations.im on [2a07:b944::2:1]:53: read udp [2a07:b944::2:2]:48265->[2a07:b944::2:1]:53: i/o timeout\nlookup _xmpp-client._tcp.conversations.im on [2a07:b944::2:1]:53: read udp [2a07:b944::2:2]:39052->[2a07:b944::2:1]:53: i/o timeout" backoff=1m0s
time=2026-08-23T22:00:23.121+02:00 level=WARN msg="reconnecting failed; retrying" jid=rbdduiktozne@movim.eu err="dialing rbdduiktozne@movim.eu: lookup _xmpps-client._tcp.movim.eu on [2a07:b944::2:1]:53: read udp [2a07:b944::2:2]:46579->[2a07:b944::2:1]:53: i/o timeout\nlookup _xmpp-client._tcp.movim.eu on [2a07:b944::2:1]:53: read udp [2a07:b944::2:2]:58009->[2a07:b944::2:1]:53: i/o timeout" backoff=1m0s
time=2026-08-23T22:01:34.139+02:00 level=WARN msg="reconnecting failed; retrying" jid=jimww@conversations.im err="dialing jimww@conversations.im: lookup _xmpps-client._tcp.conversations.im on [2a07:b944::2:1]:53: read udp [2a07:b944::2:2]:55440->[2a07:b944::2:1]:53: i/o timeout\nlookup _xmpp-client._tcp.conversations.im on [2a07:b944::2:1]:53: read udp [2a07:b944::2:2]:47029->[2a07:b944::2:1]:53: i/o timeout" backoff=1m0s
time=2026-08-23T22:01:43.147+02:00 level=WARN msg="reconnecting failed; retrying" jid=rbdduiktozne@movim.eu err="dialing rbdduiktozne@movim.eu: lookup _xmpps-client._tcp.movim.eu on [2a07:b944::2:1]:53: read udp [2a07:b944::2:2]:42848->[2a07:b944::2:1]:53: i/o timeout\nlookup _xmpp-client._tcp.movim.eu on [2a07:b944::2:1]:53: read udp [2a07:b944::2:2]:39513->[2a07:b944::2:1]:53: i/o timeout" backoff=1m0s
time=2026-08-23T22:02:54.151+02:00 level=WARN msg="reconnecting failed; retrying" jid=jimww@conversations.im err="dialing jimww@conversations.im: lookup _xmpps-client._tcp.conversations.im on [2a07:b944::2:1]:53: read udp [2a07:b944::2:2]:34401->[2a07:b944::2:1]:53: i/o timeout\nlookup _xmpp-client._tcp.conversations.im on [2a07:b944::2:1]:53: read udp [2a07:b944::2:2]:52139->[2a07:b944::2:1]:53: i/o timeout" backoff=1m0s
time=2026-08-23T22:03:03.166+02:00 level=WARN msg="reconnecting failed; retrying" jid=rbdduiktozne@movim.eu err="dialing rbdduiktozne@movim.eu: lookup _xmpps-client._tcp.movim.eu on [2a07:b944::2:1]:53: read udp [2a07:b944::2:2]:53819->[2a07:b944::2:1]:53: i/o timeout\nlookup _xmpp-client._tcp.movim.eu on [2a07:b944::2:1]:53: read udp [2a07:b944::2:2]:58749->[2a07:b944::2:1]:53: i/o timeout" backoff=1m0s
time=2026-08-23T22:04:14.217+02:00 level=WARN msg="reconnecting failed; retrying" jid=jimww@conversations.im err="dialing jimww@conversations.im: lookup _xmpps-client._tcp.conversations.im on [2a07:b944::2:1]:53: read udp [2a07:b944::2:2]:52147->[2a07:b944::2:1]:53: i/o timeout\nlookup _xmpp-client._tcp.conversations.im on [2a07:b944::2:1]:53: read udp [2a07:b944::2:2]:33926->[2a07:b944::2:1]:53: i/o timeout" backoff=1m0s
time=2026-08-23T22:04:23.192+02:00 level=WARN msg="reconnecting failed; retrying" jid=rbdduiktozne@movim.eu err="dialing rbdduiktozne@movim.eu: lookup _xmpps-client._tcp.movim.eu on [2a07:b944::2:1]:53: read udp [2a07:b944::2:2]:50027->[2a07:b944::2:1]:53: i/o timeout\nlookup _xmpp-client._tcp.movim.eu on [2a07:b944::2:1]:53: read udp [2a07:b944::2:2]:56583->[2a07:b944::2:1]:53: i/o timeout" backoff=1m0s
time=2026-08-23T22:05:34.228+02:00 level=WARN msg="reconnecting failed; retrying" jid=jimww@conversations.im err="dialing jimww@conversations.im: lookup _xmpps-client._tcp.conversations.im on [2a07:b944::2:1]:53: read udp [2a07:b944::2:2]:35135->[2a07:b944::2:1]:53: i/o timeout\nlookup _xmpp-client._tcp.conversations.im on [2a07:b944::2:1]:53: read udp [2a07:b944::2:2]:56022->[2a07:b944::2:1]:53: i/o timeout" backoff=1m0s
time=2026-08-23T22:05:43.213+02:00 level=WARN msg="reconnecting failed; retrying" jid=rbdduiktozne@movim.eu err="dialing rbdduiktozne@movim.eu: lookup _xmpps-client._tcp.movim.eu on [2a07:b944::2:1]:53: read udp [2a07:b944::2:2]:58265->[2a07:b944::2:1]:53: i/o timeout\nlookup _xmpp-client._tcp.movim.eu on [2a07:b944::2:1]:53: read udp [2a07:b944::2:2]:50572->[2a07:b944::2:1]:53: i/o timeout" backoff=1m0s
time=2026-08-23T22:06:54.293+02:00 level=WARN msg="reconnecting failed; retrying" jid=jimww@conversations.im err="dialing jimww@conversations.im: lookup _xmpps-client._tcp.conversations.im on [2a07:b944::2:1]:53: read udp [2a07:b944::2:2]:49914->[2a07:b944::2:1]:53: i/o timeout\nlookup _xmpp-client._tcp.conversations.im on [2a07:b944::2:1]:53: read udp [2a07:b944::2:2]:33315->[2a07:b944::2:1]:53: i/o timeout" backoff=1m0s
time=2026-08-23T22:07:03.237+02:00 level=WARN msg="reconnecting failed; retrying" jid=rbdduiktozne@movim.eu err="dialing rbdduiktozne@movim.eu: lookup _xmpps-client._tcp.movim.eu on [2a07:b944::2:1]:53: read udp [2a07:b944::2:2]:42734->[2a07:b944::2:1]:53: i/o timeout\nlookup _xmpp-client._tcp.movim.eu on [2a07:b944::2:1]:53: read udp [2a07:b944::2:2]:33762->[2a07:b944::2:1]:53: i/o timeout" backoff=1m0s
time=2026-08-23T22:08:14.305+02:00 level=WARN msg="reconnecting failed; retrying" jid=jimww@conversations.im err="dialing jimww@conversations.im: lookup _xmpps-client._tcp.conversations.im on [2a07:b944::2:1]:53: read udp [2a07:b944::2:2]:57212->[2a07:b944::2:1]:53: i/o timeout\nlookup _xmpp-client._tcp.conversations.im on [2a07:b944::2:1]:53: read udp [2a07:b944::2:2]:58646->[2a07:b944::2:1]:53: i/o timeout" backoff=1m0s
time=2026-08-23T22:08:23.262+02:00 level=WARN msg="reconnecting failed; retrying" jid=rbdduiktozne@movim.eu err="dialing rbdduiktozne@movim.eu: lookup _xmpps-client._tcp.movim.eu on [2a07:b944::2:1]:53: read udp [2a07:b944::2:2]:57844->[2a07:b944::2:1]:53: i/o timeout\nlookup _xmpp-client._tcp.movim.eu on [2a07:b944::2:1]:53: read udp [2a07:b944::2:2]:53909->[2a07:b944::2:1]:53: i/o timeout" backoff=1m0s
time=2026-08-23T22:09:34.326+02:00 level=WARN msg="reconnecting failed; retrying" jid=jimww@conversations.im err="dialing jimww@conversations.im: lookup _xmpps-client._tcp.conversations.im on [2a07:b944::2:1]:53: read udp [2a07:b944::2:2]:38055->[2a07:b944::2:1]:53: i/o timeout\nlookup _xmpp-client._tcp.conversations.im on [2a07:b944::2:1]:53: read udp [2a07:b944::2:2]:44406->[2a07:b944::2:1]:53: i/o timeout" backoff=1m0s
time=2026-08-23T22:09:43.290+02:00 level=WARN msg="reconnecting failed; retrying" jid=rbdduiktozne@movim.eu err="dialing rbdduiktozne@movim.eu: lookup _xmpps-client._tcp.movim.eu on [2a07:b944::2:1]:53: read udp [2a07:b944::2:2]:44981->[2a07:b944::2:1]:53: i/o timeout\nlookup _xmpp-client._tcp.movim.eu on [2a07:b944::2:1]:53: read udp [2a07:b944::2:2]:49730->[2a07:b944::2:1]:53: i/o timeout" backoff=1m0s
time=2026-08-23T22:10:54.338+02:00 level=WARN msg="reconnecting failed; retrying" jid=jimww@conversations.im err="dialing jimww@conversations.im: lookup _xmpps-client._tcp.conversations.im on [2a07:b944::2:1]:53: read udp [2a07:b944::2:2]:46099->[2a07:b944::2:1]:53: i/o timeout\nlookup _xmpp-client._tcp.conversations.im on [2a07:b944::2:1]:53: read udp [2a07:b944::2:2]:38692->[2a07:b944::2:1]:53: i/o timeout" backoff=1m0s
time=2026-08-23T22:10:55.865+02:00 level=DEBUG msg="makeNodeOpen: reconfigured to open access" node=urn:xmpp:omemo:2:bundles:3970042472
time=2026-08-23T22:10:56.070+02:00 level=DEBUG msg="FetchOmemoDeviceList: fetched" peer=rbdduiktozne@movim.eu count=2 devices="[3970042472 738931598]"
time=2026-08-23T22:10:56.070+02:00 level=DEBUG msg="omemo setup: local device ID and current device list" protocol=v2 jid=rbdduiktozne@movim.eu local_device=3970042472 devices="[3970042472 738931598]"
time=2026-08-23T22:10:56.071+02:00 level=DEBUG msg="omemo setup: publishing device list" protocol=v2 jid=rbdduiktozne@movim.eu devices="[3970042472 738931598]"
time=2026-08-23T22:10:56.889+02:00 level=DEBUG msg="makeNodeOpen: reconfigured to open access" node=urn:xmpp:omemo:2:devices
time=2026-08-23T22:10:57.913+02:00 level=DEBUG msg="FetchOmemoDeviceList: fetched" peer=rbdduiktozne@movim.eu count=2 devices="[3970042472 738931598]"
time=2026-08-23T22:10:58.323+02:00 level=DEBUG msg="makeNodeOpen: reconfigured to open access" node=eu.siacs.conversations.axolotl.bundles:1215632555
time=2026-08-23T22:10:58.528+02:00 level=DEBUG msg="FetchOmemoDeviceListV1: fetched" peer=rbdduiktozne@movim.eu count=4 devices="[652529220 1532489010 1215632555 281798428]"
time=2026-08-23T22:10:58.528+02:00 level=DEBUG msg="omemo setup: local device ID and current device list" protocol=v1 jid=rbdduiktozne@movim.eu local_device=1215632555 devices="[652529220 1532489010 1215632555 281798428]"
time=2026-08-23T22:10:58.528+02:00 level=DEBUG msg="omemo setup: publishing device list" protocol=v1 jid=rbdduiktozne@movim.eu devices="[652529220 1532489010 1215632555 281798428]"
time=2026-08-23T22:10:58.732+02:00 level=DEBUG msg="makeNodeOpen: reconfigured to open access" node=eu.siacs.conversations.axolotl.devicelist
time=2026-08-23T22:10:58.937+02:00 level=DEBUG msg="FetchOmemoDeviceListV1: fetched" peer=rbdduiktozne@movim.eu count=4 devices="[652529220 1532489010 1215632555 281798428]"
time=2026-08-23T22:10:59.142+02:00 level=DEBUG msg="FetchOmemoDeviceList: fetched" peer=qr30bqqwv50lbb3x3tau@movim.eu count=9 devices="[3546796710 543807001 1136287838 804539282 766575397 1069781368 3439252694 3095662882 1110435295]"
time=2026-08-23T22:10:59.347+02:00 level=DEBUG msg="FetchOmemoDeviceListV1: fetched" peer=qr30bqqwv50lbb3x3tau@movim.eu count=7 devices="[1041050623 99377310 406890504 465880925 1294895317 1689625064 1425664679]"
time=2026-08-23T22:10:59.401+02:00 level=DEBUG msg="resynced omemo-v1 device list on connect" peer=qr30bqqwv50lbb3x3tau@movim.eu jid=rbdduiktozne@movim.eu
time=2026-08-23T22:10:59.552+02:00 level=DEBUG msg="FetchOmemoDeviceList: fetched" peer=rbdduiktozne@movim.eu count=2 devices="[3970042472 738931598]"
time=2026-08-23T22:10:59.757+02:00 level=DEBUG msg="FetchOmemoDeviceListV1: fetched" peer=rbdduiktozne@movim.eu count=4 devices="[652529220 1532489010 1215632555 281798428]"
time=2026-08-23T22:10:59.793+02:00 level=DEBUG msg="resynced omemo-v1 device list on connect" peer=rbdduiktozne@movim.eu jid=rbdduiktozne@movim.eu
time=2026-08-23T22:10:59.962+02:00 level=DEBUG msg="FetchOmemoDeviceList: fetched" peer=jimww@conversations.im count=2 devices="[454749576 1087746059]"
time=2026-08-23T22:11:00.166+02:00 level=DEBUG msg="FetchOmemoDeviceListV1: fetched" peer=jimww@conversations.im count=2 devices="[396492910 3519373093]"
time=2026-08-23T22:11:00.192+02:00 level=DEBUG msg="resynced omemo-v1 device list on connect" peer=jimww@conversations.im jid=rbdduiktozne@movim.eu
time=2026-08-23T22:11:00.576+02:00 level=DEBUG msg="FetchOmemoDeviceListV1: fetched" peer=juliya@conversations.im count=1 devices=[80731641]
time=2026-08-23T22:11:00.595+02:00 level=DEBUG msg="resynced omemo-v1 device list on connect" peer=juliya@conversations.im jid=rbdduiktozne@movim.eu
time=2026-08-23T22:11:00.596+02:00 level=DEBUG msg="account reconnected" jid=rbdduiktozne@movim.eu
time=2026-08-23T22:11:00.596+02:00 level=DEBUG msg="syncArchive: contacts to check" jid=rbdduiktozne@movim.eu contacts=4
time=2026-08-23T22:11:01.806+02:00 level=DEBUG msg="mam page fetched" jid=rbdduiktozne@movim.eu peer=juliya@conversations.im page=0 elapsed=1.20975523s after=1781027641892659 items=0 complete=false err=<nil>
time=2026-08-23T22:11:01.806+02:00 level=DEBUG msg="syncArchiveForContact done" jid=rbdduiktozne@movim.eu peer=juliya@conversations.im elapsed=1.20984009s
time=2026-08-23T22:11:03.663+02:00 level=DEBUG msg="mam page fetched" jid=rbdduiktozne@movim.eu peer=qr30bqqwv50lbb3x3tau@movim.eu page=0 elapsed=1.857135114s after=1780827424944565 items=0 complete=false err=<nil>
time=2026-08-23T22:11:03.663+02:00 level=DEBUG msg="syncArchiveForContact done" jid=rbdduiktozne@movim.eu peer=qr30bqqwv50lbb3x3tau@movim.eu elapsed=1.857214875s
time=2026-08-23T22:11:03.716+02:00 level=DEBUG msg="mam page fetched" jid=rbdduiktozne@movim.eu peer=rbdduiktozne@movim.eu page=0 elapsed=53.029041ms after="" items=0 complete=false err=<nil>
time=2026-08-23T22:11:03.716+02:00 level=DEBUG msg="syncArchiveForContact done" jid=rbdduiktozne@movim.eu peer=rbdduiktozne@movim.eu elapsed=53.115437ms
time=2026-08-23T22:11:03.867+02:00 level=DEBUG msg="mam page fetched" jid=rbdduiktozne@movim.eu peer=jimww@conversations.im page=0 elapsed=150.971408ms after=1786145008477310 items=0 complete=false err=<nil>
time=2026-08-23T22:11:03.867+02:00 level=DEBUG msg="syncArchiveForContact done" jid=rbdduiktozne@movim.eu peer=jimww@conversations.im elapsed=151.053614ms
time=2026-08-23T22:11:03.867+02:00 level=DEBUG msg="received omemo device-list PEP push" protocol=v1 from="" jid=rbdduiktozne@movim.eu
time=2026-08-23T22:11:03.867+02:00 level=DEBUG msg="received omemo device-list PEP push" protocol=v2 from="" jid=rbdduiktozne@movim.eu
time=2026-08-23T22:11:03.867+02:00 level=DEBUG msg="received omemo device-list PEP push" protocol=v1 from=qr30bqqwv50lbb3x3tau@movim.eu jid=rbdduiktozne@movim.eu
time=2026-08-23T22:11:03.867+02:00 level=DEBUG msg="received omemo device-list PEP push" protocol=v2 from=qr30bqqwv50lbb3x3tau@movim.eu jid=rbdduiktozne@movim.eu
time=2026-08-23T22:11:03.867+02:00 level=DEBUG msg="received omemo device-list PEP push" protocol=v1 from=juliya@conversations.im jid=rbdduiktozne@movim.eu
time=2026-08-23T22:11:03.867+02:00 level=DEBUG msg="received omemo device-list PEP push" protocol=v2 from="" jid=rbdduiktozne@movim.eu
time=2026-08-23T22:11:03.868+02:00 level=DEBUG msg="received omemo device-list PEP push" protocol=v1 from="" jid=rbdduiktozne@movim.eu
time=2026-08-23T22:11:03.868+02:00 level=DEBUG msg="received omemo device-list PEP push" protocol=v1 from=qr30bqqwv50lbb3x3tau@movim.eu jid=rbdduiktozne@movim.eu
time=2026-08-23T22:11:03.868+02:00 level=DEBUG msg="received omemo device-list PEP push" protocol=v2 from=qr30bqqwv50lbb3x3tau@movim.eu jid=rbdduiktozne@movim.eu
time=2026-08-23T22:11:03.934+02:00 level=DEBUG msg="FetchOmemoDeviceListV1: fetched" peer=qr30bqqwv50lbb3x3tau@movim.eu count=7 devices="[1041050623 99377310 406890504 465880925 1294895317 1689625064 1425664679]"
time=2026-08-23T22:11:03.934+02:00 level=DEBUG msg="FetchOmemoDeviceList: fetched" peer=qr30bqqwv50lbb3x3tau@movim.eu count=9 devices="[3546796710 543807001 1136287838 804539282 766575397 1069781368 3439252694 3095662882 1110435295]"
time=2026-08-23T22:11:03.961+02:00 level=DEBUG msg="FetchOmemoDeviceList: fetched" peer=qr30bqqwv50lbb3x3tau@movim.eu count=9 devices="[3546796710 543807001 1136287838 804539282 766575397 1069781368 3439252694 3095662882 1110435295]"
time=2026-08-23T22:11:03.961+02:00 level=DEBUG msg="FetchOmemoDeviceListV1: fetched" peer=qr30bqqwv50lbb3x3tau@movim.eu count=7 devices="[1041050623 99377310 406890504 465880925 1294895317 1689625064 1425664679]"
time=2026-08-23T22:11:04.005+02:00 level=DEBUG msg="FetchOmemoDeviceListV1: fetched" peer=juliya@conversations.im count=1 devices=[80731641]
time=2026-08-23T22:11:04.044+02:00 level=DEBUG msg="resynced omemo device list after PEP push" protocol=v1 from=qr30bqqwv50lbb3x3tau@movim.eu jid=rbdduiktozne@movim.eu
time=2026-08-23T22:11:04.050+02:00 level=DEBUG msg="resynced omemo device list after PEP push" protocol=v1 from=juliya@conversations.im jid=rbdduiktozne@movim.eu
time=2026-08-23T22:11:04.067+02:00 level=DEBUG msg="resynced omemo device list after PEP push" protocol=v1 from=qr30bqqwv50lbb3x3tau@movim.eu jid=rbdduiktozne@movim.eu
time=2026-08-23T22:11:04.078+02:00 level=DEBUG msg="resynced omemo device list after PEP push" protocol=v2 from=qr30bqqwv50lbb3x3tau@movim.eu jid=rbdduiktozne@movim.eu
time=2026-08-23T22:11:04.079+02:00 level=DEBUG msg="resynced omemo device list after PEP push" protocol=v2 from=qr30bqqwv50lbb3x3tau@movim.eu jid=rbdduiktozne@movim.eu
time=2026-08-23T22:11:58.132+02:00 level=DEBUG msg="received omemo device-list PEP push" protocol=v1 from=jimww@conversations.im jid=rbdduiktozne@movim.eu
time=2026-08-23T22:11:58.142+02:00 level=DEBUG msg="received omemo device-list PEP push" protocol=v2 from=jimww@conversations.im jid=rbdduiktozne@movim.eu
time=2026-08-23T22:11:58.331+02:00 level=DEBUG msg="FetchOmemoDeviceListV1: fetched" peer=jimww@conversations.im count=2 devices="[396492910 3519373093]"
time=2026-08-23T22:11:58.361+02:00 level=DEBUG msg="resynced omemo device list after PEP push" protocol=v1 from=jimww@conversations.im jid=rbdduiktozne@movim.eu
time=2026-08-23T22:11:58.451+02:00 level=DEBUG msg="FetchOmemoDeviceList: fetched" peer=jimww@conversations.im count=2 devices="[454749576 1087746059]"
time=2026-08-23T22:11:58.469+02:00 level=DEBUG msg="resynced omemo device list after PEP push" protocol=v2 from=jimww@conversations.im jid=rbdduiktozne@movim.eu
time=2026-08-23T22:11:59.154+02:00 level=DEBUG msg="makeNodeOpen: reconfigured to open access" node=urn:xmpp:omemo:2:bundles:454749576
time=2026-08-23T22:11:59.327+02:00 level=DEBUG msg="FetchOmemoDeviceList: fetched" peer=jimww@conversations.im count=2 devices="[454749576 1087746059]"
time=2026-08-23T22:11:59.327+02:00 level=DEBUG msg="omemo setup: local device ID and current device list" protocol=v2 jid=jimww@conversations.im local_device=454749576 devices="[454749576 1087746059]"
time=2026-08-23T22:11:59.327+02:00 level=DEBUG msg="omemo setup: publishing device list" protocol=v2 jid=jimww@conversations.im devices="[454749576 1087746059]"
time=2026-08-23T22:11:59.496+02:00 level=DEBUG msg="received omemo device-list PEP push" protocol=v2 from=jimww@conversations.im jid=rbdduiktozne@movim.eu
time=2026-08-23T22:11:59.664+02:00 level=DEBUG msg="makeNodeOpen: reconfigured to open access" node=urn:xmpp:omemo:2:devices
time=2026-08-23T22:11:59.664+02:00 level=DEBUG msg="FetchOmemoDeviceList: fetched" peer=jimww@conversations.im count=2 devices="[454749576 1087746059]"
time=2026-08-23T22:11:59.690+02:00 level=DEBUG msg="resynced omemo device list after PEP push" protocol=v2 from=jimww@conversations.im jid=rbdduiktozne@movim.eu
time=2026-08-23T22:11:59.780+02:00 level=DEBUG msg="FetchOmemoDeviceList: fetched" peer=jimww@conversations.im count=2 devices="[454749576 1087746059]"
time=2026-08-23T22:12:00.789+02:00 level=DEBUG msg="makeNodeOpen: reconfigured to open access" node=eu.siacs.conversations.axolotl.bundles:396492910
time=2026-08-23T22:12:00.993+02:00 level=DEBUG msg="FetchOmemoDeviceListV1: fetched" peer=jimww@conversations.im count=2 devices="[396492910 3519373093]"
time=2026-08-23T22:12:00.993+02:00 level=DEBUG msg="omemo setup: local device ID and current device list" protocol=v1 jid=jimww@conversations.im local_device=396492910 devices="[396492910 3519373093]"
time=2026-08-23T22:12:00.993+02:00 level=DEBUG msg="omemo setup: publishing device list" protocol=v1 jid=jimww@conversations.im devices="[396492910 3519373093]"
time=2026-08-23T22:12:01.198+02:00 level=DEBUG msg="received omemo device-list PEP push" protocol=v1 from=jimww@conversations.im jid=rbdduiktozne@movim.eu
time=2026-08-23T22:12:01.403+02:00 level=DEBUG msg="makeNodeOpen: reconfigured to open access" node=eu.siacs.conversations.axolotl.devicelist
time=2026-08-23T22:12:01.403+02:00 level=DEBUG msg="FetchOmemoDeviceListV1: fetched" peer=jimww@conversations.im count=2 devices="[396492910 3519373093]"
time=2026-08-23T22:12:01.431+02:00 level=DEBUG msg="resynced omemo device list after PEP push" protocol=v1 from=jimww@conversations.im jid=rbdduiktozne@movim.eu
time=2026-08-23T22:12:01.608+02:00 level=DEBUG msg="FetchOmemoDeviceListV1: fetched" peer=jimww@conversations.im count=2 devices="[396492910 3519373093]"
time=2026-08-23T22:12:02.018+02:00 level=DEBUG msg="FetchOmemoDeviceList: fetched" peer=rbdduiktozne@movim.eu count=2 devices="[3970042472 738931598]"
time=2026-08-23T22:12:02.427+02:00 level=DEBUG msg="FetchOmemoDeviceListV1: fetched" peer=rbdduiktozne@movim.eu count=4 devices="[652529220 1532489010 1215632555 281798428]"
time=2026-08-23T22:12:02.465+02:00 level=DEBUG msg="resynced omemo-v1 device list on connect" peer=rbdduiktozne@movim.eu jid=jimww@conversations.im
time=2026-08-23T22:12:02.837+02:00 level=DEBUG msg="FetchOmemoDeviceList: fetched" peer=jimww@conversations.im count=2 devices="[454749576 1087746059]"
time=2026-08-23T22:12:03.246+02:00 level=DEBUG msg="FetchOmemoDeviceListV1: fetched" peer=jimww@conversations.im count=2 devices="[396492910 3519373093]"
time=2026-08-23T22:12:03.272+02:00 level=DEBUG msg="resynced omemo-v1 device list on connect" peer=jimww@conversations.im jid=jimww@conversations.im
time=2026-08-23T22:12:03.272+02:00 level=DEBUG msg="account reconnected" jid=jimww@conversations.im
time=2026-08-23T22:12:03.273+02:00 level=DEBUG msg="syncArchive: contacts to check" jid=jimww@conversations.im contacts=2
time=2026-08-23T22:12:04.478+02:00 level=DEBUG msg="mam page fetched" jid=jimww@conversations.im peer=rbdduiktozne@movim.eu page=0 elapsed=1.205528083s after=1786145008487877 items=0 complete=false err=<nil>
time=2026-08-23T22:12:04.478+02:00 level=DEBUG msg="syncArchiveForContact done" jid=jimww@conversations.im peer=rbdduiktozne@movim.eu elapsed=1.205612733s
time=2026-08-23T22:12:05.093+02:00 level=DEBUG msg="mam page fetched" jid=jimww@conversations.im peer=jimww@conversations.im page=0 elapsed=614.408308ms after="" items=0 complete=false err=<nil>
time=2026-08-23T22:12:05.093+02:00 level=DEBUG msg="syncArchiveForContact done" jid=jimww@conversations.im peer=jimww@conversations.im elapsed=614.511606ms
time=2026-08-23T22:12:05.093+02:00 level=DEBUG msg="received omemo device-list PEP push" protocol=v1 from="" jid=jimww@conversations.im
time=2026-08-23T22:12:05.093+02:00 level=DEBUG msg="received omemo device-list PEP push" protocol=v2 from="" jid=jimww@conversations.im
time=2026-08-23T22:12:05.093+02:00 level=DEBUG msg="received omemo device-list PEP push" protocol=v1 from=rbdduiktozne@movim.eu jid=jimww@conversations.im
time=2026-08-23T22:12:05.093+02:00 level=DEBUG msg="received omemo device-list PEP push" protocol=v2 from=rbdduiktozne@movim.eu jid=jimww@conversations.im
time=2026-08-23T22:12:05.093+02:00 level=DEBUG msg="received omemo device-list PEP push" protocol=v1 from=rbdduiktozne@movim.eu jid=jimww@conversations.im
time=2026-08-23T22:12:05.093+02:00 level=DEBUG msg="received omemo device-list PEP push" protocol=v2 from=rbdduiktozne@movim.eu jid=jimww@conversations.im
time=2026-08-23T22:12:05.093+02:00 level=DEBUG msg="received omemo device-list PEP push" protocol=v2 from="" jid=jimww@conversations.im
time=2026-08-23T22:12:05.093+02:00 level=DEBUG msg="received omemo device-list PEP push" protocol=v1 from="" jid=jimww@conversations.im
time=2026-08-23T22:12:05.295+02:00 level=DEBUG msg="FetchOmemoDeviceListV1: fetched" peer=rbdduiktozne@movim.eu count=4 devices="[652529220 1532489010 1215632555 281798428]"
time=2026-08-23T22:12:05.295+02:00 level=DEBUG msg="FetchOmemoDeviceList: fetched" peer=rbdduiktozne@movim.eu count=2 devices="[3970042472 738931598]"
time=2026-08-23T22:12:05.295+02:00 level=DEBUG msg="FetchOmemoDeviceList: fetched" peer=rbdduiktozne@movim.eu count=2 devices="[3970042472 738931598]"
time=2026-08-23T22:12:05.338+02:00 level=DEBUG msg="resynced omemo device list after PEP push" protocol=v2 from=rbdduiktozne@movim.eu jid=jimww@conversations.im
time=2026-08-23T22:12:05.344+02:00 level=DEBUG msg="resynced omemo device list after PEP push" protocol=v2 from=rbdduiktozne@movim.eu jid=jimww@conversations.im
time=2026-08-23T22:12:05.349+02:00 level=DEBUG msg="resynced omemo device list after PEP push" protocol=v1 from=rbdduiktozne@movim.eu jid=jimww@conversations.im
time=2026-08-23T22:12:05.499+02:00 level=DEBUG msg="FetchOmemoDeviceListV1: fetched" peer=rbdduiktozne@movim.eu count=4 devices="[652529220 1532489010 1215632555 281798428]"
time=2026-08-23T22:12:05.537+02:00 level=DEBUG msg="resynced omemo device list after PEP push" protocol=v1 from=rbdduiktozne@movim.eu jid=jimww@conversations.im
time=2026-08-23T23:01:19.166+02:00 level=INFO msg="kage starting" version=0.5.0-cf31e60a399b2c1ad5901d48d79db416269171f9 log_file=/home/jim/.config/kage/debug.log
time=2026-08-23T23:01:19.168+02:00 level=DEBUG msg="local roster loaded" jid=rbdduiktozne@movim.eu contacts=3
time=2026-08-23T23:01:19.172+02:00 level=DEBUG msg="loadHistoryWindow done" jid=rbdduiktozne@movim.eu peer=jimww@conversations.im elapsed=3.551937ms messages=60 more=true
time=2026-08-23T23:01:19.176+02:00 level=DEBUG msg="loadHistoryWindow done" jid=rbdduiktozne@movim.eu peer=juliya@conversations.im elapsed=3.261721ms messages=60 more=true
time=2026-08-23T23:01:19.179+02:00 level=DEBUG msg="loadHistoryWindow done" jid=rbdduiktozne@movim.eu peer=qr30bqqwv50lbb3x3tau@movim.eu elapsed=3.04792ms messages=60 more=true
time=2026-08-23T23:01:19.179+02:00 level=DEBUG msg="local roster loaded" jid=jimww@conversations.im contacts=1
time=2026-08-23T23:01:19.182+02:00 level=DEBUG msg="loadHistoryWindow done" jid=jimww@conversations.im peer=rbdduiktozne@movim.eu elapsed=2.605438ms messages=60 more=true
time=2026-08-23T23:01:19.199+02:00 level=DEBUG msg="focus state updated" accountJID=rbdduiktozne@movim.eu chatAddress=jimww@conversations.im focused=true key="rbdduiktozne@movim.eu\x00jimww@conversations.im"
time=2026-08-24T00:55:41.425+02:00 level=WARN msg="account disconnected; reconnecting" jid=rbdduiktozne@movim.eu err="write tcp [2a07:b944::2:2]:33842->[2a03:4000:51:f44:4e1:2ff:fe00:4257]:5223: write: broken pipe"
time=2026-08-24T00:55:44.982+02:00 level=WARN msg="account disconnected; reconnecting" jid=jimww@conversations.im err="write tcp [2a07:b944::2:2]:46814->[2a00:1828:2000:215::50]:443: write: broken pipe"
time=2026-08-24T00:56:01.448+02:00 level=WARN msg="reconnecting failed; retrying" jid=rbdduiktozne@movim.eu err="dialing rbdduiktozne@movim.eu: lookup _xmpps-client._tcp.movim.eu on [2a07:b944::2:1]:53: read udp [2a07:b944::2:2]:54553->[2a07:b944::2:1]:53: i/o timeout\nlookup _xmpp-client._tcp.movim.eu on [2a07:b944::2:1]:53: read udp [2a07:b944::2:2]:37228->[2a07:b944::2:1]:53: i/o timeout" backoff=1s
time=2026-08-24T00:56:05.002+02:00 level=WARN msg="reconnecting failed; retrying" jid=jimww@conversations.im err="dialing jimww@conversations.im: lookup _xmpps-client._tcp.conversations.im on [2a07:b944::2:1]:53: read udp [2a07:b944::2:2]:54896->[2a07:b944::2:1]:53: i/o timeout\nlookup _xmpp-client._tcp.conversations.im on [2a07:b944::2:1]:53: read udp [2a07:b944::2:2]:47802->[2a07:b944::2:1]:53: i/o timeout" backoff=1s
time=2026-08-24T00:56:12.228+02:00 level=DEBUG msg="makeNodeOpen: reconfigured to open access" node=urn:xmpp:omemo:2:bundles:454749576
time=2026-08-24T00:56:12.412+02:00 level=DEBUG msg="FetchOmemoDeviceList: fetched" peer=jimww@conversations.im count=2 devices="[454749576 1087746059]"
time=2026-08-24T00:56:12.412+02:00 level=DEBUG msg="omemo setup: local device ID and current device list" protocol=v2 jid=jimww@conversations.im local_device=454749576 devices="[454749576 1087746059]"
time=2026-08-24T00:56:12.412+02:00 level=DEBUG msg="omemo setup: publishing device list" protocol=v2 jid=jimww@conversations.im devices="[454749576 1087746059]"
time=2026-08-24T00:56:12.985+02:00 level=DEBUG msg="makeNodeOpen: reconfigured to open access" node=urn:xmpp:omemo:2:devices
time=2026-08-24T00:56:13.152+02:00 level=DEBUG msg="FetchOmemoDeviceList: fetched" peer=jimww@conversations.im count=2 devices="[454749576 1087746059]"
time=2026-08-24T00:56:13.455+02:00 level=DEBUG msg="makeNodeOpen: reconfigured to open access" node=eu.siacs.conversations.axolotl.bundles:396492910
time=2026-08-24T00:56:13.622+02:00 level=DEBUG msg="FetchOmemoDeviceListV1: fetched" peer=jimww@conversations.im count=2 devices="[396492910 3519373093]"
time=2026-08-24T00:56:13.622+02:00 level=DEBUG msg="omemo setup: local device ID and current device list" protocol=v1 jid=jimww@conversations.im local_device=396492910 devices="[396492910 3519373093]"
time=2026-08-24T00:56:13.622+02:00 level=DEBUG msg="omemo setup: publishing device list" protocol=v1 jid=jimww@conversations.im devices="[396492910 3519373093]"
time=2026-08-24T00:56:13.931+02:00 level=DEBUG msg="makeNodeOpen: reconfigured to open access" node=eu.siacs.conversations.axolotl.devicelist
time=2026-08-24T00:56:14.074+02:00 level=DEBUG msg="FetchOmemoDeviceListV1: fetched" peer=jimww@conversations.im count=2 devices="[396492910 3519373093]"
time=2026-08-24T00:56:14.225+02:00 level=DEBUG msg="FetchOmemoDeviceList: fetched" peer=jimww@conversations.im count=2 devices="[454749576 1087746059]"
time=2026-08-24T00:56:14.405+02:00 level=DEBUG msg="FetchOmemoDeviceListV1: fetched" peer=jimww@conversations.im count=2 devices="[396492910 3519373093]"
time=2026-08-24T00:56:14.431+02:00 level=DEBUG msg="resynced omemo-v1 device list on connect" peer=jimww@conversations.im jid=jimww@conversations.im
time=2026-08-24T00:56:14.675+02:00 level=DEBUG msg="makeNodeOpen: reconfigured to open access" node=urn:xmpp:omemo:2:bundles:3970042472
time=2026-08-24T00:56:14.675+02:00 level=DEBUG msg="FetchOmemoDeviceList: fetched" peer=rbdduiktozne@movim.eu count=2 devices="[3970042472 738931598]"
time=2026-08-24T00:56:14.824+02:00 level=DEBUG msg="FetchOmemoDeviceList: fetched" peer=rbdduiktozne@movim.eu count=2 devices="[3970042472 738931598]"
time=2026-08-24T00:56:14.824+02:00 level=DEBUG msg="omemo setup: local device ID and current device list" protocol=v2 jid=rbdduiktozne@movim.eu local_device=3970042472 devices="[3970042472 738931598]"
time=2026-08-24T00:56:14.824+02:00 level=DEBUG msg="omemo setup: publishing device list" protocol=v2 jid=rbdduiktozne@movim.eu devices="[3970042472 738931598]"
time=2026-08-24T00:56:14.825+02:00 level=DEBUG msg="FetchOmemoDeviceListV1: fetched" peer=rbdduiktozne@movim.eu count=4 devices="[652529220 1532489010 1215632555 281798428]"
time=2026-08-24T00:56:14.862+02:00 level=DEBUG msg="resynced omemo-v1 device list on connect" peer=rbdduiktozne@movim.eu jid=jimww@conversations.im
time=2026-08-24T00:56:14.862+02:00 level=DEBUG msg="account reconnected" jid=jimww@conversations.im
time=2026-08-24T00:56:14.862+02:00 level=DEBUG msg="syncArchive: contacts to check" jid=jimww@conversations.im contacts=2
time=2026-08-24T00:56:15.130+02:00 level=DEBUG msg="mam page fetched" jid=jimww@conversations.im peer=jimww@conversations.im page=0 elapsed=267.586841ms after="" items=0 complete=false err=<nil>
time=2026-08-24T00:56:15.130+02:00 level=DEBUG msg="syncArchiveForContact done" jid=jimww@conversations.im peer=jimww@conversations.im elapsed=267.652911ms
time=2026-08-24T00:56:15.306+02:00 level=DEBUG msg="makeNodeOpen: reconfigured to open access" node=urn:xmpp:omemo:2:devices
time=2026-08-24T00:56:15.441+02:00 level=DEBUG msg="FetchOmemoDeviceList: fetched" peer=rbdduiktozne@movim.eu count=2 devices="[3970042472 738931598]"
time=2026-08-24T00:56:15.472+02:00 level=DEBUG msg="mam page fetched" jid=jimww@conversations.im peer=rbdduiktozne@movim.eu page=0 elapsed=342.76618ms after=1786145008487877 items=0 complete=false err=<nil>
time=2026-08-24T00:56:15.472+02:00 level=DEBUG msg="syncArchiveForContact done" jid=jimww@conversations.im peer=rbdduiktozne@movim.eu elapsed=342.820168ms
time=2026-08-24T00:56:15.473+02:00 level=DEBUG msg="received omemo device-list PEP push" protocol=v1 from="" jid=jimww@conversations.im
time=2026-08-24T00:56:15.473+02:00 level=DEBUG msg="received omemo device-list PEP push" protocol=v2 from="" jid=jimww@conversations.im
time=2026-08-24T00:56:15.473+02:00 level=DEBUG msg="received omemo device-list PEP push" protocol=v1 from=rbdduiktozne@movim.eu jid=jimww@conversations.im
time=2026-08-24T00:56:15.473+02:00 level=DEBUG msg="received omemo device-list PEP push" protocol=v2 from=rbdduiktozne@movim.eu jid=jimww@conversations.im
time=2026-08-24T00:56:15.473+02:00 level=DEBUG msg="received omemo device-list PEP push" protocol=v1 from=rbdduiktozne@movim.eu jid=jimww@conversations.im
time=2026-08-24T00:56:15.473+02:00 level=DEBUG msg="received omemo device-list PEP push" protocol=v2 from=rbdduiktozne@movim.eu jid=jimww@conversations.im
time=2026-08-24T00:56:15.473+02:00 level=DEBUG msg="received omemo device-list PEP push" protocol=v2 from="" jid=jimww@conversations.im
time=2026-08-24T00:56:15.473+02:00 level=DEBUG msg="received omemo device-list PEP push" protocol=v1 from="" jid=jimww@conversations.im
time=2026-08-24T00:56:15.473+02:00 level=DEBUG msg="received omemo device-list PEP push" protocol=v1 from=rbdduiktozne@movim.eu jid=jimww@conversations.im
time=2026-08-24T00:56:15.473+02:00 level=DEBUG msg="received omemo device-list PEP push" protocol=v2 from=rbdduiktozne@movim.eu jid=jimww@conversations.im
time=2026-08-24T00:56:15.473+02:00 level=DEBUG msg="received omemo device-list PEP push" protocol=v2 from=rbdduiktozne@movim.eu jid=jimww@conversations.im
time=2026-08-24T00:56:15.551+02:00 level=DEBUG msg="FetchOmemoDeviceListV1: fetched" peer=rbdduiktozne@movim.eu count=4 devices="[652529220 1532489010 1215632555 281798428]"
time=2026-08-24T00:56:15.571+02:00 level=DEBUG msg="FetchOmemoDeviceListV1: fetched" peer=rbdduiktozne@movim.eu count=4 devices="[652529220 1532489010 1215632555 281798428]"
time=2026-08-24T00:56:15.571+02:00 level=DEBUG msg="FetchOmemoDeviceList: fetched" peer=rbdduiktozne@movim.eu count=2 devices="[3970042472 738931598]"
time=2026-08-24T00:56:15.571+02:00 level=DEBUG msg="FetchOmemoDeviceList: fetched" peer=rbdduiktozne@movim.eu count=2 devices="[3970042472 738931598]"
time=2026-08-24T00:56:15.571+02:00 level=DEBUG msg="FetchOmemoDeviceList: fetched" peer=rbdduiktozne@movim.eu count=2 devices="[3970042472 738931598]"
time=2026-08-24T00:56:15.571+02:00 level=DEBUG msg="FetchOmemoDeviceListV1: fetched" peer=rbdduiktozne@movim.eu count=4 devices="[652529220 1532489010 1215632555 281798428]"
time=2026-08-24T00:56:15.588+02:00 level=DEBUG msg="makeNodeOpen: reconfigured to open access" node=eu.siacs.conversations.axolotl.bundles:1215632555
time=2026-08-24T00:56:15.599+02:00 level=DEBUG msg="FetchOmemoDeviceList: fetched" peer=rbdduiktozne@movim.eu count=2 devices="[3970042472 738931598]"
time=2026-08-24T00:56:15.620+02:00 level=DEBUG msg="resynced omemo device list after PEP push" protocol=v1 from=rbdduiktozne@movim.eu jid=jimww@conversations.im
time=2026-08-24T00:56:15.626+02:00 level=DEBUG msg="resynced omemo device list after PEP push" protocol=v2 from=rbdduiktozne@movim.eu jid=jimww@conversations.im
time=2026-08-24T00:56:15.627+02:00 level=DEBUG msg="resynced omemo device list after PEP push" protocol=v2 from=rbdduiktozne@movim.eu jid=jimww@conversations.im
time=2026-08-24T00:56:15.627+02:00 level=DEBUG msg="resynced omemo device list after PEP push" protocol=v2 from=rbdduiktozne@movim.eu jid=jimww@conversations.im
time=2026-08-24T00:56:15.633+02:00 level=DEBUG msg="resynced omemo device list after PEP push" protocol=v2 from=rbdduiktozne@movim.eu jid=jimww@conversations.im
time=2026-08-24T00:56:15.633+02:00 level=DEBUG msg="resynced omemo device list after PEP push" protocol=v1 from=rbdduiktozne@movim.eu jid=jimww@conversations.im
time=2026-08-24T00:56:15.633+02:00 level=DEBUG msg="resynced omemo device list after PEP push" protocol=v1 from=rbdduiktozne@movim.eu jid=jimww@conversations.im
time=2026-08-24T00:56:15.667+02:00 level=DEBUG msg="FetchOmemoDeviceListV1: fetched" peer=rbdduiktozne@movim.eu count=4 devices="[652529220 1532489010 1215632555 281798428]"
time=2026-08-24T00:56:15.667+02:00 level=DEBUG msg="omemo setup: local device ID and current device list" protocol=v1 jid=rbdduiktozne@movim.eu local_device=1215632555 devices="[652529220 1532489010 1215632555 281798428]"
time=2026-08-24T00:56:15.667+02:00 level=DEBUG msg="omemo setup: publishing device list" protocol=v1 jid=rbdduiktozne@movim.eu devices="[652529220 1532489010 1215632555 281798428]"
time=2026-08-24T00:56:15.742+02:00 level=DEBUG msg="received omemo device-list PEP push" protocol=v1 from=rbdduiktozne@movim.eu jid=jimww@conversations.im
time=2026-08-24T00:56:15.817+02:00 level=DEBUG msg="FetchOmemoDeviceListV1: fetched" peer=rbdduiktozne@movim.eu count=4 devices="[652529220 1532489010 1215632555 281798428]"
time=2026-08-24T00:56:15.823+02:00 level=DEBUG msg="makeNodeOpen: reconfigured to open access" node=eu.siacs.conversations.axolotl.devicelist
time=2026-08-24T00:56:15.862+02:00 level=DEBUG msg="resynced omemo device list after PEP push" protocol=v1 from=rbdduiktozne@movim.eu jid=jimww@conversations.im
time=2026-08-24T00:56:15.867+02:00 level=DEBUG msg="FetchOmemoDeviceListV1: fetched" peer=rbdduiktozne@movim.eu count=4 devices="[652529220 1532489010 1215632555 281798428]"
time=2026-08-24T00:56:15.942+02:00 level=DEBUG msg="FetchOmemoDeviceList: fetched" peer=qr30bqqwv50lbb3x3tau@movim.eu count=9 devices="[3546796710 543807001 1136287838 804539282 766575397 1069781368 3439252694 3095662882 1110435295]"
time=2026-08-24T00:56:16.045+02:00 level=DEBUG msg="FetchOmemoDeviceListV1: fetched" peer=qr30bqqwv50lbb3x3tau@movim.eu count=7 devices="[1041050623 99377310 406890504 465880925 1294895317 1689625064 1425664679]"
time=2026-08-24T00:56:16.093+02:00 level=DEBUG msg="resynced omemo-v1 device list on connect" peer=qr30bqqwv50lbb3x3tau@movim.eu jid=rbdduiktozne@movim.eu
time=2026-08-24T00:56:16.137+02:00 level=DEBUG msg="FetchOmemoDeviceList: fetched" peer=rbdduiktozne@movim.eu count=2 devices="[3970042472 738931598]"
time=2026-08-24T00:56:16.228+02:00 level=DEBUG msg="FetchOmemoDeviceListV1: fetched" peer=rbdduiktozne@movim.eu count=4 devices="[652529220 1532489010 1215632555 281798428]"
time=2026-08-24T00:56:16.260+02:00 level=DEBUG msg="resynced omemo-v1 device list on connect" peer=rbdduiktozne@movim.eu jid=rbdduiktozne@movim.eu
time=2026-08-24T00:56:16.328+02:00 level=DEBUG msg="FetchOmemoDeviceList: fetched" peer=jimww@conversations.im count=2 devices="[454749576 1087746059]"
time=2026-08-24T00:56:16.421+02:00 level=DEBUG msg="FetchOmemoDeviceListV1: fetched" peer=jimww@conversations.im count=2 devices="[396492910 3519373093]"
time=2026-08-24T00:56:16.441+02:00 level=DEBUG msg="resynced omemo-v1 device list on connect" peer=jimww@conversations.im jid=rbdduiktozne@movim.eu
time=2026-08-24T00:56:16.569+02:00 level=DEBUG msg="FetchOmemoDeviceListV1: fetched" peer=juliya@conversations.im count=1 devices=[80731641]
time=2026-08-24T00:56:16.590+02:00 level=DEBUG msg="resynced omemo-v1 device list on connect" peer=juliya@conversations.im jid=rbdduiktozne@movim.eu
time=2026-08-24T00:56:16.591+02:00 level=DEBUG msg="account reconnected" jid=rbdduiktozne@movim.eu
time=2026-08-24T00:56:16.591+02:00 level=DEBUG msg="syncArchive: contacts to check" jid=rbdduiktozne@movim.eu contacts=4
time=2026-08-24T00:56:16.671+02:00 level=DEBUG msg="mam page fetched" jid=rbdduiktozne@movim.eu peer=rbdduiktozne@movim.eu page=0 elapsed=79.682281ms after="" items=0 complete=false err=<nil>
time=2026-08-24T00:56:16.671+02:00 level=DEBUG msg="syncArchiveForContact done" jid=rbdduiktozne@movim.eu peer=rbdduiktozne@movim.eu elapsed=79.753031ms
time=2026-08-24T00:56:16.846+02:00 level=DEBUG msg="mam page fetched" jid=rbdduiktozne@movim.eu peer=jimww@conversations.im page=0 elapsed=174.840492ms after=1786145008477310 items=0 complete=false err=<nil>
time=2026-08-24T00:56:16.846+02:00 level=DEBUG msg="syncArchiveForContact done" jid=rbdduiktozne@movim.eu peer=jimww@conversations.im elapsed=174.90342ms
time=2026-08-24T00:56:17.167+02:00 level=DEBUG msg="mam page fetched" jid=rbdduiktozne@movim.eu peer=juliya@conversations.im page=0 elapsed=321.230455ms after=1781027641892659 items=0 complete=false err=<nil>
time=2026-08-24T00:56:17.167+02:00 level=DEBUG msg="syncArchiveForContact done" jid=rbdduiktozne@movim.eu peer=juliya@conversations.im elapsed=321.295898ms
time=2026-08-24T00:56:18.860+02:00 level=DEBUG msg="mam page fetched" jid=rbdduiktozne@movim.eu peer=qr30bqqwv50lbb3x3tau@movim.eu page=0 elapsed=1.692851681s after=1780827424944565 items=0 complete=false err=<nil>
time=2026-08-24T00:56:18.860+02:00 level=DEBUG msg="syncArchiveForContact done" jid=rbdduiktozne@movim.eu peer=qr30bqqwv50lbb3x3tau@movim.eu elapsed=1.6929584s
time=2026-08-24T00:56:18.860+02:00 level=DEBUG msg="received omemo device-list PEP push" protocol=v1 from="" jid=rbdduiktozne@movim.eu
time=2026-08-24T00:56:18.860+02:00 level=DEBUG msg="received omemo device-list PEP push" protocol=v2 from="" jid=rbdduiktozne@movim.eu
time=2026-08-24T00:56:18.860+02:00 level=DEBUG msg="received omemo device-list PEP push" protocol=v1 from=qr30bqqwv50lbb3x3tau@movim.eu jid=rbdduiktozne@movim.eu
time=2026-08-24T00:56:18.860+02:00 level=DEBUG msg="received omemo device-list PEP push" protocol=v2 from=qr30bqqwv50lbb3x3tau@movim.eu jid=rbdduiktozne@movim.eu
time=2026-08-24T00:56:18.860+02:00 level=DEBUG msg="received omemo device-list PEP push" protocol=v1 from=juliya@conversations.im jid=rbdduiktozne@movim.eu
time=2026-08-24T00:56:18.860+02:00 level=DEBUG msg="received omemo device-list PEP push" protocol=v1 from=jimww@conversations.im jid=rbdduiktozne@movim.eu
time=2026-08-24T00:56:18.860+02:00 level=DEBUG msg="received omemo device-list PEP push" protocol=v2 from=jimww@conversations.im jid=rbdduiktozne@movim.eu
time=2026-08-24T00:56:18.860+02:00 level=DEBUG msg="received omemo device-list PEP push" protocol=v1 from=jimww@conversations.im jid=rbdduiktozne@movim.eu
time=2026-08-24T00:56:18.860+02:00 level=DEBUG msg="received omemo device-list PEP push" protocol=v2 from=jimww@conversations.im jid=rbdduiktozne@movim.eu
time=2026-08-24T00:56:18.860+02:00 level=DEBUG msg="received omemo device-list PEP push" protocol=v2 from="" jid=rbdduiktozne@movim.eu
time=2026-08-24T00:56:18.860+02:00 level=DEBUG msg="received omemo device-list PEP push" protocol=v1 from="" jid=rbdduiktozne@movim.eu
time=2026-08-24T00:56:18.860+02:00 level=DEBUG msg="received omemo device-list PEP push" protocol=v1 from=qr30bqqwv50lbb3x3tau@movim.eu jid=rbdduiktozne@movim.eu
time=2026-08-24T00:56:18.860+02:00 level=DEBUG msg="received omemo device-list PEP push" protocol=v2 from=qr30bqqwv50lbb3x3tau@movim.eu jid=rbdduiktozne@movim.eu
time=2026-08-24T00:56:18.909+02:00 level=DEBUG msg="FetchOmemoDeviceListV1: fetched" peer=qr30bqqwv50lbb3x3tau@movim.eu count=7 devices="[1041050623 99377310 406890504 465880925 1294895317 1689625064 1425664679]"
time=2026-08-24T00:56:18.910+02:00 level=DEBUG msg="FetchOmemoDeviceList: fetched" peer=qr30bqqwv50lbb3x3tau@movim.eu count=9 devices="[3546796710 543807001 1136287838 804539282 766575397 1069781368 3439252694 3095662882 1110435295]"
time=2026-08-24T00:56:18.950+02:00 level=DEBUG msg="FetchOmemoDeviceList: fetched" peer=qr30bqqwv50lbb3x3tau@movim.eu count=9 devices="[3546796710 543807001 1136287838 804539282 766575397 1069781368 3439252694 3095662882 1110435295]"
time=2026-08-24T00:56:18.950+02:00 level=DEBUG msg="FetchOmemoDeviceListV1: fetched" peer=qr30bqqwv50lbb3x3tau@movim.eu count=7 devices="[1041050623 99377310 406890504 465880925 1294895317 1689625064 1425664679]"
time=2026-08-24T00:56:18.950+02:00 level=DEBUG msg="FetchOmemoDeviceListV1: fetched" peer=juliya@conversations.im count=1 devices=[80731641]
time=2026-08-24T00:56:18.957+02:00 level=DEBUG msg="FetchOmemoDeviceListV1: fetched" peer=jimww@conversations.im count=2 devices="[396492910 3519373093]"
time=2026-08-24T00:56:18.957+02:00 level=DEBUG msg="FetchOmemoDeviceList: fetched" peer=jimww@conversations.im count=2 devices="[454749576 1087746059]"
time=2026-08-24T00:56:18.957+02:00 level=DEBUG msg="FetchOmemoDeviceListV1: fetched" peer=jimww@conversations.im count=2 devices="[396492910 3519373093]"
time=2026-08-24T00:56:18.981+02:00 level=DEBUG msg="FetchOmemoDeviceList: fetched" peer=jimww@conversations.im count=2 devices="[454749576 1087746059]"
time=2026-08-24T00:56:18.994+02:00 level=DEBUG msg="resynced omemo device list after PEP push" protocol=v1 from=juliya@conversations.im jid=rbdduiktozne@movim.eu
time=2026-08-24T00:56:19.078+02:00 level=DEBUG msg="resynced omemo device list after PEP push" protocol=v2 from=jimww@conversations.im jid=rbdduiktozne@movim.eu
time=2026-08-24T00:56:19.099+02:00 level=DEBUG msg="resynced omemo device list after PEP push" protocol=v1 from=jimww@conversations.im jid=rbdduiktozne@movim.eu
time=2026-08-24T00:56:19.130+02:00 level=DEBUG msg="resynced omemo device list after PEP push" protocol=v2 from=jimww@conversations.im jid=rbdduiktozne@movim.eu
time=2026-08-24T00:56:19.148+02:00 level=DEBUG msg="resynced omemo device list after PEP push" protocol=v1 from=qr30bqqwv50lbb3x3tau@movim.eu jid=rbdduiktozne@movim.eu
time=2026-08-24T00:56:19.155+02:00 level=DEBUG msg="resynced omemo device list after PEP push" protocol=v1 from=jimww@conversations.im jid=rbdduiktozne@movim.eu
time=2026-08-24T00:56:19.174+02:00 level=DEBUG msg="resynced omemo device list after PEP push" protocol=v1 from=qr30bqqwv50lbb3x3tau@movim.eu jid=rbdduiktozne@movim.eu
time=2026-08-24T00:56:19.186+02:00 level=DEBUG msg="resynced omemo device list after PEP push" protocol=v2 from=qr30bqqwv50lbb3x3tau@movim.eu jid=rbdduiktozne@movim.eu
time=2026-08-24T00:56:19.186+02:00 level=DEBUG msg="resynced omemo device list after PEP push" protocol=v2 from=qr30bqqwv50lbb3x3tau@movim.eu jid=rbdduiktozne@movim.eu
time=2026-08-24T01:49:20.571+02:00 level=INFO msg="kage background service: SIGTERM received, shutting down"
time=2026-08-24T01:49:20.602+02:00 level=DEBUG msg="background: socket accept loop ended" err="accept unix /home/jim/.config/kage/kage.sock: use of closed network connection"
time=2026-08-24T01:49:20.813+02:00 level=INFO msg="kage background service: exiting"
time=2026-08-24T01:54:31.481+02:00 level=WARN msg="exporting own gpg key" err="gpg export: no key found for 84E78B81883125DEF4FFBD7735AE71B304C67013"
time=2026-08-24T01:54:39.249+02:00 level=WARN msg="exporting own gpg key" err="gpg export: no key found for 84E78B81883125DEF4FFBD7735AE71B304C67013"
time=2026-08-24T11:50:12.729+02:00 level=WARN msg="account disconnected; reconnecting" jid=rbdduiktozne@movim.eu err="write tcp [2a07:b944::2:2]:53934->[2a03:4000:51:f44:4e1:2ff:fe00:4257]:5223: write: broken pipe"
time=2026-08-24T11:50:12.729+02:00 level=WARN msg="account disconnected; reconnecting" jid=jimww@conversations.im err="write tcp [2a07:b944::2:2]:46168->[2a00:1828:2000:215::50]:443: write: broken pipe"
time=2026-08-24T12:34:54.650+02:00 level=INFO msg="kage starting" version=0.5.0-cf31e60a399b2c1ad5901d48d79db416269171f9 log_file=/home/jim/.config/kage/debug.log
time=2026-08-24T13:45:39.344+02:00 level=INFO msg="kage starting" version=0.5.0-cf31e60a399b2c1ad5901d48d79db416269171f9 log_file=/home/jim/.config/kage/debug.log
time=2026-08-24T13:56:37.704+02:00 level=WARN msg="account disconnected; reconnecting" jid=rbdduiktozne@movim.eu err="write tcp [2a07:b944::2:2]:35180->[2a03:4000:51:f44:4e1:2ff:fe00:4257]:5223: write: broken pipe"
time=2026-08-24T13:56:44.360+02:00 level=WARN msg="account disconnected; reconnecting" jid=jimww@conversations.im err="write tcp [2a07:b944::2:2]:39380->[2a00:1828:2000:215::50]:443: write: broken pipe"
time=2026-08-24T13:56:54.369+02:00 level=WARN msg="reconnecting failed; retrying" jid=jimww@conversations.im err="dialing jimww@conversations.im: lookup _xmpps-client._tcp.conversations.im on 127.0.0.53:53: read udp 127.0.0.1:48644->127.0.0.53:53: i/o timeout\nlookup _xmpp-client._tcp.conversations.im on 127.0.0.53:53: read udp 127.0.0.1:50339->127.0.0.53:53: i/o timeout" backoff=1s
time=2026-08-24T13:56:57.721+02:00 level=WARN msg="reconnecting failed; retrying" jid=rbdduiktozne@movim.eu err="dialing rbdduiktozne@movim.eu: lookup _xmpps-client._tcp.movim.eu on 127.0.0.53:53: read udp 127.0.0.1:46642->127.0.0.53:53: i/o timeout\nlookup _xmpp-client._tcp.movim.eu on 127.0.0.53:53: read udp 127.0.0.1:45495->127.0.0.53:53: i/o timeout" backoff=1s
time=2026-08-24T13:57:05.377+02:00 level=WARN msg="reconnecting failed; retrying" jid=jimww@conversations.im err="dialing jimww@conversations.im: lookup _xmpps-client._tcp.conversations.im on 127.0.0.53:53: read udp 127.0.0.1:35514->127.0.0.53:53: i/o timeout\nlookup _xmpp-client._tcp.conversations.im on 127.0.0.53:53: read udp 127.0.0.1:42983->127.0.0.53:53: i/o timeout" backoff=2s
time=2026-08-24T13:57:08.729+02:00 level=WARN msg="reconnecting failed; retrying" jid=rbdduiktozne@movim.eu err="dialing rbdduiktozne@movim.eu: lookup _xmpps-client._tcp.movim.eu on 127.0.0.53:53: read udp 127.0.0.1:52399->127.0.0.53:53: i/o timeout\nlookup _xmpp-client._tcp.movim.eu on 127.0.0.53:53: read udp 127.0.0.1:41368->127.0.0.53:53: i/o timeout" backoff=2s
time=2026-08-24T13:57:17.388+02:00 level=WARN msg="reconnecting failed; retrying" jid=jimww@conversations.im err="dialing jimww@conversations.im: lookup _xmpps-client._tcp.conversations.im on 127.0.0.53:53: read udp 127.0.0.1:43407->127.0.0.53:53: i/o timeout\nlookup _xmpp-client._tcp.conversations.im on 127.0.0.53:53: read udp 127.0.0.1:41618->127.0.0.53:53: i/o timeout" backoff=4s
time=2026-08-24T13:57:20.743+02:00 level=WARN msg="reconnecting failed; retrying" jid=rbdduiktozne@movim.eu err="dialing rbdduiktozne@movim.eu: lookup _xmpps-client._tcp.movim.eu on 127.0.0.53:53: read udp 127.0.0.1:58314->127.0.0.53:53: i/o timeout\nlookup _xmpp-client._tcp.movim.eu on 127.0.0.53:53: read udp 127.0.0.1:34426->127.0.0.53:53: i/o timeout" backoff=4s
time=2026-08-24T13:57:31.397+02:00 level=WARN msg="reconnecting failed; retrying" jid=jimww@conversations.im err="dialing jimww@conversations.im: lookup _xmpps-client._tcp.conversations.im on 127.0.0.53:53: read udp 127.0.0.1:54194->127.0.0.53:53: i/o timeout\nlookup _xmpp-client._tcp.conversations.im on 127.0.0.53:53: read udp 127.0.0.1:54313->127.0.0.53:53: i/o timeout" backoff=8s
time=2026-08-24T13:57:34.756+02:00 level=WARN msg="reconnecting failed; retrying" jid=rbdduiktozne@movim.eu err="dialing rbdduiktozne@movim.eu: lookup _xmpps-client._tcp.movim.eu on 127.0.0.53:53: read udp 127.0.0.1:45963->127.0.0.53:53: i/o timeout\nlookup _xmpp-client._tcp.movim.eu on 127.0.0.53:53: read udp 127.0.0.1:60895->127.0.0.53:53: i/o timeout" backoff=8s
time=2026-08-24T13:57:49.409+02:00 level=WARN msg="reconnecting failed; retrying" jid=jimww@conversations.im err="dialing jimww@conversations.im: lookup _xmpps-client._tcp.conversations.im on 127.0.0.53:53: read udp 127.0.0.1:44279->127.0.0.53:53: i/o timeout\nlookup _xmpp-client._tcp.conversations.im on 127.0.0.53:53: read udp 127.0.0.1:58345->127.0.0.53:53: i/o timeout" backoff=16s
time=2026-08-24T13:57:52.770+02:00 level=WARN msg="reconnecting failed; retrying" jid=rbdduiktozne@movim.eu err="dialing rbdduiktozne@movim.eu: lookup _xmpps-client._tcp.movim.eu on 127.0.0.53:53: read udp 127.0.0.1:50910->127.0.0.53:53: i/o timeout\nlookup _xmpp-client._tcp.movim.eu on 127.0.0.53:53: read udp 127.0.0.1:42516->127.0.0.53:53: i/o timeout" backoff=16s
time=2026-08-24T13:58:15.430+02:00 level=WARN msg="reconnecting failed; retrying" jid=jimww@conversations.im err="dialing jimww@conversations.im: lookup _xmpps-client._tcp.conversations.im on 127.0.0.53:53: read udp 127.0.0.1:49733->127.0.0.53:53: i/o timeout\nlookup _xmpp-client._tcp.conversations.im on 127.0.0.53:53: read udp 127.0.0.1:58729->127.0.0.53:53: i/o timeout" backoff=32s
time=2026-08-24T13:58:18.785+02:00 level=WARN msg="reconnecting failed; retrying" jid=rbdduiktozne@movim.eu err="dialing rbdduiktozne@movim.eu: lookup _xmpps-client._tcp.movim.eu on 127.0.0.53:53: read udp 127.0.0.1:54318->127.0.0.53:53: i/o timeout\nlookup _xmpp-client._tcp.movim.eu on 127.0.0.53:53: read udp 127.0.0.1:32949->127.0.0.53:53: i/o timeout" backoff=32s
time=2026-08-24T13:59:22.530+02:00 level=WARN msg="reconnecting failed; retrying" jid=jimww@conversations.im err="dialing jimww@conversations.im: dial tcp: lookup conversations.im: Temporary failure in name resolution" backoff=1m0s
time=2026-08-24T13:59:25.875+02:00 level=WARN msg="reconnecting failed; retrying" jid=rbdduiktozne@movim.eu err="dialing rbdduiktozne@movim.eu: dial tcp: lookup movim.eu: Temporary failure in name resolution" backoff=1m0s
time=2026-08-24T15:25:01.335+02:00 level=INFO msg="kage starting" version=0.5.0-cf31e60a399b2c1ad5901d48d79db416269171f9 log_file=/home/jim/.config/kage/debug.log
time=2026-08-24T15:54:24.296+02:00 level=INFO msg="kage starting" version=0.5.0-cf31e60a399b2c1ad5901d48d79db416269171f9 log_file=/home/jim/.config/kage/debug.log
time=2026-08-24T15:59:09.694+02:00 level=INFO msg="kage starting" version=0.5.0-cf31e60a399b2c1ad5901d48d79db416269171f9 log_file=/home/jim/.config/kage/debug.log
time=2026-08-24T16:03:46.266+02:00 level=WARN msg="confirming server ack failed; marking batch failed and forcing reconnect" jid=rbdduiktozne@movim.eu batch=1 err="context deadline exceeded"
time=2026-08-24T16:03:46.274+02:00 level=WARN msg="persisting send failure" jid=rbdduiktozne@movim.eu to=qr30bqqwv50lbb3x3tau@movim.eu err="context deadline exceeded"
time=2026-08-24T16:03:46.275+02:00 level=WARN msg="account disconnected; reconnecting" jid=rbdduiktozne@movim.eu err="use of closed network connection"
time=2026-08-24T16:09:28.660+02:00 level=INFO msg="kage starting" version=0.5.0-cf31e60a399b2c1ad5901d48d79db416269171f9 log_file=/home/jim/.config/kage/debug.log
time=2026-08-24T16:10:11.646+02:00 level=INFO msg="kage starting" version=0.5.0-cf31e60a399b2c1ad5901d48d79db416269171f9 log_file=/home/jim/.config/kage/debug.log
time=2026-08-24T16:11:54.699+02:00 level=INFO msg="kage starting" version=0.5.0-cf31e60a399b2c1ad5901d48d79db416269171f9 log_file=/home/jim/.config/kage/debug.log
time=2026-08-24T16:14:12.406+02:00 level=INFO msg="kage starting" version=0.5.0-cf31e60a399b2c1ad5901d48d79db416269171f9 log_file=/home/jim/.config/kage/debug.log
time=2026-08-24T16:17:23.549+02:00 level=INFO msg="kage starting" version=0.5.0-cf31e60a399b2c1ad5901d48d79db416269171f9 log_file=/home/jim/.config/kage/debug.log
time=2026-08-24T16:17:32.236+02:00 level=INFO msg="kage starting" version=0.5.0-cf31e60a399b2c1ad5901d48d79db416269171f9 log_file=/home/jim/.config/kage/debug.log
time=2026-08-24T16:22:48.539+02:00 level=INFO msg="kage starting" version=0.5.0-cf31e60a399b2c1ad5901d48d79db416269171f9 log_file=/home/jim/.config/kage/debug.log
time=2026-08-24T16:27:57.351+02:00 level=INFO msg="kage starting" version=0.5.0-cf31e60a399b2c1ad5901d48d79db416269171f9 log_file=/home/jim/.config/kage/debug.log
time=2026-08-24T16:28:01.370+02:00 level=INFO msg="kage starting" version=0.5.0-cf31e60a399b2c1ad5901d48d79db416269171f9 log_file=/home/jim/.config/kage/debug.log
time=2026-08-24T16:28:01.395+02:00 level=INFO msg="kage starting" version=0.5.0-cf31e60a399b2c1ad5901d48d79db416269171f9 log_file=/home/jim/.config/kage/debug.log
time=2026-08-24T16:28:01.395+02:00 level=INFO msg="kage background service: starting version=0.5.0-cf31e60a399b2c1ad5901d48d79db416269171f9 for 2 account(s)"
time=2026-08-24T16:28:01.474+02:00 level=DEBUG msg="connectAccountLocal starting" jid=jimww@conversations.im
time=2026-08-24T16:28:01.474+02:00 level=DEBUG msg="connectAccountLocal starting" jid=rbdduiktozne@movim.eu
time=2026-08-24T16:28:01.474+02:00 level=DEBUG msg="local roster loaded" jid=jimww@conversations.im contacts=1
time=2026-08-24T16:28:01.474+02:00 level=DEBUG msg="local roster loaded" jid=rbdduiktozne@movim.eu contacts=3
time=2026-08-24T16:28:01.483+02:00 level=DEBUG msg="loadHistoryWindow done" jid=jimww@conversations.im peer=rbdduiktozne@movim.eu elapsed=7.526727ms messages=60 more=true
time=2026-08-24T16:28:01.483+02:00 level=DEBUG msg="connectAccountLocal done" jid=jimww@conversations.im elapsed=8.805254ms chats=1
time=2026-08-24T16:28:01.483+02:00 level=DEBUG msg="connectAccountLive starting" jid=jimww@conversations.im
time=2026-08-24T16:28:01.483+02:00 level=DEBUG msg="resolving password" jid=jimww@conversations.im
time=2026-08-24T16:28:01.483+02:00 level=DEBUG msg="loadHistoryWindow done" jid=rbdduiktozne@movim.eu peer=jimww@conversations.im elapsed=7.858476ms messages=60 more=true
time=2026-08-24T16:28:01.487+02:00 level=DEBUG msg="loadHistoryWindow done" jid=rbdduiktozne@movim.eu peer=juliya@conversations.im elapsed=4.429935ms messages=60 more=true
time=2026-08-24T16:28:01.488+02:00 level=DEBUG msg="password resolved" jid=jimww@conversations.im elapsed=5.169282ms
time=2026-08-24T16:28:01.488+02:00 level=DEBUG msg=dialing jid=jimww@conversations.im
time=2026-08-24T16:28:01.490+02:00 level=DEBUG msg="loadHistoryWindow done" jid=rbdduiktozne@movim.eu peer=qr30bqqwv50lbb3x3tau@movim.eu elapsed=2.637721ms messages=60 more=true
time=2026-08-24T16:28:01.490+02:00 level=DEBUG msg="connectAccountLocal done" jid=rbdduiktozne@movim.eu elapsed=16.281625ms chats=3
time=2026-08-24T16:28:01.491+02:00 level=DEBUG msg="connectAccountLive starting" jid=rbdduiktozne@movim.eu
time=2026-08-24T16:28:01.491+02:00 level=DEBUG msg="resolving password" jid=rbdduiktozne@movim.eu
time=2026-08-24T16:28:01.496+02:00 level=DEBUG msg="password resolved" jid=rbdduiktozne@movim.eu elapsed=5.128913ms
time=2026-08-24T16:28:01.496+02:00 level=DEBUG msg=dialing jid=rbdduiktozne@movim.eu
time=2026-08-24T16:28:01.547+02:00 level=DEBUG msg="local roster loaded" jid=rbdduiktozne@movim.eu contacts=3
time=2026-08-24T16:28:01.549+02:00 level=DEBUG msg="loadHistoryWindow done" jid=rbdduiktozne@movim.eu peer=jimww@conversations.im elapsed=2.311419ms messages=60 more=true
time=2026-08-24T16:28:01.551+02:00 level=DEBUG msg="loadHistoryWindow done" jid=rbdduiktozne@movim.eu peer=juliya@conversations.im elapsed=1.764626ms messages=60 more=true
time=2026-08-24T16:28:01.553+02:00 level=DEBUG msg="loadHistoryWindow done" jid=rbdduiktozne@movim.eu peer=qr30bqqwv50lbb3x3tau@movim.eu elapsed=1.721953ms messages=60 more=true
time=2026-08-24T16:28:01.553+02:00 level=DEBUG msg="local roster loaded" jid=jimww@conversations.im contacts=1
time=2026-08-24T16:28:01.554+02:00 level=DEBUG msg="loadHistoryWindow done" jid=jimww@conversations.im peer=rbdduiktozne@movim.eu elapsed=1.332375ms messages=60 more=true
time=2026-08-24T16:28:01.574+02:00 level=DEBUG msg="focus state updated" accountJID=rbdduiktozne@movim.eu chatAddress=jimww@conversations.im focused=true key="rbdduiktozne@movim.eu\x00jimww@conversations.im"
time=2026-08-24T16:28:01.602+02:00 level=DEBUG msg="focus state updated" accountJID=rbdduiktozne@movim.eu chatAddress=qr30bqqwv50lbb3x3tau@movim.eu focused=true key="rbdduiktozne@movim.eu\x00qr30bqqwv50lbb3x3tau@movim.eu"
time=2026-08-24T16:28:02.423+02:00 level=DEBUG msg="focus state updated" accountJID="" chatAddress="" focused=true key=""
time=2026-08-24T16:28:03.812+02:00 level=DEBUG msg="focus state updated" accountJID=rbdduiktozne@movim.eu chatAddress=qr30bqqwv50lbb3x3tau@movim.eu focused=true key="rbdduiktozne@movim.eu\x00qr30bqqwv50lbb3x3tau@movim.eu"
time=2026-08-24T16:28:04.123+02:00 level=DEBUG msg="focus state updated" accountJID="" chatAddress="" focused=true key=""
time=2026-08-24T16:28:11.022+02:00 level=DEBUG msg="focus state updated" accountJID="" chatAddress="" focused=false key=""
time=2026-08-24T16:28:13.421+02:00 level=DEBUG msg="focus state updated" accountJID="" chatAddress="" focused=true key=""
time=2026-08-24T16:28:13.656+02:00 level=DEBUG msg="focus state updated" accountJID="" chatAddress="" focused=false key=""
time=2026-08-24T16:28:13.967+02:00 level=DEBUG msg=dialed jid=rbdduiktozne@movim.eu elapsed=12.471558407s
time=2026-08-24T16:28:13.967+02:00 level=DEBUG msg="publishOwnGPGKey starting" jid=rbdduiktozne@movim.eu
time=2026-08-24T16:28:13.968+02:00 level=DEBUG msg="gpg: running" args="[--batch --export 84E78B81883125DEF4FFBD7735AE71B304C67013]" stdin_bytes=0 timeout=10s
time=2026-08-24T16:28:13.980+02:00 level=DEBUG msg="gpg: finished" args="[--batch --export 84E78B81883125DEF4FFBD7735AE71B304C67013]" elapsed=12.187002ms err=<nil>
time=2026-08-24T16:28:13.980+02:00 level=WARN msg="exporting own gpg key" err="gpg export: no key found for 84E78B81883125DEF4FFBD7735AE71B304C67013"
time=2026-08-24T16:28:13.980+02:00 level=DEBUG msg="publishOwnGPGKey done" jid=rbdduiktozne@movim.eu elapsed=12.292672ms
time=2026-08-24T16:28:13.980+02:00 level=DEBUG msg="setupOmemo starting" jid=rbdduiktozne@movim.eu
time=2026-08-24T16:28:15.285+02:00 level=DEBUG msg="makeNodeOpen: reconfigured to open access" node=urn:xmpp:omemo:2:bundles:3970042472
time=2026-08-24T16:28:16.431+02:00 level=DEBUG msg="FetchOmemoDeviceList: fetched" peer=rbdduiktozne@movim.eu count=2 devices="[3970042472 738931598]"
time=2026-08-24T16:28:16.431+02:00 level=DEBUG msg="omemo setup: local device ID and current device list" protocol=v2 jid=rbdduiktozne@movim.eu local_device=3970042472 devices="[3970042472 738931598]"
time=2026-08-24T16:28:16.431+02:00 level=DEBUG msg="omemo setup: publishing device list" protocol=v2 jid=rbdduiktozne@movim.eu devices="[3970042472 738931598]"
time=2026-08-24T16:28:17.355+02:00 level=DEBUG msg="focus state updated" accountJID="" chatAddress="" focused=true key=""
time=2026-08-24T16:28:17.660+02:00 level=DEBUG msg="makeNodeOpen: reconfigured to open access" node=urn:xmpp:omemo:2:devices
time=2026-08-24T16:28:18.388+02:00 level=DEBUG msg=dialed jid=jimww@conversations.im elapsed=16.89955655s
time=2026-08-24T16:28:18.388+02:00 level=DEBUG msg="publishOwnGPGKey starting" jid=jimww@conversations.im
time=2026-08-24T16:28:18.388+02:00 level=DEBUG msg="gpg: running" args="[--batch --export 84E78B81883125DEF4FFBD7735AE71B304C67013]" stdin_bytes=0 timeout=10s
time=2026-08-24T16:28:18.388+02:00 level=DEBUG msg="FetchOmemoDeviceList: fetched" peer=rbdduiktozne@movim.eu count=2 devices="[3970042472 738931598]"
time=2026-08-24T16:28:18.392+02:00 level=DEBUG msg="gpg: finished" args="[--batch --export 84E78B81883125DEF4FFBD7735AE71B304C67013]" elapsed=3.727745ms err=<nil>
time=2026-08-24T16:28:18.392+02:00 level=WARN msg="exporting own gpg key" err="gpg export: no key found for 84E78B81883125DEF4FFBD7735AE71B304C67013"
time=2026-08-24T16:28:18.392+02:00 level=DEBUG msg="publishOwnGPGKey done" jid=jimww@conversations.im elapsed=3.843682ms
time=2026-08-24T16:28:18.392+02:00 level=DEBUG msg="setupOmemo starting" jid=jimww@conversations.im
time=2026-08-24T16:28:19.772+02:00 level=DEBUG msg="makeNodeOpen: reconfigured to open access" node=urn:xmpp:omemo:2:bundles:454749576
time=2026-08-24T16:28:20.226+02:00 level=DEBUG msg="focus state updated" accountJID=rbdduiktozne@movim.eu chatAddress=jimww@conversations.im focused=true key="rbdduiktozne@movim.eu\x00jimww@conversations.im"
time=2026-08-24T16:28:20.316+02:00 level=DEBUG msg="makeNodeOpen: reconfigured to open access" node=eu.siacs.conversations.axolotl.bundles:1215632555
time=2026-08-24T16:28:20.317+02:00 level=DEBUG msg="FetchOmemoDeviceList: fetched" peer=jimww@conversations.im count=2 devices="[454749576 1087746059]"
time=2026-08-24T16:28:20.317+02:00 level=DEBUG msg="omemo setup: local device ID and current device list" protocol=v2 jid=jimww@conversations.im local_device=454749576 devices="[454749576 1087746059]"
time=2026-08-24T16:28:20.317+02:00 level=DEBUG msg="omemo setup: publishing device list" protocol=v2 jid=jimww@conversations.im devices="[454749576 1087746059]"
time=2026-08-24T16:28:20.836+02:00 level=DEBUG msg="focus state updated" accountJID="" chatAddress="" focused=true key=""
time=2026-08-24T16:28:20.934+02:00 level=DEBUG msg="FetchOmemoDeviceListV1: fetched" peer=rbdduiktozne@movim.eu count=4 devices="[652529220 1532489010 1215632555 281798428]"
time=2026-08-24T16:28:20.934+02:00 level=DEBUG msg="omemo setup: local device ID and current device list" protocol=v1 jid=rbdduiktozne@movim.eu local_device=1215632555 devices="[652529220 1532489010 1215632555 281798428]"
time=2026-08-24T16:28:20.934+02:00 level=DEBUG msg="omemo setup: publishing device list" protocol=v1 jid=rbdduiktozne@movim.eu devices="[652529220 1532489010 1215632555 281798428]"
time=2026-08-24T16:28:21.268+02:00 level=DEBUG msg="focus state updated" accountJID=rbdduiktozne@movim.eu chatAddress=qr30bqqwv50lbb3x3tau@movim.eu focused=true key="rbdduiktozne@movim.eu\x00qr30bqqwv50lbb3x3tau@movim.eu"
time=2026-08-24T16:28:21.653+02:00 level=DEBUG msg="makeNodeOpen: reconfigured to open access" node=urn:xmpp:omemo:2:devices
time=2026-08-24T16:28:21.737+02:00 level=DEBUG msg="focus state updated" accountJID="" chatAddress="" focused=true key=""
time=2026-08-24T16:28:22.366+02:00 level=DEBUG msg="focus state updated" accountJID=rbdduiktozne@movim.eu chatAddress=qr30bqqwv50lbb3x3tau@movim.eu focused=true key="rbdduiktozne@movim.eu\x00qr30bqqwv50lbb3x3tau@movim.eu"
time=2026-08-24T16:28:22.370+02:00 level=DEBUG msg="FetchOmemoDeviceList: fetched" peer=jimww@conversations.im count=2 devices="[454749576 1087746059]"
time=2026-08-24T16:28:23.892+02:00 level=DEBUG msg="makeNodeOpen: reconfigured to open access" node=eu.siacs.conversations.axolotl.bundles:396492910
time=2026-08-24T16:28:24.587+02:00 level=DEBUG msg="focus state updated" accountJID="" chatAddress="" focused=true key=""
time=2026-08-24T16:28:24.784+02:00 level=DEBUG msg="FetchOmemoDeviceListV1: fetched" peer=jimww@conversations.im count=2 devices="[396492910 3519373093]"
time=2026-08-24T16:28:24.784+02:00 level=DEBUG msg="omemo setup: local device ID and current device list" protocol=v1 jid=jimww@conversations.im local_device=396492910 devices="[396492910 3519373093]"
time=2026-08-24T16:28:24.784+02:00 level=DEBUG msg="omemo setup: publishing device list" protocol=v1 jid=jimww@conversations.im devices="[396492910 3519373093]"
time=2026-08-24T16:28:26.140+02:00 level=DEBUG msg="makeNodeOpen: reconfigured to open access" node=eu.siacs.conversations.axolotl.devicelist
time=2026-08-24T16:28:26.756+02:00 level=DEBUG msg="FetchOmemoDeviceListV1: fetched" peer=jimww@conversations.im count=2 devices="[396492910 3519373093]"
time=2026-08-24T16:28:26.781+02:00 level=DEBUG msg="setupOmemo done" jid=jimww@conversations.im elapsed=8.389695781s
time=2026-08-24T16:28:26.781+02:00 level=DEBUG msg="fetching live roster" jid=jimww@conversations.im
time=2026-08-24T16:28:27.580+02:00 level=DEBUG msg="makeNodeOpen: reconfigured to open access" node=eu.siacs.conversations.axolotl.devicelist
time=2026-08-24T16:28:27.580+02:00 level=DEBUG msg="live roster fetched" jid=jimww@conversations.im elapsed=798.345255ms contacts=1
time=2026-08-24T16:28:28.188+02:00 level=DEBUG msg="FetchOmemoDeviceList: fetched" peer=rbdduiktozne@movim.eu count=2 devices="[3970042472 738931598]"
time=2026-08-24T16:28:28.188+02:00 level=DEBUG msg="FetchOmemoDeviceListV1: fetched" peer=rbdduiktozne@movim.eu count=4 devices="[652529220 1532489010 1215632555 281798428]"
time=2026-08-24T16:28:28.242+02:00 level=DEBUG msg="setupOmemo done" jid=rbdduiktozne@movim.eu elapsed=14.262511776s
time=2026-08-24T16:28:28.242+02:00 level=DEBUG msg="fetching live roster" jid=rbdduiktozne@movim.eu
time=2026-08-24T16:28:28.756+02:00 level=DEBUG msg="live roster fetched" jid=rbdduiktozne@movim.eu elapsed=513.115245ms contacts=3
time=2026-08-24T16:28:28.758+02:00 level=DEBUG msg="FetchOmemoDeviceListV1: fetched" peer=rbdduiktozne@movim.eu count=4 devices="[652529220 1532489010 1215632555 281798428]"
time=2026-08-24T16:28:28.795+02:00 level=DEBUG msg="resynced omemo-v1 device list on connect" peer=rbdduiktozne@movim.eu jid=jimww@conversations.im
time=2026-08-24T16:28:28.795+02:00 level=DEBUG msg="connectAccountLive done" jid=jimww@conversations.im elapsed=27.312056032s new_chats=0
time=2026-08-24T16:28:28.795+02:00 level=DEBUG msg="syncArchive starting" jid=jimww@conversations.im
time=2026-08-24T16:28:28.795+02:00 level=DEBUG msg="received omemo device-list PEP push" protocol=v1 from="" jid=jimww@conversations.im
time=2026-08-24T16:28:28.795+02:00 level=DEBUG msg="received omemo device-list PEP push" protocol=v2 from="" jid=jimww@conversations.im
time=2026-08-24T16:28:28.795+02:00 level=DEBUG msg="received omemo device-list PEP push" protocol=v1 from=rbdduiktozne@movim.eu jid=jimww@conversations.im
time=2026-08-24T16:28:28.795+02:00 level=DEBUG msg="received omemo device-list PEP push" protocol=v2 from=rbdduiktozne@movim.eu jid=jimww@conversations.im
time=2026-08-24T16:28:28.795+02:00 level=DEBUG msg="received omemo device-list PEP push" protocol=v1 from=rbdduiktozne@movim.eu jid=jimww@conversations.im
time=2026-08-24T16:28:28.795+02:00 level=DEBUG msg="received omemo device-list PEP push" protocol=v2 from=rbdduiktozne@movim.eu jid=jimww@conversations.im
time=2026-08-24T16:28:28.796+02:00 level=DEBUG msg="received omemo device-list PEP push" protocol=v2 from="" jid=jimww@conversations.im
time=2026-08-24T16:28:28.796+02:00 level=DEBUG msg="received omemo device-list PEP push" protocol=v1 from=rbdduiktozne@movim.eu jid=jimww@conversations.im
time=2026-08-24T16:28:28.796+02:00 level=DEBUG msg="received omemo device-list PEP push" protocol=v1 from="" jid=jimww@conversations.im
time=2026-08-24T16:28:28.796+02:00 level=DEBUG msg="syncArchive: contacts to check" jid=jimww@conversations.im contacts=2
time=2026-08-24T16:28:29.436+02:00 level=DEBUG msg="FetchOmemoDeviceList: fetched" peer=jimww@conversations.im count=2 devices="[454749576 1087746059]"
time=2026-08-24T16:28:29.436+02:00 level=DEBUG msg="FetchOmemoDeviceListV1: fetched" peer=rbdduiktozne@movim.eu count=4 devices="[652529220 1532489010 1215632555 281798428]"
time=2026-08-24T16:28:29.436+02:00 level=DEBUG msg="FetchOmemoDeviceList: fetched" peer=rbdduiktozne@movim.eu count=2 devices="[3970042472 738931598]"
time=2026-08-24T16:28:29.437+02:00 level=DEBUG msg="FetchOmemoDeviceListV1: fetched" peer=rbdduiktozne@movim.eu count=4 devices="[652529220 1532489010 1215632555 281798428]"
time=2026-08-24T16:28:29.502+02:00 level=DEBUG msg="resynced omemo device list after PEP push" protocol=v2 from=rbdduiktozne@movim.eu jid=jimww@conversations.im
time=2026-08-24T16:28:29.507+02:00 level=DEBUG msg="resynced omemo device list after PEP push" protocol=v1 from=rbdduiktozne@movim.eu jid=jimww@conversations.im
time=2026-08-24T16:28:29.507+02:00 level=DEBUG msg="resynced omemo device list after PEP push" protocol=v1 from=rbdduiktozne@movim.eu jid=jimww@conversations.im
time=2026-08-24T16:28:29.638+02:00 level=DEBUG msg="FetchOmemoDeviceList: fetched" peer=rbdduiktozne@movim.eu count=2 devices="[3970042472 738931598]"
time=2026-08-24T16:28:29.639+02:00 level=DEBUG msg="FetchOmemoDeviceListV1: fetched" peer=rbdduiktozne@movim.eu count=4 devices="[652529220 1532489010 1215632555 281798428]"
time=2026-08-24T16:28:29.676+02:00 level=DEBUG msg="resynced omemo device list after PEP push" protocol=v2 from=rbdduiktozne@movim.eu jid=jimww@conversations.im
time=2026-08-24T16:28:29.693+02:00 level=DEBUG msg="resynced omemo device list after PEP push" protocol=v1 from=rbdduiktozne@movim.eu jid=jimww@conversations.im
time=2026-08-24T16:28:30.445+02:00 level=DEBUG msg="mam page fetched" jid=jimww@conversations.im peer=rbdduiktozne@movim.eu page=0 elapsed=1.649015426s after=1786145008487877 items=0 complete=false err=<nil>
time=2026-08-24T16:28:30.445+02:00 level=DEBUG msg="syncArchiveForContact done" jid=jimww@conversations.im peer=rbdduiktozne@movim.eu elapsed=1.649074652s
time=2026-08-24T16:28:30.798+02:00 level=DEBUG msg="FetchOmemoDeviceListV1: fetched" peer=jimww@conversations.im count=2 devices="[396492910 3519373093]"
time=2026-08-24T16:28:30.823+02:00 level=DEBUG msg="resynced omemo-v1 device list on connect" peer=jimww@conversations.im jid=rbdduiktozne@movim.eu
time=2026-08-24T16:28:31.175+02:00 level=DEBUG msg="mam page fetched" jid=jimww@conversations.im peer=jimww@conversations.im page=0 elapsed=730.356497ms after="" items=0 complete=false err=<nil>
time=2026-08-24T16:28:31.175+02:00 level=DEBUG msg="syncArchiveForContact done" jid=jimww@conversations.im peer=jimww@conversations.im elapsed=730.414326ms
time=2026-08-24T16:28:31.175+02:00 level=DEBUG msg="syncArchive done" jid=jimww@conversations.im elapsed=2.379873877s
time=2026-08-24T16:28:31.591+02:00 level=DEBUG msg="focus state updated" accountJID=jimww@conversations.im chatAddress=rbdduiktozne@movim.eu focused=true key="jimww@conversations.im\x00rbdduiktozne@movim.eu"
time=2026-08-24T16:28:32.138+02:00 level=DEBUG msg="focus state updated" accountJID="" chatAddress="" focused=true key=""
time=2026-08-24T16:28:32.596+02:00 level=DEBUG msg="FetchOmemoDeviceListV1: fetched" peer=juliya@conversations.im count=1 devices=[80731641]
time=2026-08-24T16:28:32.616+02:00 level=DEBUG msg="resynced omemo-v1 device list on connect" peer=juliya@conversations.im jid=rbdduiktozne@movim.eu
time=2026-08-24T16:28:33.219+02:00 level=DEBUG msg="FetchOmemoDeviceList: fetched" peer=qr30bqqwv50lbb3x3tau@movim.eu count=9 devices="[3546796710 543807001 1136287838 804539282 766575397 1069781368 3439252694 3095662882 1110435295]"
time=2026-08-24T16:28:33.917+02:00 level=DEBUG msg="FetchOmemoDeviceListV1: fetched" peer=qr30bqqwv50lbb3x3tau@movim.eu count=7 devices="[1041050623 99377310 406890504 465880925 1294895317 1689625064 1425664679]"
time=2026-08-24T16:28:33.971+02:00 level=DEBUG msg="resynced omemo-v1 device list on connect" peer=qr30bqqwv50lbb3x3tau@movim.eu jid=rbdduiktozne@movim.eu
time=2026-08-24T16:28:33.971+02:00 level=DEBUG msg="connectAccountLive done" jid=rbdduiktozne@movim.eu elapsed=32.480216339s new_chats=0
time=2026-08-24T16:28:33.971+02:00 level=DEBUG msg="syncArchive starting" jid=rbdduiktozne@movim.eu
time=2026-08-24T16:28:33.971+02:00 level=DEBUG msg="received omemo device-list PEP push" protocol=v1 from="" jid=rbdduiktozne@movim.eu
time=2026-08-24T16:28:33.971+02:00 level=DEBUG msg="syncArchive: contacts to check" jid=rbdduiktozne@movim.eu contacts=4
time=2026-08-24T16:28:33.971+02:00 level=DEBUG msg="received omemo device-list PEP push" protocol=v2 from="" jid=rbdduiktozne@movim.eu
time=2026-08-24T16:28:33.971+02:00 level=DEBUG msg="received omemo device-list PEP push" protocol=v1 from=qr30bqqwv50lbb3x3tau@movim.eu jid=rbdduiktozne@movim.eu
time=2026-08-24T16:28:33.971+02:00 level=DEBUG msg="received omemo device-list PEP push" protocol=v2 from=qr30bqqwv50lbb3x3tau@movim.eu jid=rbdduiktozne@movim.eu
time=2026-08-24T16:28:33.971+02:00 level=DEBUG msg="received omemo device-list PEP push" protocol=v1 from=juliya@conversations.im jid=rbdduiktozne@movim.eu
time=2026-08-24T16:28:33.972+02:00 level=DEBUG msg="received omemo device-list PEP push" protocol=v2 from="" jid=rbdduiktozne@movim.eu
time=2026-08-24T16:28:33.972+02:00 level=DEBUG msg="received omemo device-list PEP push" protocol=v1 from=jimww@conversations.im jid=rbdduiktozne@movim.eu
time=2026-08-24T16:28:33.972+02:00 level=DEBUG msg="received omemo device-list PEP push" protocol=v2 from=jimww@conversations.im jid=rbdduiktozne@movim.eu
time=2026-08-24T16:28:33.972+02:00 level=DEBUG msg="received omemo device-list PEP push" protocol=v2 from=jimww@conversations.im jid=rbdduiktozne@movim.eu
time=2026-08-24T16:28:33.972+02:00 level=DEBUG msg="received omemo device-list PEP push" protocol=v1 from="" jid=rbdduiktozne@movim.eu
time=2026-08-24T16:28:33.972+02:00 level=DEBUG msg="received omemo device-list PEP push" protocol=v1 from=jimww@conversations.im jid=rbdduiktozne@movim.eu
time=2026-08-24T16:28:34.858+02:00 level=DEBUG msg="received omemo device-list PEP push" protocol=v1 from=qr30bqqwv50lbb3x3tau@movim.eu jid=rbdduiktozne@movim.eu
time=2026-08-24T16:28:34.858+02:00 level=DEBUG msg="received omemo device-list PEP push" protocol=v2 from=qr30bqqwv50lbb3x3tau@movim.eu jid=rbdduiktozne@movim.eu
time=2026-08-24T16:28:35.684+02:00 level=DEBUG msg="mam page fetched" jid=rbdduiktozne@movim.eu peer=jimww@conversations.im page=0 elapsed=1.712740531s after=1786145008477310 items=0 complete=false err=<nil>
time=2026-08-24T16:28:35.684+02:00 level=DEBUG msg="syncArchiveForContact done" jid=rbdduiktozne@movim.eu peer=jimww@conversations.im elapsed=1.712792773s
time=2026-08-24T16:28:35.685+02:00 level=DEBUG msg="FetchOmemoDeviceListV1: fetched" peer=qr30bqqwv50lbb3x3tau@movim.eu count=7 devices="[1041050623 99377310 406890504 465880925 1294895317 1689625064 1425664679]"
time=2026-08-24T16:28:35.738+02:00 level=DEBUG msg="resynced omemo device list after PEP push" protocol=v1 from=qr30bqqwv50lbb3x3tau@movim.eu jid=rbdduiktozne@movim.eu
time=2026-08-24T16:28:36.194+02:00 level=DEBUG msg="FetchOmemoDeviceList: fetched" peer=qr30bqqwv50lbb3x3tau@movim.eu count=9 devices="[3546796710 543807001 1136287838 804539282 766575397 1069781368 3439252694 3095662882 1110435295]"
time=2026-08-24T16:28:36.195+02:00 level=DEBUG msg="FetchOmemoDeviceListV1: fetched" peer=juliya@conversations.im count=1 devices=[80731641]
time=2026-08-24T16:28:36.195+02:00 level=DEBUG msg="FetchOmemoDeviceListV1: fetched" peer=jimww@conversations.im count=2 devices="[396492910 3519373093]"
time=2026-08-24T16:28:36.195+02:00 level=DEBUG msg="FetchOmemoDeviceList: fetched" peer=jimww@conversations.im count=2 devices="[454749576 1087746059]"
time=2026-08-24T16:28:36.195+02:00 level=DEBUG msg="FetchOmemoDeviceList: fetched" peer=jimww@conversations.im count=2 devices="[454749576 1087746059]"
time=2026-08-24T16:28:36.195+02:00 level=DEBUG msg="FetchOmemoDeviceListV1: fetched" peer=jimww@conversations.im count=2 devices="[396492910 3519373093]"
time=2026-08-24T16:28:36.195+02:00 level=DEBUG msg="FetchOmemoDeviceListV1: fetched" peer=qr30bqqwv50lbb3x3tau@movim.eu count=7 devices="[1041050623 99377310 406890504 465880925 1294895317 1689625064 1425664679]"
time=2026-08-24T16:28:36.195+02:00 level=DEBUG msg="FetchOmemoDeviceList: fetched" peer=qr30bqqwv50lbb3x3tau@movim.eu count=9 devices="[3546796710 543807001 1136287838 804539282 766575397 1069781368 3439252694 3095662882 1110435295]"
time=2026-08-24T16:28:36.239+02:00 level=DEBUG msg="mam page fetched" jid=rbdduiktozne@movim.eu peer=rbdduiktozne@movim.eu page=0 elapsed=554.670113ms after="" items=0 complete=false err=<nil>
time=2026-08-24T16:28:36.239+02:00 level=DEBUG msg="syncArchiveForContact done" jid=rbdduiktozne@movim.eu peer=rbdduiktozne@movim.eu elapsed=554.715021ms
time=2026-08-24T16:28:36.254+02:00 level=DEBUG msg="resynced omemo device list after PEP push" protocol=v2 from=jimww@conversations.im jid=rbdduiktozne@movim.eu
time=2026-08-24T16:28:36.266+02:00 level=DEBUG msg="resynced omemo device list after PEP push" protocol=v1 from=juliya@conversations.im jid=rbdduiktozne@movim.eu
time=2026-08-24T16:28:36.283+02:00 level=DEBUG msg="resynced omemo device list after PEP push" protocol=v1 from=jimww@conversations.im jid=rbdduiktozne@movim.eu
time=2026-08-24T16:28:36.317+02:00 level=DEBUG msg="resynced omemo device list after PEP push" protocol=v1 from=jimww@conversations.im jid=rbdduiktozne@movim.eu
time=2026-08-24T16:28:36.351+02:00 level=DEBUG msg="resynced omemo device list after PEP push" protocol=v2 from=jimww@conversations.im jid=rbdduiktozne@movim.eu
time=2026-08-24T16:28:36.357+02:00 level=DEBUG msg="resynced omemo device list after PEP push" protocol=v2 from=qr30bqqwv50lbb3x3tau@movim.eu jid=rbdduiktozne@movim.eu
time=2026-08-24T16:28:36.374+02:00 level=DEBUG msg="resynced omemo device list after PEP push" protocol=v2 from=qr30bqqwv50lbb3x3tau@movim.eu jid=rbdduiktozne@movim.eu
time=2026-08-24T16:28:36.380+02:00 level=DEBUG msg="resynced omemo device list after PEP push" protocol=v1 from=qr30bqqwv50lbb3x3tau@movim.eu jid=rbdduiktozne@movim.eu
time=2026-08-24T16:28:36.996+02:00 level=DEBUG msg="focus state updated" accountJID=rbdduiktozne@movim.eu chatAddress=jimww@conversations.im focused=true key="rbdduiktozne@movim.eu\x00jimww@conversations.im"
time=2026-08-24T16:28:37.628+02:00 level=DEBUG msg="mam page fetched" jid=rbdduiktozne@movim.eu peer=juliya@conversations.im page=0 elapsed=1.388851458s after=1781027641892659 items=0 complete=false err=<nil>
time=2026-08-24T16:28:37.628+02:00 level=DEBUG msg="syncArchiveForContact done" jid=rbdduiktozne@movim.eu peer=juliya@conversations.im elapsed=1.388904748s
time=2026-08-24T16:28:37.873+02:00 level=DEBUG msg="focus state updated" accountJID="" chatAddress="" focused=true key=""
time=2026-08-24T16:28:38.231+02:00 level=DEBUG msg="focus state updated" accountJID=rbdduiktozne@movim.eu chatAddress=qr30bqqwv50lbb3x3tau@movim.eu focused=true key="rbdduiktozne@movim.eu\x00qr30bqqwv50lbb3x3tau@movim.eu"
time=2026-08-24T16:28:38.569+02:00 level=DEBUG msg="focus state updated" accountJID="" chatAddress="" focused=true key=""
time=2026-08-24T16:28:38.632+02:00 level=DEBUG msg="focus state updated" accountJID=rbdduiktozne@movim.eu chatAddress=qr30bqqwv50lbb3x3tau@movim.eu focused=true key="rbdduiktozne@movim.eu\x00qr30bqqwv50lbb3x3tau@movim.eu"
time=2026-08-24T16:28:39.576+02:00 level=DEBUG msg="focus state updated" accountJID="" chatAddress="" focused=true key=""
time=2026-08-24T16:28:40.241+02:00 level=DEBUG msg="focus state updated" accountJID=rbdduiktozne@movim.eu chatAddress=qr30bqqwv50lbb3x3tau@movim.eu focused=true key="rbdduiktozne@movim.eu\x00qr30bqqwv50lbb3x3tau@movim.eu"
time=2026-08-24T16:28:40.244+02:00 level=DEBUG msg="mam page fetched" jid=rbdduiktozne@movim.eu peer=qr30bqqwv50lbb3x3tau@movim.eu page=0 elapsed=2.616053236s after=1780827424944565 items=0 complete=false err=<nil>
time=2026-08-24T16:28:40.244+02:00 level=DEBUG msg="syncArchiveForContact done" jid=rbdduiktozne@movim.eu peer=qr30bqqwv50lbb3x3tau@movim.eu elapsed=2.616095002s
time=2026-08-24T16:28:40.244+02:00 level=DEBUG msg="syncArchive done" jid=rbdduiktozne@movim.eu elapsed=6.272703939s
time=2026-08-24T16:28:45.605+02:00 level=DEBUG msg="send: using omemo encryption" protocol=v1 jid=rbdduiktozne@movim.eu to=qr30bqqwv50lbb3x3tau@movim.eu
time=2026-08-24T16:28:45.667+02:00 level=DEBUG msg="send: omemo encrypt succeeded" protocol=v1 jid=rbdduiktozne@movim.eu to=qr30bqqwv50lbb3x3tau@movim.eu keys=10
time=2026-08-24T16:28:47.913+02:00 level=DEBUG msg="focus state updated" accountJID="" chatAddress="" focused=true key=""
time=2026-08-24T16:28:50.040+02:00 level=DEBUG msg="focus state updated" accountJID=rbdduiktozne@movim.eu chatAddress=qr30bqqwv50lbb3x3tau@movim.eu focused=true key="rbdduiktozne@movim.eu\x00qr30bqqwv50lbb3x3tau@movim.eu"
time=2026-08-24T16:29:15.470+02:00 level=DEBUG msg="focus state updated" accountJID=rbdduiktozne@movim.eu chatAddress=qr30bqqwv50lbb3x3tau@movim.eu focused=false key="rbdduiktozne@movim.eu\x00qr30bqqwv50lbb3x3tau@movim.eu"
time=2026-08-24T16:29:37.796+02:00 level=DEBUG msg="focus state updated" accountJID=rbdduiktozne@movim.eu chatAddress=qr30bqqwv50lbb3x3tau@movim.eu focused=true key="rbdduiktozne@movim.eu\x00qr30bqqwv50lbb3x3tau@movim.eu"
time=2026-08-24T16:29:38.903+02:00 level=DEBUG msg="focus state updated" accountJID="" chatAddress="" focused=true key=""
time=2026-08-24T16:29:44.744+02:00 level=DEBUG msg="focus state updated" accountJID=rbdduiktozne@movim.eu chatAddress=qr30bqqwv50lbb3x3tau@movim.eu focused=true key="rbdduiktozne@movim.eu\x00qr30bqqwv50lbb3x3tau@movim.eu"
time=2026-08-24T16:29:59.693+02:00 level=DEBUG msg="focus state updated" accountJID="" chatAddress="" focused=true key=""
time=2026-08-24T16:30:01.165+02:00 level=DEBUG msg="focus state updated" accountJID="" chatAddress="" focused=false key=""
time=2026-08-24T16:30:02.719+02:00 level=DEBUG msg="focus state updated" accountJID="" chatAddress="" focused=true key=""
time=2026-08-24T16:30:03.287+02:00 level=DEBUG msg="focus state updated" accountJID=rbdduiktozne@movim.eu chatAddress=qr30bqqwv50lbb3x3tau@movim.eu focused=true key="rbdduiktozne@movim.eu\x00qr30bqqwv50lbb3x3tau@movim.eu"
time=2026-08-24T16:30:58.123+02:00 level=DEBUG msg="received omemo device-list PEP push" protocol=v2 from=qr30bqqwv50lbb3x3tau@movim.eu jid=rbdduiktozne@movim.eu
time=2026-08-24T16:30:58.123+02:00 level=DEBUG msg="received omemo device-list PEP push" protocol=v1 from=qr30bqqwv50lbb3x3tau@movim.eu jid=rbdduiktozne@movim.eu
time=2026-08-24T16:30:58.765+02:00 level=DEBUG msg="FetchOmemoDeviceListV1: fetched" peer=qr30bqqwv50lbb3x3tau@movim.eu count=7 devices="[1041050623 99377310 406890504 465880925 1294895317 1689625064 1425664679]"
time=2026-08-24T16:30:58.819+02:00 level=DEBUG msg="resynced omemo device list after PEP push" protocol=v1 from=qr30bqqwv50lbb3x3tau@movim.eu jid=rbdduiktozne@movim.eu
time=2026-08-24T16:30:59.132+02:00 level=DEBUG msg="FetchOmemoDeviceList: fetched" peer=qr30bqqwv50lbb3x3tau@movim.eu count=9 devices="[3546796710 543807001 1136287838 804539282 766575397 1069781368 3439252694 3095662882 1110435295]"
time=2026-08-24T16:30:59.198+02:00 level=DEBUG msg="resynced omemo device list after PEP push" protocol=v2 from=qr30bqqwv50lbb3x3tau@movim.eu jid=rbdduiktozne@movim.eu
time=2026-08-24T16:31:03.662+02:00 level=DEBUG msg="received omemo message" from=qr30bqqwv50lbb3x3tau@movim.eu/166801493050021520530115202 jid=rbdduiktozne@movim.eu
time=2026-08-24T16:31:03.672+02:00 level=DEBUG msg="omemo message decrypted successfully" from=qr30bqqwv50lbb3x3tau@movim.eu/166801493050021520530115202
time=2026-08-24T16:31:03.679+02:00 level=DEBUG msg="notify decision" incomingKey="rbdduiktozne@movim.eu\x00qr30bqqwv50lbb3x3tau@movim.eu" tuiFocused=true tuiActiveChat="rbdduiktozne@movim.eu\x00qr30bqqwv50lbb3x3tau@movim.eu" chatIsFocused=true notifyEnabled=true decryptFailed=false outgoing=false
time=2026-08-24T16:31:08.661+02:00 level=DEBUG msg="received omemo message" from=qr30bqqwv50lbb3x3tau@movim.eu/166801493050021520530115202 jid=rbdduiktozne@movim.eu
time=2026-08-24T16:31:08.667+02:00 level=DEBUG msg="omemo message decrypted successfully" from=qr30bqqwv50lbb3x3tau@movim.eu/166801493050021520530115202
time=2026-08-24T16:31:08.673+02:00 level=DEBUG msg="notify decision" incomingKey="rbdduiktozne@movim.eu\x00qr30bqqwv50lbb3x3tau@movim.eu" tuiFocused=true tuiActiveChat="rbdduiktozne@movim.eu\x00qr30bqqwv50lbb3x3tau@movim.eu" chatIsFocused=true notifyEnabled=true decryptFailed=false outgoing=false
time=2026-08-24T16:31:30.266+02:00 level=DEBUG msg="received omemo message" from=qr30bqqwv50lbb3x3tau@movim.eu/166801493050021520530115202 jid=rbdduiktozne@movim.eu
time=2026-08-24T16:31:30.280+02:00 level=DEBUG msg="omemo message decrypted successfully" from=qr30bqqwv50lbb3x3tau@movim.eu/166801493050021520530115202
time=2026-08-24T16:31:30.286+02:00 level=DEBUG msg="notify decision" incomingKey="rbdduiktozne@movim.eu\x00qr30bqqwv50lbb3x3tau@movim.eu" tuiFocused=true tuiActiveChat="rbdduiktozne@movim.eu\x00qr30bqqwv50lbb3x3tau@movim.eu" chatIsFocused=true notifyEnabled=true decryptFailed=false outgoing=false
time=2026-08-24T16:32:43.905+02:00 level=DEBUG msg="send: using omemo encryption" protocol=v1 jid=rbdduiktozne@movim.eu to=qr30bqqwv50lbb3x3tau@movim.eu
time=2026-08-24T16:32:43.973+02:00 level=DEBUG msg="send: omemo encrypt succeeded" protocol=v1 jid=rbdduiktozne@movim.eu to=qr30bqqwv50lbb3x3tau@movim.eu keys=10
time=2026-08-24T16:32:57.808+02:00 level=DEBUG msg="send: using omemo encryption" protocol=v1 jid=rbdduiktozne@movim.eu to=qr30bqqwv50lbb3x3tau@movim.eu
time=2026-08-24T16:32:57.875+02:00 level=DEBUG msg="send: omemo encrypt succeeded" protocol=v1 jid=rbdduiktozne@movim.eu to=qr30bqqwv50lbb3x3tau@movim.eu keys=10
time=2026-08-24T16:33:02.667+02:00 level=DEBUG msg="send: using omemo encryption" protocol=v1 jid=rbdduiktozne@movim.eu to=qr30bqqwv50lbb3x3tau@movim.eu
time=2026-08-24T16:33:02.735+02:00 level=DEBUG msg="send: omemo encrypt succeeded" protocol=v1 jid=rbdduiktozne@movim.eu to=qr30bqqwv50lbb3x3tau@movim.eu keys=10
time=2026-08-24T16:33:08.501+02:00 level=DEBUG msg="focus state updated" accountJID=rbdduiktozne@movim.eu chatAddress=qr30bqqwv50lbb3x3tau@movim.eu focused=false key="rbdduiktozne@movim.eu\x00qr30bqqwv50lbb3x3tau@movim.eu"
time=2026-08-24T16:33:16.507+02:00 level=DEBUG msg="focus state updated" accountJID=rbdduiktozne@movim.eu chatAddress=qr30bqqwv50lbb3x3tau@movim.eu focused=true key="rbdduiktozne@movim.eu\x00qr30bqqwv50lbb3x3tau@movim.eu"
time=2026-08-24T16:33:18.194+02:00 level=DEBUG msg="received omemo message" from=qr30bqqwv50lbb3x3tau@movim.eu/166801493050021520530115202 jid=rbdduiktozne@movim.eu
time=2026-08-24T16:33:18.209+02:00 level=DEBUG msg="omemo message decrypted successfully" from=qr30bqqwv50lbb3x3tau@movim.eu/166801493050021520530115202
time=2026-08-24T16:33:18.215+02:00 level=DEBUG msg="notify decision" incomingKey="rbdduiktozne@movim.eu\x00qr30bqqwv50lbb3x3tau@movim.eu" tuiFocused=true tuiActiveChat="rbdduiktozne@movim.eu\x00qr30bqqwv50lbb3x3tau@movim.eu" chatIsFocused=true notifyEnabled=true decryptFailed=false outgoing=false
time=2026-08-24T16:33:27.462+02:00 level=DEBUG msg="send: using omemo encryption" protocol=v1 jid=rbdduiktozne@movim.eu to=qr30bqqwv50lbb3x3tau@movim.eu
time=2026-08-24T16:33:27.530+02:00 level=DEBUG msg="send: omemo encrypt succeeded" protocol=v1 jid=rbdduiktozne@movim.eu to=qr30bqqwv50lbb3x3tau@movim.eu keys=10
time=2026-08-24T16:33:28.007+02:00 level=DEBUG msg="focus state updated" accountJID="" chatAddress="" focused=true key=""
time=2026-08-24T16:33:28.273+02:00 level=DEBUG msg="focus state updated" accountJID=rbdduiktozne@movim.eu chatAddress=qr30bqqwv50lbb3x3tau@movim.eu focused=true key="rbdduiktozne@movim.eu\x00qr30bqqwv50lbb3x3tau@movim.eu"
time=2026-08-24T16:33:30.310+02:00 level=DEBUG msg="received omemo message" from=qr30bqqwv50lbb3x3tau@movim.eu/166801493050021520530115202 jid=rbdduiktozne@movim.eu
time=2026-08-24T16:33:30.317+02:00 level=DEBUG msg="omemo message decrypted successfully" from=qr30bqqwv50lbb3x3tau@movim.eu/166801493050021520530115202
time=2026-08-24T16:33:30.323+02:00 level=DEBUG msg="notify decision" incomingKey="rbdduiktozne@movim.eu\x00qr30bqqwv50lbb3x3tau@movim.eu" tuiFocused=true tuiActiveChat="rbdduiktozne@movim.eu\x00qr30bqqwv50lbb3x3tau@movim.eu" chatIsFocused=true notifyEnabled=true decryptFailed=false outgoing=false
time=2026-08-24T16:33:38.584+02:00 level=DEBUG msg="focus state updated" accountJID=rbdduiktozne@movim.eu chatAddress=qr30bqqwv50lbb3x3tau@movim.eu focused=false key="rbdduiktozne@movim.eu\x00qr30bqqwv50lbb3x3tau@movim.eu"
time=2026-08-24T16:33:39.257+02:00 level=DEBUG msg="received omemo message" from=qr30bqqwv50lbb3x3tau@movim.eu/166801493050021520530115202 jid=rbdduiktozne@movim.eu
time=2026-08-24T16:33:39.263+02:00 level=DEBUG msg="omemo message decrypted successfully" from=qr30bqqwv50lbb3x3tau@movim.eu/166801493050021520530115202
time=2026-08-24T16:33:39.269+02:00 level=DEBUG msg="notify decision" incomingKey="rbdduiktozne@movim.eu\x00qr30bqqwv50lbb3x3tau@movim.eu" tuiFocused=false tuiActiveChat="rbdduiktozne@movim.eu\x00qr30bqqwv50lbb3x3tau@movim.eu" chatIsFocused=false notifyEnabled=true decryptFailed=false outgoing=false
time=2026-08-24T16:33:39.908+02:00 level=DEBUG msg="focus state updated" accountJID=rbdduiktozne@movim.eu chatAddress=qr30bqqwv50lbb3x3tau@movim.eu focused=true key="rbdduiktozne@movim.eu\x00qr30bqqwv50lbb3x3tau@movim.eu"
time=2026-08-24T16:33:43.859+02:00 level=DEBUG msg="send: using omemo encryption" protocol=v1 jid=rbdduiktozne@movim.eu to=qr30bqqwv50lbb3x3tau@movim.eu
time=2026-08-24T16:33:43.936+02:00 level=DEBUG msg="send: omemo encrypt succeeded" protocol=v1 jid=rbdduiktozne@movim.eu to=qr30bqqwv50lbb3x3tau@movim.eu keys=10
time=2026-08-24T16:33:43.957+02:00 level=DEBUG msg="focus state updated" accountJID=rbdduiktozne@movim.eu chatAddress=qr30bqqwv50lbb3x3tau@movim.eu focused=false key="rbdduiktozne@movim.eu\x00qr30bqqwv50lbb3x3tau@movim.eu"
time=2026-08-24T16:34:05.872+02:00 level=DEBUG msg="focus state updated" accountJID=rbdduiktozne@movim.eu chatAddress=qr30bqqwv50lbb3x3tau@movim.eu focused=true key="rbdduiktozne@movim.eu\x00qr30bqqwv50lbb3x3tau@movim.eu"
time=2026-08-24T16:34:08.637+02:00 level=DEBUG msg="focus state updated" accountJID=rbdduiktozne@movim.eu chatAddress=qr30bqqwv50lbb3x3tau@movim.eu focused=false key="rbdduiktozne@movim.eu\x00qr30bqqwv50lbb3x3tau@movim.eu"
time=2026-08-24T16:34:23.710+02:00 level=DEBUG msg="received omemo message" from=qr30bqqwv50lbb3x3tau@movim.eu/Conversations.p2M3fstKHH jid=rbdduiktozne@movim.eu
time=2026-08-24T16:34:23.724+02:00 level=DEBUG msg="omemo message decrypted successfully" from=qr30bqqwv50lbb3x3tau@movim.eu/Conversations.p2M3fstKHH
time=2026-08-24T16:34:23.730+02:00 level=DEBUG msg="notify decision" incomingKey="rbdduiktozne@movim.eu\x00qr30bqqwv50lbb3x3tau@movim.eu" tuiFocused=false tuiActiveChat="rbdduiktozne@movim.eu\x00qr30bqqwv50lbb3x3tau@movim.eu" chatIsFocused=false notifyEnabled=true decryptFailed=false outgoing=false
time=2026-08-24T16:34:30.621+02:00 level=DEBUG msg="received omemo message" from=qr30bqqwv50lbb3x3tau@movim.eu/Conversations.p2M3fstKHH jid=rbdduiktozne@movim.eu
time=2026-08-24T16:34:30.627+02:00 level=DEBUG msg="omemo message decrypted successfully" from=qr30bqqwv50lbb3x3tau@movim.eu/Conversations.p2M3fstKHH
time=2026-08-24T16:34:30.633+02:00 level=DEBUG msg="notify decision" incomingKey="rbdduiktozne@movim.eu\x00qr30bqqwv50lbb3x3tau@movim.eu" tuiFocused=false tuiActiveChat="rbdduiktozne@movim.eu\x00qr30bqqwv50lbb3x3tau@movim.eu" chatIsFocused=false notifyEnabled=true decryptFailed=false outgoing=false
time=2026-08-24T16:34:31.268+02:00 level=DEBUG msg="focus state updated" accountJID=rbdduiktozne@movim.eu chatAddress=qr30bqqwv50lbb3x3tau@movim.eu focused=true key="rbdduiktozne@movim.eu\x00qr30bqqwv50lbb3x3tau@movim.eu"
time=2026-08-24T16:34:36.817+02:00 level=DEBUG msg="send: using omemo encryption" protocol=v1 jid=rbdduiktozne@movim.eu to=qr30bqqwv50lbb3x3tau@movim.eu
time=2026-08-24T16:34:36.890+02:00 level=DEBUG msg="send: omemo encrypt succeeded" protocol=v1 jid=rbdduiktozne@movim.eu to=qr30bqqwv50lbb3x3tau@movim.eu keys=10
time=2026-08-24T16:34:43.921+02:00 level=DEBUG msg="received omemo device-list PEP push" protocol=v2 from=qr30bqqwv50lbb3x3tau@movim.eu jid=rbdduiktozne@movim.eu
time=2026-08-24T16:34:44.222+02:00 level=DEBUG msg="received omemo device-list PEP push" protocol=v1 from=qr30bqqwv50lbb3x3tau@movim.eu jid=rbdduiktozne@movim.eu
time=2026-08-24T16:34:44.521+02:00 level=DEBUG msg="FetchOmemoDeviceList: fetched" peer=qr30bqqwv50lbb3x3tau@movim.eu count=9 devices="[3546796710 543807001 1136287838 804539282 766575397 1069781368 3439252694 3095662882 1110435295]"
time=2026-08-24T16:34:44.591+02:00 level=DEBUG msg="resynced omemo device list after PEP push" protocol=v2 from=qr30bqqwv50lbb3x3tau@movim.eu jid=rbdduiktozne@movim.eu
time=2026-08-24T16:34:44.840+02:00 level=DEBUG msg="FetchOmemoDeviceListV1: fetched" peer=qr30bqqwv50lbb3x3tau@movim.eu count=7 devices="[1041050623 99377310 406890504 465880925 1294895317 1689625064 1425664679]"
time=2026-08-24T16:34:44.893+02:00 level=DEBUG msg="resynced omemo device list after PEP push" protocol=v1 from=qr30bqqwv50lbb3x3tau@movim.eu jid=rbdduiktozne@movim.eu
time=2026-08-24T16:34:50.452+02:00 level=DEBUG msg="send: using omemo encryption" protocol=v1 jid=rbdduiktozne@movim.eu to=qr30bqqwv50lbb3x3tau@movim.eu
time=2026-08-24T16:34:50.520+02:00 level=DEBUG msg="send: omemo encrypt succeeded" protocol=v1 jid=rbdduiktozne@movim.eu to=qr30bqqwv50lbb3x3tau@movim.eu keys=10
time=2026-08-24T16:35:02.109+02:00 level=DEBUG msg="focus state updated" accountJID=rbdduiktozne@movim.eu chatAddress=qr30bqqwv50lbb3x3tau@movim.eu focused=false key="rbdduiktozne@movim.eu\x00qr30bqqwv50lbb3x3tau@movim.eu"
